Date,Real Volume,Circulating Marketcap,Adjusted NVT,Circulating Supply,Active Addresses Count,Average Transfer Value,Transactions Count,Transactions Transfer Count,Reddit Subscribers,Reddit Active Users
2022-05-15,16165092.28,3571136857,,690837736.4,,,,,,
2022-05-14,21573124.4,3542122995,286.6582246,690836284.5,959,15669.3727,1309,1415,,
2022-05-13,30040979.69,3216793497,42.73138031,690835884.5,1173,95699.93271,1661,1755,,
2022-05-12,54898276.97,3379507748,81.03590933,690684447.8,1354,34515.13984,1973,2078,,
2022-05-11,76125185.48,4192296025,144.9675804,690684041.7,1117,27314.51089,1697,1834,,
2022-05-10,40866886.08,4112854168,222.9459161,690676383,893,23764.45381,1333,1447,,
2022-05-09,57359406.96,4902508770,180.8622328,690675583,940,30901.59861,1332,1454,,
2022-05-08,20098543,4952811904,386.2969545,690664802.4,861,21214.6611,1080,1251,,
2022-05-07,33664332.22,5238411226,784.2892152,690664013.6,593,11362.72924,827,896,,
2022-05-06,46737410.83,5074645617,218.611855,690663613.6,706,37038.12406,979,1054,,
2022-05-05,45861151.45,5481575041,363.1465828,690663124.4,641,24180.3517,965,1036,,
2022-05-04,39790148.37,4735388099,94.67125539,690661122.8,710,75116.08231,1161,1245,,
2022-05-03,20317220.48,4786993746,382.6425915,690829835,710,28271.53974,726,839,,
2022-05-02,22644095.58,4914963446,340.9088472,690829835,663,33173.96669,855,970,,
2022-05-01,28580399.07,4664983432,501.0527598,690829035,577,23363.03786,798,891,,
2022-04-30,45263902.48,5268826513,265.1566802,690825547.4,711,24394.94779,1181,1348,,
2022-04-29,12732655.44,5652911571,435.9663051,690823947.4,825,20474.52394,937,1089,,
2022-04-28,16465074.42,5686240673,1169.209842,690822345.9,710,9973.78808,791,886,,
2022-04-27,18489977.4,5529843210,951.516294,690820745.9,677,12333.72838,774,839,,
2022-04-26,21850722.73,6034250032,595.5097329,690569823.2,695,24486.41467,759,855,,
2022-04-25,24122614.33,6017894255,666.1418723,690503674.5,686,8798.233162,2030,2095,,
2022-04-24,17604032.56,6152019587,468.5215236,690502010.1,628,37404.84068,679,744,,
2022-04-23,24496923.23,6152405257,269.441287,690501203.7,553,46392.89094,773,836,,
2022-04-22,30684705.96,6114601354,445.2261989,690500003.7,835,22603.45704,934,1110,,
2022-04-21,42977092.13,6436101730,412.7871141,690500003.7,643,29419.95389,824,946,,
2022-04-20,28147443.91,6589962769,963.7362981,690496924.9,589,16008.29805,687,721,,
2022-04-19,22179375.59,6476193045,415.0350229,689708725.9,641,56184.70086,669,736,,
2022-04-18,29129240.62,6373226074,644.8545587,689707920.8,720,22228.40679,832,902,,
2022-04-17,19136419.76,6669775688,611.9285175,689650874.5,687,27040.38572,705,821,,
2022-04-16,16116165.88,6739822735,1686.556305,689650074.5,634,12036.31811,602,727,,
2022-04-15,39093157.03,6531225405,165.1798841,689097850.1,595,73290.05984,821,882,,
2022-04-14,30281751.79,6654027727,474.3912529,689096249.3,714,26179.55784,868,922,61880,25
2022-04-13,45872807.36,6423750033,842.2461202,689094649.1,639,21557.09896,749,808,61872,24
2022-04-12,40242052.89,6195141992,1279.708952,689094248.2,644,14781.17065,669,743,61863,31
2022-04-11,61315418.58,6815125784,754.2392422,689039185.1,690,18239.01752,754,829,61853,28
2022-04-10,38176401.55,6926320193,1204.057977,689039183.4,736,12105.49729,724,882,61833,25
2022-04-09,37913240.28,6720023166,1011.738735,688989032,705,16323.14143,728,840,61822,22
2022-04-08,68560728.48,7192884814,196.4858532,688934621,918,58873.16158,1143,1234,61809,23
2022-04-07,61198887.6,6859048515,408.1621666,688934621,683,43330.67858,815,913,61788,24
2022-04-06,117706684.7,7659975857,240.98057,689040393.4,793,42444.01335,1077,1230,61768,28
2022-04-05,68553091.91,7962205531,266.6121563,689035869.8,668,53632.47584,822,874,61756,26
2022-04-04,129526344.6,8179464160,381.8092334,689035048.7,791,32145.48443,1119,1200,61729,18
2022-04-03,94818294.1,8031541573,672.8060878,689034648,648,24670.31129,831,954,61708,25
2022-04-02,138630273.2,7980744993,443.2120604,689032511.6,689,32774.73184,961,1038,61690,25
2022-04-01,62643268.72,7773515421,432.1376673,689262524.2,710,32021.62226,865,928,61681,34
2022-03-31,178834540.5,8082081144,246.5474428,689198846.2,1030,34580.1234,1493,1642,61666,33
2022-03-30,135266944.8,7752662761,317.5650545,689197245.1,966,31934.36251,1383,1475,,
2022-03-29,122107909.4,7519113990,423.9870327,689061176,924,25217.73175,1221,1345,,
2022-03-28,122073495,7860609249,334.8003077,689060376,966,30435.99247,1252,1360,61611,44
2022-03-27,91461063.99,7326896970,583.1815139,689004870.8,849,21990.84858,1021,1197,61598,25
2022-03-26,51421043.16,7292489722,646.570646,689002870.7,814,20962.97842,913,1031,61581,38
2022-03-25,110474888.9,7435150527,305.0959807,688999661.5,889,31068.47897,1254,1354,61566,21
2022-03-24,46653375.36,7084307745,184.8845305,688974872.6,985,51039.62742,1344,1470,61551,38
2022-03-23,50681040.98,6718107596,630.7608522,688948391.7,848,16385.27511,1066,1161,61533,27
2022-03-22,101296736.5,6428012650,236.3699182,687540660.7,976,36694.08058,1137,1343,61522,30
2022-03-21,73067931.6,6414957800,318.8184159,687539795.4,989,26084.59099,1136,1220,61506,23
2022-03-20,62089028.09,6695568756,1295.003859,687535390.6,877,8256.000482,935,1094,61496,24
2022-03-19,114608187.2,6622507031,280.8030525,687403863.1,797,36999.03172,1005,1098,61480,53
2022-03-18,72449451.52,6347040861,479.9266431,687319317.7,846,21439.44396,1011,1067,61463,28
2022-03-17,57053131.71,6254636161,872.7695104,687318091.9,754,14197.34229,898,979,61454,38
2022-03-16,83504855.78,5995014777,589.9882897,687246518.6,848,16539.87048,954,1104,61446,31
2022-03-15,46129546.67,5833207602,729.4275321,687246115.7,1198,10433.21284,1303,1406,61433,31
2022-03-14,48268378.43,5636312085,853.0560607,687244915.7,732,13590.67,821,902,61413,33
2022-03-13,40755223.81,5817257722,983.6749162,687243714.9,794,10819.28862,865,970,61398,29
2022-03-12,42904466.29,5846188208,1042.170986,687243292.6,888,8465.204493,974,1082,61384,42
2022-03-11,71990086.36,5967231201,748.3381635,687242492.5,823,13340.27228,967,1076,61375,39
2022-03-10,60306143.69,6337327700,845.672255,687240089.8,767,15459.36337,914,988,61357,33
2022-03-09,78509576.98,6060470620,305.0493847,687212083.1,1102,24939.15932,1347,1457,61350,31
2022-03-08,63674265.91,5709431565,559.5218353,687196584.4,968,17753.99207,1082,1244,61329,25
2022-03-07,61470355.28,5825646508,286.0223709,687180113.2,885,31760.59962,1055,1162,61317,26
2022-03-06,51441875.33,6197831468,1025.773113,687179313.1,753,11394.16046,849,962,61292,31
2022-03-05,38975849.34,6045331682,967.5685192,687176355.5,706,15516.03968,763,858,61281,25
2022-03-04,63693401.1,6559610466,649.9153952,686374354.5,808,15488.32835,877,944,61260,24
2022-03-03,55979369.63,6898792227,419.1598493,686371554.5,825,28071.50785,869,938,61250,26
2022-03-02,82117209.14,7117974192,342.0628271,686808993.4,1149,23697.10901,1134,1427,61221,28
2022-03-01,116108689.8,7237615085,337.6123485,686728193.4,1093,30495.85621,1436,1572,61205,31
2022-02-28,155035160.2,6713726252,141.7814125,686699768.3,1148,48242.55095,1479,1726,61187,27
2022-02-27,161656268.7,6223303400,593.1549876,686698168.2,1211,11667.69891,1707,1886,61167,53
2022-02-26,48494702.26,5852181621,18.28091531,632549437.6,1060,422831.8408,1056,1170,61158,62
2022-02-25,47723170.43,5580805773,111.4508353,632549037.6,1026,69232.46308,1126,1243,61144,44
2022-02-24,138519336.5,5530366272,273.7446221,632547037.6,1006,28487.06335,1327,1470,61136,41
2022-02-23,60834879.68,5612687320,832.1824867,632545837.6,749,13525.08518,863,931,61112,62
2022-02-22,71841774.65,5394609219,329.1027254,632545437.6,932,29393.13647,1064,1160,61086,82
2022-02-21,78609911.8,5919689467,762.8642755,632544637.6,769,15789.95477,894,974,61081,67
2022-02-20,52688493.22,6341018716,259.4898918,632543837.3,927,45298.3063,1024,1121,61074,60
2022-02-19,42187639.37,6428467779,1429.930378,632541837.3,881,8181.919902,907,974,61056,81
2022-02-18,51776179.02,6583605581,462.2608565,632541437.3,760,28617.50045,864,920,61016,46
2022-02-17,59554169.69,7104294373,530.1124182,632459499.9,910,20975.5961,962,1106,60984,60
2022-02-16,67542405.34,7258049870,725.8893566,632257016.9,806,23168.51089,969,1088,60976,57
2022-02-15,59320427.92,6714194423,738.6285328,632255416.9,985,16090.59911,1189,1295,60961,48
2022-02-14,37983401.12,6540232619,841.7059042,632255016.9,1127,11790.61863,1358,1481,60941,73
2022-02-13,37632856.51,6727672145,882.5709087,632253816.9,959,12446.52428,1067,1178,60923,72
2022-02-12,44964138.26,6734210475,646.006592,632252215.7,900,20400.44005,994,1117,60908,59
2022-02-11,63136201.65,7205780650,279.6526232,631451815.7,1010,35724.43789,1290,1435,60898,57
2022-02-10,134796234.2,7786608082,619.7102063,631420607.8,926,19054.90358,1115,1219,60881,52
2022-02-09,127884336.8,7544060279,406.9621564,631409407.8,941,29813.13437,1279,1397,60862,86
2022-02-08,195610561.6,7814151085,293.5928516,631407807.6,996,33592.99672,1281,1383,60834,77
2022-02-07,239307542,7383001997,270.857416,631207407.6,925,44033.14779,1357,1438,60820,72
2022-02-06,97975301.19,7116057576,719.94341,631107007.6,874,19100.81224,1016,1172,60788,52
2022-02-05,165777178.5,7034839699,297.2705425,631005007.6,975,35656.32082,1342,1483,60760,85
2022-02-04,148725900.3,6565535563,202.5941007,631002207.6,936,56862.31971,1229,1378,60738,69
2022-02-03,129923671.3,6637131401,322.8333809,630800206.7,922,34121.56506,985,1177,60686,72
2022-02-02,124149957.4,7011559339,432.563373,630697406.7,760,31387.16818,956,1041,60656,53
2022-02-01,159271292.7,7410089703,202.0989794,628596206.7,825,57095.10222,1065,1160,60610,57
2022-01-31,126022241.8,6772816810,224.7234497,627593806.7,836,67434.44952,1147,1246,60570,58
2022-01-30,93119554.94,7001465945,770.9961882,627593406.7,724,22968.61514,817,880,60547,52
2022-01-29,108008587.5,6696263824,549.6707181,627479384.1,760,25752.71762,908,968,60518,59
2022-01-28,82186509.48,6453886377,191.5150522,627476984.1,865,76784.01512,1013,1092,60498,62
2022-01-27,147867205.8,6628974030,261.1040903,627323718.1,811,47041.94395,1027,1099,60469,36
2022-01-26,110550718.5,6634515904,359.0934122,627323318.1,888,35958.52841,1100,1159,60438,72
2022-01-25,59581777.79,6700763343,642.7675891,627322118.1,978,16973.88229,1075,1145,60425,76
2022-01-24,183203210.2,7166618144,209.5914218,627320517.9,1215,33775.04036,1663,1896,60399,52
2022-01-23,202161353.6,6990141698,271.5116996,627672468.4,1012,40708.42613,1177,1292,60370,94
2022-01-22,267376058,7943356391,124.335719,627310101.7,1380,47899.91633,1932,2179,60339,74
2022-01-21,194516888.6,9067470615,413.5023319,627301984.3,1060,25563.61469,1352,1487,60317,67
2022-01-20,175949792.9,9498967714,335.5276654,627300767,1000,34985.67761,1251,1385,60298,86
2022-01-19,112220511.3,10035588022,222.8159372,627299966.2,984,80068.52207,1179,1300,60271,111
2022-01-18,214882469.9,10443359231,424.3144632,627299566,1044,36005.31555,1430,1660,60241,100
2022-01-17,153395725.4,11182906986,613.02263,627297566,940,29181.64181,1098,1186,60183,110
2022-01-16,202658598.3,10339205443,344.6925993,627295565.3,991,43809.76822,1427,1568,60142,50
2022-01-15,103373282.1,9952267553,667.8191565,627294364,816,31475.7622,948,1050,60096,82
2022-01-14,90262158.1,9674018448,957.0244963,627292763.4,881,22085.76097,916,1003,60066,84
2022-01-13,118379867,10209847376,682.7900236,627290351.8,943,28409.55949,1072,1162,60033,89
2022-01-12,110059545.6,10020978481,1202.569504,627289151.8,878,16116.40901,997,1087,60000,95
2022-01-11,136878390.8,9470014519,662.1315749,627287536.6,898,27444.4268,1037,1112,59943,90
2022-01-10,221084503.5,9910288931,282.1841743,627285936.6,902,50497.09095,1221,1313,59906,100
2022-01-09,122158832.1,9366812895,839.8929891,627283935.7,973,19210.03776,1152,1236,59855,102
2022-01-08,125916490.3,9875615437,177.0005401,627280735.7,1032,67993.84914,1249,1352,59816,58
2022-01-07,2047882661,10719717039,448.8173232,627277133.4,1278,31142.75665,1422,1532,59777,77
2022-01-06,163148797,10736211221,378.8386342,627275920.5,1189,39454.96836,1518,1659,59739,116
2022-01-05,268990392,11422052020,134.3802402,627273517.4,1193,86442.08963,1687,1827,59689,55
2022-01-04,152548987.4,11581328762,248.6026491,627270917.4,1178,57671.61058,1500,1617,59628,109
2022-01-03,152799488.3,11582272075,230.1411565,627270117.4,1153,58703.76376,1578,1705,59563,110
2022-01-02,82629196,10948974285,649.5023566,627267711.3,1013,27323.14958,1227,1350,59522,109
2022-01-01,74848966.83,10669223157,454.2466924,627265711.3,1072,38200.19822,1369,1502,59446,139
2021-12-31,152349924.6,11167368743,218.3467704,627264909.9,1382,50640.24397,1880,2106,59413,67
2021-12-30,100664547.4,10728681920,425.7027999,627263301.3,1346,30512.37603,1660,1839,59371,79
2021-12-29,223485149.4,11577405433,90.96187886,628517929.9,1193,101193.8688,1860,2019,59323,86
2021-12-28,254572222.8,11996413708,242.6270324,628515929.9,1321,44400.44559,2152,2364,59283,72
2021-12-27,186867290,11739860320,274.0871618,628512669.4,1658,36986.04542,2195,2461,59250,115
2021-12-26,132552357.2,10986454152,570.4451209,628508992.8,1319,24121.55843,1771,2026,59208,110
2021-12-25,82519639.76,10971208194,297.4894699,627989134,989,50168.28929,1261,1483,59167,80
2021-12-24,148214783.8,11406193051,433.356442,627973179.4,1273,29006.22613,1630,1873,59146,111
2021-12-23,230588383.5,10186119945,93.70681145,627971977.7,1304,123992.707,1946,2233,59112,78
2021-12-22,122269074.8,9458823564,148.5112343,627971177.6,1251,65490.90114,1636,1828,59051,65
2021-12-21,58693182.22,9102133553,466.1896596,627968364.6,1131,30122.7877,1314,1469,59015,67
2021-12-20,99821631.07,9392974526,348.3437893,627966356.7,1280,34848.86445,1464,1710,58966,73
2021-12-19,86843972.22,9788827787,979.7415101,627961873.8,1312,12309.01328,1483,1823,58939,103
2021-12-18,145389102.8,9414203477,518.5392714,627959869.9,1293,19768.60036,1680,2017,58880,80
2021-12-17,90287585.33,9045897752,307.5195538,627936758.9,1273,37649.40106,1513,1763,58841,64
2021-12-16,97233992.64,9545441721,279.7742138,627936758.9,1181,36373.98773,1478,1644,58802,76
2021-12-15,97080305.51,9420173162,221.0389996,627936758.9,1402,42384.77202,1665,1800,58761,83
2021-12-14,84559279.14,8892164144,443.8134854,627936758.9,2071,14959.45873,2509,2686,58720,68
2021-12-13,112135256.4,10056656977,164.3758586,627936758.9,2070,38653.42091,2788,3019,58688,83
2021-12-12,56956135.98,9970593332,480.4457881,627936758.9,1856,20949.74087,2247,2520,58658,63
2021-12-11,126726776.7,9510327249,326.425475,627936758.9,1619,28782.34979,2175,2429,58612,82
2021-12-10,130132890.5,10182112058,317.4567593,627936758.9,1667,26766.6891,2130,2302,58581,78
2021-12-09,117211454.7,11723149630,170.4097598,627931958.9,1515,54015.0727,1929,2096,58548,114
2021-12-08,192515719.3,10793923560,442.613534,627927558.9,1845,20748.98007,2341,2514,58498,105
2021-12-07,141549539.7,10898270845,325.2331556,627922747.1,1717,28164.22215,2212,2364,58464,115
2021-12-06,170418757.7,10383429179,286.8390909,627917729.3,1649,34604.11922,2215,2364,58427,99
2021-12-05,150184016.9,10814983419,335.1000593,627915721.2,1594,28356.78825,2055,2242,,
2021-12-04,426854158.2,12524943320,165.1624084,627911721,2119,37967.99432,3246,3582,,
2021-12-03,217649958.1,14076159033,333.1775973,627907319.4,1574,34331.82207,2042,2208,,
2021-12-02,309809234.6,13171167761,289.3360718,627904919.4,1802,34872.78674,2576,2784,58256,95
2021-12-01,152110050.8,13347248007,421.2735614,627902919.4,1479,31394.48409,1960,2099,58196,101
2021-11-30,135733433.5,12734452172,473.2133889,627898502.9,1461,28758.6097,1840,1961,58137,117
2021-11-29,78666646.3,12662209965,377.6334508,627857378.8,1515,39270.96396,1799,1965,58065,84
2021-11-28,108528669.7,12246770709,400.0341484,627857378.8,1385,36446.36606,1649,1849,57988,112
2021-11-27,66184823.29,12042733089,827.01364,627857378.8,1412,19571.84889,1589,1801,57923,131
2021-11-26,140709614.7,13425697378,213.2266198,627857378.8,1694,47551.0466,2067,2283,57881,153
2021-11-25,116382123.9,13071447704,140.6078307,627857378.8,1614,104532.8945,2011,2147,57820,112
2021-11-24,122123065.8,13921381967,359.685603,627857378.8,2105,29140.35413,2398,2609,57746,154
2021-11-23,115792628.4,13164297859,753.4297081,627857378.8,1547,20210.65263,1796,1956,57687,107
2021-11-22,186160078.9,13621261355,519.0349732,627857378.8,1358,29089.05193,1751,1924,57601,146
2021-11-21,101802025.9,13833535262,800.6407098,627857378.8,1644,17323.64662,1854,2108,57524,91
2021-11-20,103000801.8,13323207910,481.8420745,627823666.8,1430,28944.05651,1722,1939,57445,141
2021-11-19,142636711.1,12619865039,244.8014896,627823666.8,1432,52074.40211,1726,1957,57390,113
2021-11-18,203352845.7,13737404152,160.7777433,627823666.8,1557,68520.29178,1955,2149,57332,130
2021-11-17,168128792.7,13623317487,416.3870763,627823666.8,1453,38191.46616,1728,1919,57255,128
2021-11-16,365680856.9,15048254229,208.23695,627823666.8,1788,63835.5416,2464,2750,57150,151
2021-11-15,197931391.3,15421412215,256.6288254,627596088.6,1576,59119.91897,1820,1959,57066,197
2021-11-14,93870782.82,15474630486,796.4456903,627596088.6,1794,17374.87852,1998,2202,56955,151
2021-11-13,100481986.6,15428282196,767.0563822,627596088.6,1795,23901.5476,2036,2251,56867,201
2021-11-12,193824065.5,15937628539,690.702897,627596088.6,1811,20604.1919,2120,2303,56751,163
2021-11-11,230906285.5,15908737464,417.5514297,627596088.6,1776,37780.8587,2156,2380,56619,205
2021-11-10,533080907.7,16545958669,273.5071104,627596088.6,1973,45385.1703,2729,3011,56519,191
2021-11-09,375153155.9,16478736716,299.9720344,627596088.6,1950,40077.95266,2624,2860,56436,237
2021-11-08,228898548.6,15896642185,341.0344664,627596088.6,2108,36985.56617,2633,2845,56300,220
2021-11-07,93605030.88,15791404947,684.3422268,627596088.6,1945,19869.12151,2156,2400,56183,214
2021-11-06,152776661.2,16060621458,432.0368543,627596088.6,1807,40003.71504,2186,2396,56090,166
2021-11-05,129056279.9,16167028879,358.7827638,627596088.6,2025,33967.07262,2523,2725,55950,192
2021-11-04,245717008.3,16866975749,233.4503661,627596088.6,2019,52183.55282,2446,2676,55851,215
2021-11-03,355486517.4,16416113630,443.263872,627596088.6,2149,31668.66034,2659,2854,55734,537
2021-11-02,811306700.1,16072893559,382.7301461,627596088.6,1991,40347.22009,2366,2534,55609,218
2021-11-01,267692527.8,15687118733,423.5307951,627596088.6,1950,31450.63207,2346,2503,55487,233
2021-10-31,149297188.4,15638022736,945.1719123,627596088.6,1803,28213.48376,1978,2153,55373,223
2021-10-30,124733882.8,15955540827,831.4237163,627596088.6,2566,14549.12276,2825,3035,55266,237
2021-10-29,228056810.8,15632767451,405.6787269,627596088.6,3260,22099.54125,3043,3847,55151,291
2021-10-28,314453174.9,14782743493,268.0155083,611643723.8,2081,46740.45477,2587,2811,55016,337
2021-10-27,625206805.7,16250212911,251.9574981,611643723.8,1978,41491.45942,2788,3032,54902,271
2021-10-26,672066064.3,16351713134,309.081003,611643723.8,2091,36962.84469,2902,3151,54805,294
2021-10-25,213901164.6,15773329924,392.0048491,611643723.8,1913,34892.48027,2246,2477,54739,137
2021-10-24,186247567,16408155334,560.4041712,611643723.8,1824,25882.42054,2205,2438,54672,138
2021-10-23,182656220,15675479053,590.7970956,611643723.8,1797,21153.91597,2717,2971,54592,162
2021-10-22,212090736.5,15960526829,528.407277,611643723.8,1855,17395.21288,3407,3593,54530,188
2021-10-21,305083739.1,16539707658,362.6568987,611643723.8,1888,38004.2778,2338,2558,54473,120
2021-10-20,308628148.6,15927494819,516.7595865,611643723.8,1975,27844.63937,2410,2655,54368,164
2021-10-19,202607612.8,15686388880,654.17299,611643723.8,1843,19869.58218,2201,2477,54314,152
2021-10-18,229927074.5,15857442630,545.7895383,611643723.8,1772,28925.51221,2153,2358,54226,170
2021-10-17,251501144.1,16516750845,611.0779917,611643723.8,1732,24180.17082,2130,2378,54154,127
2021-10-16,430267189.1,15828350822,321.9467428,611643723.8,1929,39731.6102,2554,2808,54049,126
2021-10-15,382120380.9,16162960132,188.8994617,611643723.8,1823,62909.84575,2411,2610,53948,164
2021-10-14,412600916.8,15089211410,133.4956332,611643723.8,1751,133244.696,2358,2688,53826,116
2021-10-13,477678561.3,14341396700,265.7419793,611643723.8,1979,41585.17365,2838,3209,53762,168
2021-10-12,268436160.7,14776567358,406.9163828,611643723.8,1847,32114.09985,2263,2592,53705,117
2021-10-11,251621100,14805648516,455.7211042,611643723.8,1661,30967.49868,2067,2405,53637,186
2021-10-10,281467955.3,15369866469,324.2077081,611643723.8,1618,40234.59907,2031,2255,53535,128
2021-10-09,182038093.4,15148142550,581.0154667,611643723.8,1686,25706.6974,2026,2265,53471,136
2021-10-08,355062610.3,15638260290,425.7561138,611643723.8,1693,32724.30343,2133,2360,53410,111
2021-10-07,347925733.7,15463161853,297.9630447,611643723.8,1705,55656.80494,2102,2248,53346,158
2021-10-06,406794015.8,15691850485,227.2876498,611643723.8,1772,69876.6475,2238,2509,53298,90
2021-10-05,330381679.2,15495901485,225.6474819,611643723.8,1790,65404.69179,2247,2439,53259,106
2021-10-04,405274881.7,15901344125,265.8880771,611643723.8,1679,57711.82213,2104,2345,53187,101
2021-10-03,346689760.4,16196913274,532.065105,611643723.8,1992,25185.82108,2407,2728,53140,94
2021-10-02,634944305.7,15518081930,236.6312973,611643723.8,1943,54085.96941,2726,3118,53097,75
2021-10-01,801698290.3,14261793717,211.4591935,611643723.8,1832,53799.00998,2875,3229,53053,110
2021-09-30,544803723.8,14076972647,330.2753549,611643723.8,1668,45519.44366,2197,2484,53007,116
2021-09-29,814649682,14313194877,235.1370795,611643723.8,1920,42432.39088,2687,3049,52940,95
2021-09-28,1351553602,13774391840,127.7549202,611643723.8,1937,68377.21745,3493,4033,52867,545
2021-09-27,1197039747,14696750093,52.04601361,611643723.8,2435,114526.0925,3827,4351,52796,112
2021-09-26,1498365164,11915901359,74.91989616,611643723.8,3125,66156.50543,5606,6362,52732,246
2021-09-25,191923780.1,12029491703,543.0427011,611643723.8,1795,17327.22587,2303,2668,52681,96
2021-09-24,444338641.6,13155852750,279.8559608,611643723.8,1652,38463.53108,2281,2541,52625,73
2021-09-23,203428282.6,13225133905,369.6136551,611643723.8,1566,51285.13906,1983,2278,52580,102
2021-09-22,404627758,11648758229,253.4810468,611643723.8,1722,41870.15803,2438,2672,52524,117
2021-09-21,390951244.4,12750879141,235.5263512,611643723.8,1567,41058.75078,2160,2424,52473,101
2021-09-20,494912520.3,14605441066,356.1909405,611643723.8,1692,31904.63139,2286,2581,52429,111
2021-09-19,152719503.2,14813602832,927.9587694,611643723.8,1717,16036.30904,1988,2320,52389,120
2021-09-18,185104619.1,14864449356,481.1273106,611643723.8,1822,30288.30524,2157,2486,52341,118
2021-09-17,490947589.4,16069211637,282.2487018,611643723.8,1697,42337.8907,2343,2658,52302,88
2021-09-16,578191575.3,16799943192,226.2372756,611643723.8,2071,48586.9281,2747,3134,52242,97
2021-09-15,490432066.9,15695258055,242.0384408,611643723.8,2120,44594.34513,2912,3485,52210,156
2021-09-14,541371439,13864830456,249.9038119,611643723.8,2176,40271.23928,2950,3350,52162,123
2021-09-13,313379613,14498506456,448.459211,611643723.8,1866,24852.43079,2458,2801,52107,123
2021-09-12,286294058.6,13901876738,514.0488705,611643723.8,2008,22559.18966,2676,3091,52058,137
2021-09-11,241827089.2,13635936644,322.1197088,611643723.8,2113,33903.3134,2633,3173,52012,140
2021-09-10,447307434.4,14255392794,247.6329298,611643723.8,2032,39562.02297,2825,3259,51950,72
2021-09-09,708212916.7,14248345298,322.3923619,611643723.8,2010,34563.14153,2693,3012,51903,105
2021-09-08,837476237.4,14824978354,158.4684931,611643723.8,2067,66328.47106,2975,3402,51840,148
2021-09-07,1481348357,17646913769,75.65439945,611643723.8,2508,101211.724,3956,4425,51784,137
2021-09-06,649095254.1,17966873982,209.2464983,611643723.8,2249,57915.9785,3057,3412,51729,142
2021-09-05,314631305.7,17483513215,303.9039846,611643723.8,2098,48162.03955,2589,2859,51657,80
2021-09-04,356770317.4,17536349167,340.396511,611643723.8,2193,40536.0696,2626,2951,51602,113
2021-09-03,1079350226,18324256727,122.6415235,611643723.8,2573,70727.41776,3939,4292,51532,147
2021-09-02,419725328.7,19178046087,280.4768598,611643723.8,2318,41944.47893,2848,3171,51476,119
2021-09-01,787447339,17960642447,167.3437701,611640076.1,2224,72822.89998,3225,3660,51411,145
2021-08-31,761802552,16416503180,127.6557877,611636823.6,2042,89256.17925,2915,3327,51343,122
2021-08-30,376552412.4,16393335276,221.6032423,611621089,1869,55400.18856,2369,2707,51283,478
2021-08-29,192876463,16413032290,676.5758438,611621089,1708,22953.17029,2015,2467,51227,124
2021-08-28,156358544.1,16753100978,230.2523938,611620689,1753,50340.28637,1997,2476,51162,101
2021-08-27,328559649,15611879440,503.6194345,611617889,1735,30315.61903,2180,2501,51101,116
2021-08-26,372420276,16552515102,294.2987312,611612289,1714,50095.25405,2199,2476,51053,90
2021-08-25,293317526.9,16304832999,141.9457382,611605087.4,1716,102581.0218,2049,2282,50973,104
2021-08-24,420481291.2,17611944308,363.546491,611595487.4,1977,40542.95124,2597,2889,50919,164
2021-08-23,323953039.8,16694700932,38.04124466,587469214.2,2259,255734.4001,2815,3094,50877,18
2021-08-22,338772128.5,16597697197,426.5206966,587462595.6,2274,27877.60452,2926,3496,50839,166
2021-08-21,365001516.1,16955099615,349.3535302,587458194.6,2411,33141.32928,3177,3664,50788,20
2021-08-20,443537915.5,16431004364,123.6770862,587451750.6,2623,71329.17534,3244,3643,50739,197
2021-08-19,454885025.5,15485250282,166.9220594,587443730.5,2421,62196.38199,3325,3781,50682,154
2021-08-18,639947583.3,15503014802,137.6585383,587441282.5,2355,71149.51852,3562,4037,50644,184
2021-08-17,802012114.4,17112697889,92.75527757,587433282.2,2233,102867.934,3332,3808,50560,189
2021-08-16,497227358.1,17772328269,305.98531,587427279.6,2328,39301.59353,3178,3536,50504,188
2021-08-15,289844499.2,17686480654,695.5961389,587423116.5,1879,21804.19215,2253,2520,50450,150
2021-08-14,358081758.1,17953387003,261.1407478,587420716.4,2361,57995.07314,3048,3367,50404,215
2021-08-13,497599534.5,16490406795,375.7862666,587417507.3,2401,30970.67686,2975,3414,50371,158
2021-08-12,433902208.5,17024078884,320.0295816,587413907.3,2392,36076.16904,3048,3425,50328,183
2021-08-11,493026123.7,16902652301,318.8630833,587409103.9,2484,34137.13288,3129,3445,50274,282
2021-08-10,655282099.5,16656492691,167.6128594,587405903.9,2266,58360.03285,3325,3783,50201,224
2021-08-09,395105049.6,15692309819,248.3397565,587403079.8,2189,47994.89296,2882,3203,50138,199
2021-08-08,304810637.9,16603237122,168.2086095,587399079.5,2201,73692.13586,2879,3264,50092,215
2021-08-07,458502374.4,15378069370,308.9393591,587397077,2299,35653.89225,3220,3681,50031,220
2021-08-06,440508625.5,14942168852,249.173578,587386873.9,2306,43082.00555,3092,3535,49974,189
2021-08-05,436494586.8,13816973637,207.2388291,587384468.1,2095,58148.00265,2776,3143,49912,185
2021-08-04,363401476.3,12517258791,261.3237377,587380845.5,2630,23667.08498,4375,4998,49861,164
2021-08-03,334646893,13144654629,163.9009311,587378843.4,2053,47181.2323,2912,3484,49787,176
2021-08-02,305956129.4,12927176162,388.6629037,587376043.4,2163,22586.44469,3038,3457,49743,215
2021-08-01,295425848.6,12799185736,327.5552422,587375240.6,2314,27925.94721,3202,3702,49683,220
2021-07-31,218979879.5,12314777447,347.6539768,587369239.6,2385,22390.95342,3161,3649,49622,237
2021-07-30,365698554.3,11483846226,320.2323829,587365523.1,2325,25002.208,,3853,49565,216
2021-07-29,230407622.1,11160267417,414.8989311,587362723.1,1976,23241.02491,,3029,49504,177
2021-07-28,285022767.9,11099216667,241.0196769,587359921.3,1945,40118.15933,,2906,49437,173
2021-07-27,294602326.3,10891003937,442.0820501,587356719.4,1862,22671.3143,,2817,49381,180
2021-07-26,447854470.9,10739959537,229.0660282,587351876.1,2209,30131.76993,,3696,49331,197
2021-07-25,178700438.2,10723721485,292.4971842,587347040.3,1803,33011.1525,,3044,49272,175
2021-07-24,246346106.5,10937729441,204.9888145,587344639.9,2179,40854.3746,,3773,49206,186
2021-07-23,270387220.3,10327284531,145.6145503,587340627.9,2522,66903.81948,,4183,49158,172
2021-07-22,284472228.2,9816829729,59.30633403,587334625.6,1947,148134.1523,2862,3363,49118,213
2021-07-21,275303966.2,8551697734,127.0469381,587325025.6,2344,40560.10478,3738,4404,49063,167
2021-07-20,270643542.8,9242908909,142.6862677,587321376.2,2322,31461.48527,3332,3967,49015,138
2021-07-19,282981996.5,9577194449,249.1718204,587318148.3,2035,25036.94984,3016,3541,48966,217
2021-07-18,186683516.8,9461534097,502.1848089,587313747.5,1637,16047.94313,2255,2657,48907,198
2021-07-17,206595944.7,9607381434,293.6107782,587311347.5,2055,19714.85395,3131,3728,48840,189
2021-07-16,259758882.3,10021887807,155.312412,587305738.6,2212,35219.27952,3171,3749,48782,213
2021-07-15,338639004.2,10508301514,190.0220439,587301293.5,2126,36508.68489,3047,3573,,
2021-07-14,405374958.4,10847769038,152.5623036,587296081.3,2108,42726.16333,3629,4530,,
2021-07-13,238423403.7,11471706505,289.0259366,587289871,1932,29634.55702,2777,3242,,
2021-07-12,200066290.8,12143473632,257.1619453,587285243.5,2354,27110.68787,3422,4013,,
2021-07-11,118070735.7,11894326392,542.7168689,587281929.3,2069,14949.49321,2844,3358,,
2021-07-10,157969825.4,12321040137,673.5253449,587279103.4,2269,12267.02199,3054,3697,,
2021-07-09,340641439.7,11948270381,247.7102348,587275853.3,2105,35084.63428,3166,3748,,
2021-07-08,354090861.5,13076428646,114.4532876,587274644.4,2086,75058.15332,3403,3945,,
2021-07-07,407484623.7,13156831841,97.30105097,587272244.3,2489,84379.79966,3523,4146,48230,201
2021-07-06,584062411.6,11780737500,104.6109506,587270209.5,2742,61660.74401,4923,5915,48140,213
2021-07-05,358919979.5,12185748968,267.9445408,587265784.7,2890,22797.49323,4587,5453,48056,279
2021-07-04,370733555.6,11434176936,176.0720187,587258976.2,3315,27509.47824,5151,6397,47979,206
2021-07-03,219194235,10486814737,73.05155596,575254610,2696,56246.25892,4049,4904,47904,165
2021-07-02,5359177.848,10232010433,630.1131388,575250595.6,2581,10219.0822,3612,4122,47844,316
2021-07-01,196539797,11094188315,159.9816793,575244585.2,2694,30669.21495,4113,4653,47792,215
2021-06-30,262238874.1,10718723601,275.8943937,575236982.8,3612,17954.40199,4973,5572,47737,180
2021-06-29,214867499.3,10200081352,307.8604399,575231624.8,2592,20141.97109,3633,4267,47666,253
2021-06-28,182009732.6,9826000972,386.2496137,575228023.1,2156,19212.89607,2974,3639,47583,158
2021-06-27,142804323.2,9260085434,537.9930975,575222012.7,2363,11960.35701,3183,3809,47536,200
2021-06-26,198136206.6,9109394724,176.0222429,575217196.9,2276,31316.31066,3572,4428,47477,178
2021-06-25,263014452.3,10408968551,207.5486701,575144031.6,2003,29518.87072,3218,3984,47416,124
2021-06-24,260545134.1,10237555282,169.3201422,575202574.9,2125,34877.81571,3228,3922,47360,199
2021-06-23,350072538.2,9432941113,158.506421,575171205.6,2469,36966.69542,4011,4916,47298,125
2021-06-22,577976555.6,9108694786,95.90182689,575171205.9,2729,42903.03623,4770,5729,47230,134
2021-06-21,478389657,11926748871,137.1258231,575171205.7,2463,37421.64818,3960,4823,47170,145
2021-06-20,231932046.9,11378969559,262.2003846,575171205.9,2112,30912.02741,3352,4167,47128,223
2021-06-19,166844949.8,11732753691,518.6919747,575171205.8,2134,17105.37995,2872,3507,47069,231
2021-06-18,199970541.5,12752488070,291.8108699,575171205.7,2305,31063.31623,3036,3639,47001,276
2021-06-17,154606025,12540314976,393.4016708,575171205.7,2107,32880.24549,2816,3451,46934,192
2021-06-16,170448098.6,13474291861,165.5343677,575164388.2,2454,53886.9066,3244,3840,46859,133
2021-06-15,209961187.9,13900265112,393.0396857,575161186.2,2401,23875.00805,3052,3765,46777,208
2021-06-14,226321948.1,13389596478,312.887525,575149652.7,2560,26314.247,3464,4144,46679,189
2021-06-13,414038756.9,12242562707,258.5232349,575143231.5,3385,25044.12175,4788,5752,46589,167
2021-06-12,274604405,12549754611,136.073348,575130934.9,2836,39177.7815,4401,5414,46494,183
2021-06-11,244137257.3,13548806952,197.6658065,575122049.7,2266,42418.91331,3326,4110,46414,231
2021-06-10,246400098.2,14443417569,138.3523348,575118028.7,2782,48595.38306,3567,4232,46342,1010
2021-06-09,517418919.2,13471928425,173.6129981,575112692.3,2580,42042.37183,3904,4821,46226,201
2021-06-08,513480911,13690650221,69.11154927,564972921.5,2746,82806.8546,3989,4791,46138,254
2021-06-07,444783769.9,14613943918,240.0116602,564969717.1,2924,28476.10314,3999,4791,46044,300
2021-06-06,252792259.8,14485530682,432.5782205,564961224.4,3952,18921.60199,4658,5381,45927,194
2021-06-05,318999836.9,14931781521,397.9019906,564955174,3815,16932.56749,4654,5407,45822,277
2021-06-04,561575097.9,16182160202,174.1002358,564942336.9,2878,44181.64683,3846,4654,45707,225
2021-06-03,494550004.5,15620845916,182.6314407,565736716.9,2974,44547.97605,3969,4665,45575,444
2021-06-02,430803198.7,15505709802,140.146038,565730499.7,3032,51833.69001,4063,4861,45452,290
2021-06-01,689269207.6,16026391642,127.6983846,565714822.1,3055,65874.6374,4295,5038,45345,245
2021-05-31,1104409992,14546616288,146.486116,565708399.7,3037,46366.70208,4959,5876,45225,232
2021-05-30,781134630.6,13119506196,159.9979733,565699019.2,3350,38782.80367,4889,5870,45065,170
2021-05-29,828320343.6,14646575331,68.98159533,565684971,3305,71362.17089,4816,5936,44905,282
2021-05-28,1115309862,16069147161,105.1080012,565684971.1,3436,48411.67964,5403,6378,44773,165
2021-05-27,990310259.3,16586132485,78.13287752,565677350.2,3793,79076.65669,5626,6648,44617,175
2021-05-26,950709581.7,14235690614,122.0254719,565667388.1,3569,55374.65513,5332,6226,44450,194
2021-05-25,1141450911,13978690424,95.63962644,565658182.1,3733,53410.14394,5952,7008,44321,246
2021-05-24,1370678058,9472670656,86.47490436,565641064.6,4061,53015.81098,6612,7785,44147,298
2021-05-23,1204351005,11529143048,43.84706055,565635053.9,4509,66786.82018,7348,8661,43983,210
2021-05-22,442947506.9,12396303221,66.51586157,564818146.6,3846,71480.95589,5493,6541,43849,177
2021-05-21,770089316,14911237959,44.90241998,564810092,3863,109088.3197,5640,6553,43690,313
2021-05-20,1115184045,13218200616,66.83852554,564810092.1,3703,82962.02352,5123,5968,43512,319
2021-05-19,2301463854,19610105131,51.38561334,559616277.9,4149,83665.26696,6318,7444,43337,300
2021-05-18,745363393.1,18636669311,165.741785,559616278,3704,55634.25958,4778,5592,43144,370
2021-05-17,722016485.1,20495060026,70.76102254,559597985.6,3895,91248.9434,5220,5973,42862,342
2021-05-16,546259127.8,20482777776,133.9131064,559597985.7,4180,63125.12103,5138,6051,42637,409
2021-05-15,896713494.2,22632597533,161.0215605,559570115.1,4115,53472.65825,5272,5998,42399,359
2021-05-14,509102597.3,20892047811,264.9223746,559570115.2,3735,40844.58698,4401,4993,42138,636
2021-05-13,1342630368,20242521436,79.23175388,559565284.6,4695,89994.80456,6190,6927,41871,388
2021-05-12,2186999367,20180874503,85.86229093,523384243.6,4029,87161.73249,5798,6414,41580,807
2021-05-11,467854567.5,19052782647,292.821122,523384243.6,3962,31986.13521,4846,5347,41125,1153
2021-05-10,816425813.4,20665819445,145.2806778,523384243.6,5067,45948.45349,6525,7187,40671,1189
2021-05-09,567203943.8,21230966988,193.2171113,523384243.7,5119,37836.73346,6448,7476,40275,761
2021-05-08,564894971.3,20809445326,204.0369496,523384243.6,5080,35352.70397,6707,7602,39913,967
2021-05-07,774416267.6,21073213599,164.8077491,523384243.6,6018,33809.43015,8061,9477,39588,426
2021-05-06,1214600781,22231553335,132.7227035,523384243.7,6740,35927.08428,9514,11670,39309,480
2021-05-05,1532420374,22576300058,112.3415786,523384243.6,8434,34842.6257,12857,14773,38835,933
2021-05-04,2009877131,22149193457,120.2170601,523384243.7,8019,33751.65639,12420,13738,38399,420
2021-05-03,1258571602,22315736698,158.036316,523384243.7,5869,37220.0557,8379,9611,38124,311
2021-05-02,792018252.2,21021147364,268.7720365,523384243.6,5703,24890.55153,7488,8677,37851,428
2021-05-01,728913649.2,21288264279,249.3929399,523384243.7,5804,24526.40506,7180,8361,37616,404
2021-04-30,1096019713,21511266697,27.68431474,523384243.6,5638,187990.7831,7240,8053,37425,357
2021-04-29,1103507556,22450476060,122.939434,523384243.6,5994,49913.8474,7348,8167,37225,264
2021-04-28,1626227767,20764892901,172.0608166,523384243.6,5879,39655.3607,7566,8467,37017,473
2021-04-27,1325240686,19996264685,146.7151857,523384243.6,6269,39665.71539,7763,8703,36799,360
2021-04-26,1295044790,17997526208,140.9027799,523384243.7,5646,49098.80484,7301,8259,36537,479
2021-04-25,1008615839,15820963178,241.9486401,523384243.7,5401,26910.55959,6973,7861,36316,489
2021-04-24,530887298.1,17265503739,255.6524043,523384243.6,5769,20711.96139,6514,7194,36112,456
2021-04-23,1197588060,17769640918,117.8231996,523384243.6,5233,47040.55067,6843,7553,35923,588
2021-04-22,2191825599,17520092669,113.5138872,523385459.8,6681,40137.42313,9123,9759,35758,440
2021-04-21,1127469310,16743075123,129.0161188,523385459.8,5556,43011.65697,7557,8040,35473,648
2021-04-20,731996020.5,16425423479,157.0905471,523385459.9,4478,44110.284,5645,6016,35235,653
2021-04-19,715527183.9,16594395034,97.56279121,523385459.8,4726,62134.96526,5798,6272,35035,577
2021-04-18,1209170604,18191499327,150.6539202,523385459.8,5290,36402.75662,6783,7478,34811,354
2021-04-17,424754672.4,18962109410,374.4486256,523385459.8,4911,20215.44197,5782,6166,34642,470
2021-04-16,579066104.8,19774095081,241.0556617,523385459.8,5023,31308.84596,6081,6442,34411,389
2021-04-15,1311180225,18872269264,130.904189,523375025.3,4305,59635.18087,5763,6482,34241,197
2021-04-14,851910010.1,18528265279,159.0663003,523363301.9,4813,44704.11583,6214,6700,34060,329
2021-04-13,1248708129,19231826875,94.44151842,523334542.5,5838,56009.97568,7649,8263,33913,276
2021-04-12,2391500795,15657026820,85.76862163,523334542.5,7348,48422.34377,10726,11887,33713,542
2021-04-11,327557033.5,15584584109,382.6064723,523308260.9,4566,19074.86923,5236,5730,33510,345
2021-04-10,338688393.1,15454994217,448.1589197,523301460.9,4276,17944.1433,4945,5415,33377,308
2021-04-09,216366735.9,15807700527,190.3977129,523287031.6,3919,37702.54126,4503,4949,33274,226
2021-04-08,347276527.4,14955273063,253.2875495,523272057.5,4151,27506.79078,5184,5732,33136,312
2021-04-07,477384245.4,16362143662,300.8533538,523256856.4,3800,25220.73119,4624,5092,33021,265
2021-04-06,502627442.3,16138945451,340.1659924,523246456.4,4426,22344.68505,5033,5505,32881,301
2021-04-05,340375158.7,16154319845,191.1747121,522110656.7,4320,36126.17569,4854,5221,32709,350
2021-04-04,344035762.9,15374715538,443.4802419,522094155.3,3985,18776.11903,4486,4943,32556,308
2021-04-03,799707782.1,15769035002,230.1118195,522068952.4,4358,27437.82097,5921,6444,32387,309
2021-04-02,408116814.3,14969553253,52.01341456,522060902,4117,111757.1159,5012,5469,32240,268
2021-04-01,540609550.3,14641151601,146.2198179,522026431.2,4128,41336.91916,5285,5687,32117,288
2021-03-31,383466265,14902330155,160.6049184,522024831.1,4210,39327.66403,5138,5536,31972,357
2021-03-30,320729893.6,15153893264,130.3668452,522002017.4,4416,48922.96939,5339,5731,31811,339
2021-03-29,365984828.5,14544226092,125.9090024,521996292.2,4175,53400.80574,5189,5647,31605,379
2021-03-28,284827414,14714979847,335.6691468,521973488.6,4122,21763.51116,4770,5230,31433,390
2021-03-27,432654324.5,15086634639,408.1635316,521957090.6,5252,14759.03458,5998,6434,31282,269
2021-03-26,581599779.8,13827630165,182.852518,521942565.7,6259,28823.24255,7496,7951,31125,264
2021-03-25,825520600.8,14216159744,136.2356958,521914187,5612,34004.36334,7195,7712,30968,297
2021-03-24,1322948885,16184670677,99.93848985,521909382.9,6573,40057.97238,9022,9762,30782,377
2021-03-23,1678349256,17143389403,70.75744877,521885782.3,7687,53827.85785,10660,11606,30355,456
2021-03-22,1002090947,17190785101,131.0818133,521863291.1,5140,40738.78135,7507,8011,30047,433
2021-03-21,293927951.7,16716000111,406.5351923,521857218,4555,18339.37611,5600,5974,29812,301
2021-03-20,751260883.4,17354113805,144.3409423,521835076.5,4758,43942.22252,6273,6827,29659,218
2021-03-19,641124382.6,15656101545,154.9700003,521814133.9,4630,40625.49332,5792,6274,29438,263
2021-03-18,328629780.9,16352498200,261.525667,521802496.4,4288,30832.02322,4870,5120,29255,293
2021-03-17,609646082.2,15672375016,165.6158456,521784388.3,4655,43946.42189,5735,6184,29096,309
2021-03-16,446299812.7,15560063599,194.6028373,521766772,4404,38110.91679,5094,5421,28880,313
2021-03-15,452470528.6,16035703655,254.710029,521748765.6,4434,27749.0223,5249,5532,28692,380
2021-03-14,491872567.1,16944202892,217.4384318,521718318.9,5022,33751.97801,5770,6332,28499,407
2021-03-13,631715294.7,16144125164,202.7437703,521702260.1,5244,33162.49242,6458,6985,28306,384
2021-03-12,498331518.3,16183556797,42.59217368,521679046.5,5482,127468.9603,6595,6957,28078,465
2021-03-11,585655519.7,16139470837,98.19073072,521660147.3,5097,66184.01845,6302,6714,27920,331
2021-03-10,781985784.7,17156380150,108.5684086,521636696.3,5391,68989.75813,6686,7192,27737,248
2021-03-09,905473301.7,17347322727,70.08110997,521195314.9,6698,89362.12398,8032,8545,27521,249
2021-03-08,1246106935,17882814765,71.57987927,521162962.3,6920,67858.58964,9186,10030,27332,283
2021-03-07,1401390563,14849702300,26.5429405,521151658.5,7893,131270.0834,11465,12864,27071,337
2021-03-06,543082353.3,14742560389,145.6491504,521127279,5242,39311.53381,6545,7332,26875,206
2021-03-05,1054370391,8806353971,5.720325168,311765813.1,4770,687113.3928,6640,7344,26765,203
2021-03-04,1566418419,7918711865,7.34233705,311737931.8,7086,358793.6691,8689,11177,26639,242
2021-03-03,620909818.8,7972590677,192.340614,311725911.3,5034,28670.40063,5828,6347,26508,236
2021-03-02,1153362869,8003517236,125.8632453,311708297.6,4919,37020.89788,6727,7676,26355,219
2021-03-01,576489419.6,6926716383,213.1020594,311687011.6,4709,25190.78253,5917,6690,26222,215
2021-02-28,863932944.1,7329645543,139.1034017,311664849.8,4704,44462.90649,5908,6652,26097,218
2021-02-27,577581332.9,6951259651,184.1125276,301656050.3,5183,28194.28668,6202,6761,25996,204
2021-02-26,891327748.8,7047366331,59.56302703,301612659.2,4788,66121.14988,6217,6778,25858,243
2021-02-25,836601120,7623720822,153.3872236,301612659.2,4988,29685.0765,6215,6677,25748,222
2021-02-24,1188464122,7493438945,112.0400888,301580603.3,5676,39154.92868,7477,8133,25567,316
2021-02-23,2180661253,8347303681,58.35228525,301565775.2,5801,60256.48655,8140,8972,25413,206
2021-02-22,1559339454,8692243489,67.01603512,301525115.9,6873,52322.04655,9199,10067,25263,364
2021-02-21,2467387670,8748022448,76.48585168,301475198.7,8512,36617.07781,11732,12824,25019,451
2021-02-20,4627760265,6044713622,34.45025126,301233343.6,11611,57875.74803,17489,19171,24583,504
2021-02-19,614026216.6,6370944349,100.3895056,301233343.5,7359,29147.5669,8710,9332,24115,339
2021-02-18,426494156.7,6489094991,160.130725,301233343.6,5568,26405.00436,6556,7045,23889,380
2021-02-17,520865101.8,6169897888,139.2011114,301233343.5,5666,28832.75862,6811,7304,23692,324
2021-02-16,496766461.9,6053107790,109.1270397,301233343.6,6442,29568.5074,7476,8084,23502,232
2021-02-15,770543122.3,6295190400,123.1416348,301233343.6,5443,27780.06065,6776,7365,23202,304
2021-02-14,301073078.9,6565668347,251.2584262,301211955.1,5512,16257.30377,6690,7442,22983,254
2021-02-13,486551085.7,6836041063,59.01098423,301156604.1,7213,52632.07492,8454,8983,22757,419
2021-02-12,769552886.3,6464013045,106.2945055,301126132.2,8045,26522.3579,10230,11045,22536,354
2021-02-11,495968825.9,6238636255,180.0716214,301088884.5,6416,22052.40707,7677,8268,22312,319
2021-02-10,984835644.2,5884315210,62.71230102,301030237.3,7436,38786.6889,10077,10785,22021,330
2021-02-09,494600249.7,5824760783,139.7807394,300967944.4,6156,24154.48893,7168,7617,21753,766
2021-02-08,698104925,5620750656,114.2010232,300918579.4,5800,31696.34732,7149,7697,21460,342
2021-02-07,700883244.6,5790553774,110.9986827,300869684.6,6479,27104.82394,7870,8489,21211,292
2021-02-06,830753172.6,6373041878,74.97908732,300835759.6,7940,32718.3488,9416,10059,20874,246
2021-02-05,876437577.1,5841755978,44.57887393,289846048.1,8055,53977.98201,9660,10240,20547,385
2021-02-04,1319410112,5715068678,76.34732165,289583542.1,7145,35061.56902,9333,10145,20139,377
2021-02-03,902887862.4,5518082827,110.2894823,289437621,7288,25249.0911,9325,10055,19687,447
2021-02-02,1108733169,5914002493,59.33221462,289381467,7708,38465.81589,10782,11812,19113,353
2021-02-01,1611939415,5121063129,57.96304404,289330792.8,8304,35392.65703,12254,13346,18418,592
2021-01-31,1901924323,5664993287,52.62995787,289261430.1,10963,28516.50177,15159,16760,17614,359
2021-01-30,1734588577,4544604740,56.30518832,289197611.9,9771,30346.74493,14096,15484,16162,448
2021-01-29,1291598725,4054320433,63.61966958,286628495.3,7463,26028.88945,10841,11844,15357,229
2021-01-28,1350965004,4232882778,50.93656564,286591994,8282,31376.86788,12025,13306,14862,251
2021-01-27,1788411249,3977586384,49.26236806,286544507.3,7893,31461.03246,11591,12768,14496,304
2021-01-26,1438831566,3243036230,42.89571411,286502011.7,7002,35869.50437,11094,12464,14291,367
2021-01-25,1075868120,3453094817,49.60036395,286446899.8,6360,30716.35369,9538,10546,14170,187
2021-01-24,913403617.6,2661669108,55.81332542,285384097.8,6162,30187.92854,9137,10198,14050,272
2021-01-23,281371772.9,2489047380,92.87204956,285342234.6,3537,27011.01382,4689,5306,13959,160
2021-01-22,322948100.1,2162183989,98.85508358,285325055.7,3200,26153.57945,4692,5143,13907,130
2021-01-21,497277858.2,2563172514,74.68645437,285289105,3199,26438.44647,4896,5504,13865,123
2021-01-20,407319600.8,2456233580,94.58991457,285249255,3681,22113.41558,5202,5882,13816,124
2021-01-19,448234854.7,2552688619,54.44906092,277403811.5,4413,26831.10308,6417,7174,13759,140
2021-01-18,531363606.3,2406228105,65.34897981,277346955.5,5129,21743.77674,7757,8760,13699,140
2021-01-17,658834719.9,2324817168,67.77774138,277286956.6,5228,19280.89433,8029,8972,13631,151
2021-01-16,868817701,2041390092,59.68510029,277243150.6,5719,21694.87136,8499,9279,13555,162
2021-01-15,618545496.2,1917288538,57.15569418,277212573.9,4167,26963.31072,6202,6820,13490,107
2021-01-14,349970370,1757913653,74.73594033,277169231.4,3604,20160.60367,5620,6321,13424,149
2021-01-13,221417335.6,1543483358,99.56192052,275885646.7,3215,17119.65746,4616,5276,13385,127
2021-01-12,225276603.3,1446030239,118.309567,275858656.2,2866,14148.62959,4062,4668,13342,125
2021-01-11,409960882.7,1614424114,56.6539957,269769894.4,2776,25451.26389,4000,4401,13310,114
2021-01-10,259949303.8,1683070063,112.2674017,269343865.6,3737,12918.13375,4956,5534,13266,94
2021-01-09,211890852.8,1581190582,147.0791722,269299832.2,3488,12068.80127,4476,5043,13202,156
2021-01-08,287537791,1691340032,85.7473778,269244489.2,3490,17412.90998,4501,4978,13153,117
2021-01-07,294906402.9,1728955082,117.1125806,269192181.7,3974,12772.20505,5145,5725,13079,131
2021-01-06,298367302.5,1686880860,96.37596218,269133532.9,4517,12955.47207,5974,6597,13032,134
2021-01-05,440757547.9,1453187642,81.29642277,269094309.5,4455,15505.18782,6133,6660,12977,211
2021-01-04,545836803.8,1487801499,65.580276,269005936.1,4038,17592.80291,5669,6201,12904,226
2021-01-03,429101686.7,1307137649,77.02587877,268962583.4,3839,14959.06699,5678,6251,12820,212
2021-01-02,363529640.1,1275423538,67.69154986,268922183.1,3984,13074.74451,6542,7242,12757,140
2021-01-01,406145494.8,1384812534,70.40782838,268437169.3,4636,11437.72472,6970,7946,12710,129
2020-12-31,659293654.8,1114680224,42.37090705,268397385.3,5442,15886.73015,8970,9995,12645,145
2020-12-30,313530447.9,984463956.9,79.78279502,268362754.6,3765,11128.9201,5621,6256,12581,191
2020-12-29,104213283.8,959337556.2,52.0692017,257220596,2758,20048.77735,3564,4090,12541,114
2020-12-28,128614587.8,924470782.9,103.472488,257184388.8,2881,10904.60068,3822,4421,12497,103
2020-12-27,162713688.6,876838712.7,121.0122681,257149314,2805,8751.660594,3833,4427,12452,241
2020-12-26,84455542.17,900767511.3,197.0075321,257107981.5,3120,4722.933011,4068,4866,12416,104
2020-12-25,97814415.01,906017439.6,282.2372563,257054041.1,2681,4314.118595,3395,3909,12403,115
2020-12-24,132320085.2,851188198.5,144.2100431,257038183.3,2391,8737.296781,3140,3500,12366,68
2020-12-23,131950227.1,958599952.4,141.941454,257008896.6,2514,7553.120799,3409,3866,12335,98
2020-12-22,156523618.2,903498832.2,112.361895,256988462.6,2608,9616.975004,4071,4667,12307,108
2020-12-21,155695916.9,965780283.8,160.4815159,256959995.9,2262,8569.825077,3218,3578,12279,92
2020-12-20,145596745.3,1018434571,162.9512688,256921813.6,2750,7045.165269,3790,4248,12239,145
2020-12-19,332062174.6,969013137.4,70.28919096,256891943.2,3874,11147.2299,6064,6820,12189,82
2020-12-18,119594102.9,938176074,75.1759384,254360447.2,2607,19412.77644,3461,3815,12160,97
2020-12-17,224801702.8,898941972.8,71.01717992,254329915.2,3016,13616.43955,4659,5117,12130,105
2020-12-16,88992583.36,839811804.1,120.2257157,251801891.3,2227,10866.88831,2843,3222,12105,103
2020-12-15,76744894.41,877136971.9,137.0644414,251780311.5,2146,10016.61473,2820,3221,12072,73
2020-12-14,79220574.46,841445097.9,128.9853201,251757931.1,2313,8864.251813,3487,3972,12033,76
2020-12-13,37715867.67,785742603.9,236.4555593,251714404.7,2409,4840.444128,3151,3621,11998,110
2020-12-12,59070030.49,746956973.1,275.0507489,251692166.1,2318,4445.326442,3090,3563,11978,125
2020-12-11,79506019.79,814201405.3,103.1181924,251673389.3,2471,8717.907161,3601,4198,11955,104
2020-12-10,45590817.7,844577022,203.0311437,251647283.6,2223,5884.850072,2977,3452,11903,138
2020-12-09,85936939.94,817665200.2,85.53335555,247772793,2542,12445.38254,3459,3847,11864,130
2020-12-08,104720511.3,931824563.6,137.8963459,247737416.1,2681,7340.493756,3523,4072,11830,123
2020-12-07,78145501.23,904217382.7,131.5356405,247691586.3,2850,8420.246802,4171,4712,11797,171
2020-12-06,49570720.93,906194036.4,198.187109,246095839.9,2849,5604.135783,3668,4152,11776,113
2020-12-05,53998336.87,865413252,286.1147571,246040485.3,2741,4748.543634,3584,4134,11743,115
2020-12-04,70622500.07,955278655.2,187.9601661,245987506.5,3100,5881.08057,3876,4372,11701,76
2020-12-03,109546432.5,971280605.3,171.0793512,245943581.7,3287,5780.066376,4433,5107,11661,97
2020-12-02,225983126.4,871522828.2,98.07181359,245477318.4,3459,7792.630387,5811,6884,11620,97
2020-12-01,176926455,923270533.8,88.60166412,244429000.8,3085,10112.10811,4405,4870,11591,94
2020-11-30,122281696.1,868621021.8,93.75257329,244365051.7,3024,11258.00798,4183,4521,11558,80
2020-11-29,55408303.75,842658747.6,197.2308098,242982443.5,2719,5300.782423,3642,4030,11524,94
2020-11-28,89225002.37,805465480.1,137.8082267,242933068.1,2891,7247.035652,3968,4375,11490,80
2020-11-27,133532420.7,831761910,136.8079886,242883466.1,2732,7183.928855,4127,4524,11472,73
2020-11-26,310933506.3,891836573.5,52.54901272,241965483.7,3200,14697.20903,5322,5858,11454,96
2020-11-25,228308471.7,914042632.4,36.4222437,224193853.2,3570,20355.65444,4956,5490,11429,77
2020-11-24,396851178.4,936373011.4,65.11330721,224035195.3,4678,10008.84435,7021,7635,11377,95
2020-11-23,269813233.1,824399349.3,75.89982872,223891705.8,4270,10720.85388,6187,6781,11346,99
2020-11-22,204343189.2,855735394.7,82.03287578,223477724.4,3967,8932.627026,5725,6261,11310,136
2020-11-21,259625261.2,860629258.6,73.11004432,223339323.1,4367,8910.669359,6380,6995,11266,112
2020-11-20,355305278.5,834197118.4,59.08427085,223205530,4833,10509.75975,7068,7709,11229,118
2020-11-19,325426228.1,771287765.8,77.15198143,222973868.6,5057,6821.311148,7818,8645,11199,106
2020-11-18,278829345.7,841670986.9,60.7787282,222273497.5,6258,8281.312322,8335,9038,11161,117
2020-11-17,330518899.3,788891146.8,64.50816947,220814661.5,7212,6470.681871,10900,11848,11125,138
2020-11-16,464627228.8,843342336,49.69748829,219402350,5212,9494.77795,8951,10235,11052,123
2020-11-15,522644173.5,835331827.6,55.95346622,218954635.2,6211,7237.415485,10965,12472,10991,127
2020-11-14,404796439.2,845028660.7,41.89367592,218738470.8,5749,10673.04418,10338,11821,10936,172
2020-11-13,467838000,646915876.7,48.60467664,218291044.3,5643,9250.723043,9938,11164,10891,152
2020-11-12,149006193.2,640659558,95.02625131,217970050.7,3575,7317.092151,5415,6045,10850,132
2020-11-11,196408224,669093804.5,88.5530871,217598664.9,3767,6496.526604,5933,6685,10810,115
2020-11-10,206220251.7,581434816.2,37.33209785,216998760.8,3896,12335.8881,6713,7599,10782,138
2020-11-09,153064211.8,621222916,76.72668572,216662117.2,3143,7702.373372,4943,5621,10736,102
2020-11-08,178686943.3,536825204.6,103.2934132,216335906.3,3608,5166.250935,5779,6589,10704,124
2020-11-07,473857454.1,552393228.6,40.88440975,215096494.5,4593,7593.398239,8725,9967,10680,120
2020-11-06,349036379.3,471143634.5,39.24004407,214764415.6,4774,9018.566632,8223,9574,10647,93
2020-11-05,348773284.8,413745824.5,17.14817912,214340910.4,5402,15051.97381,10010,11602,10621,95
2020-11-04,105733047.3,457106467.6,65.20326792,214001403.2,3936,5479.342666,6173,7353,10580,159
2020-11-03,84714251.48,481991860.6,111.8501577,213624472.2,3721,3802.883976,5552,6564,10550,124
2020-11-02,68229273.94,507478207.9,140.2844569,213177362.1,3771,3618.807049,5119,5860,10517,177
2020-11-01,62333457.53,479981275.2,90.17569955,212079133.3,3765,5695.932303,5798,6828,10477,168
2020-10-31,57801807.4,510573200,101.2754275,211728298.4,4417,4063.646598,6418,7585,10420,142
2020-10-30,182877902.1,534987200.6,67.74038255,211302088.5,5376,5229.883203,7659,9530,10384,181
2020-10-29,78267804.36,561261484.7,135.7250878,211048634.9,3968,3638.478514,6132,7371,10320,199
2020-10-28,99307639.3,594091912.6,132.8678534,210839027.3,3860,4125.688797,5621,6303,10275,118
2020-10-27,121744147,569631699.7,110.7907492,210159935.6,4247,4553.879628,6512,7355,10241,216
2020-10-26,126558071,581807078.8,114.6886244,209834939.9,4479,4140.304783,6702,7440,10184,185
2020-10-25,92440792.15,616025075.8,108.2711035,209327362.8,4466,5385.340111,6429,7261,10120,150
2020-10-24,70962667.09,630008893.3,155.8111955,208922702,4476,3606.189643,6157,6962,10064,140
2020-10-23,81102171.85,631954412.2,84.12922538,207711970.5,4388,7030.788721,6194,7068,10020,126
2020-10-22,124741227.8,609261506.5,111.4519075,207711970.5,5456,4291.482076,7673,8695,9969,143
2020-10-21,165300279.7,592089521,107.8845135,207507996.7,5000,4573.070761,7331,8378,9909,191
2020-10-20,151143330.8,640529053.8,60.36816944,202097794.7,4622,5970.739099,7588,9774,9847,168
2020-10-19,82878109.98,662482688.6,35.1815443,201662868.3,4284,9409.570831,8558,13966,9760,127
2020-10-18,112231594.5,571321134.3,45.86981737,186877251.8,4600,9127.9461,7587,8727,9690,119
2020-10-17,101432544.8,568501991.9,39.10040247,186498555.6,4665,10875.30581,7116,8077,9610,113
2020-10-16,228050678.8,574051077.6,57.32938936,186154518.5,5399,7340.32185,8663,9968,9563,125
2020-10-15,145886599.2,301363627.9,59.96910262,96866285.07,4924,7980.354352,7611,8676,9512,180
2020-10-14,173295548.6,324980866.2,73.37180114,96866284.88,5265,6042.580824,8574,9990,9449,118
2020-10-13,99815214.63,335651909.1,95.52078398,96866284.94,5361,4914.273029,7300,8400,9392,106
2020-10-12,164197365.7,324921650,77.30273181,96866285.1,5364,6096.894242,8191,9486,9339,114
2020-10-11,158053736.2,319869794.9,135.465858,96866285,4373,3952.841522,7183,8534,9281,140
2020-10-10,226799944.3,327398505.6,111.9574696,96866284.95,4916,4423.705651,7952,9207,9221,113
2020-10-09,268545517.9,324733279.7,53.31506146,96866285.13,5361,8064.053995,9212,10453,9158,151
2020-10-08,399572604.5,287338372.8,53.07266923,96866285.08,6056,7068.196053,10528,11892,9078,206
2020-10-07,377934470.8,262979945.1,39.67013205,96866285.07,6617,7845.532446,11529,13259,8977,193
2020-10-06,396627824.4,321700636.1,31.1791152,96866285.09,7245,9419.006418,11863,12934,8873,211
2020-10-05,289686333,361004665,63.50192319,96866285.02,6600,6477.66086,10846,12158,8777,214
2020-10-04,200812770.3,378495321.9,65.17666754,96866284.98,5662,7658.618562,8677,9615,8676,146
2020-10-03,149890750.6,377017718.5,44.31974524,96866284.96,5554,10422.14233,8354,9345,8602,131
2020-10-02,254195433.1,410560585.3,33.52952139,96866284.91,6762,11928.81202,10284,11381,8514,120
2020-10-01,376677606.3,402645752.8,54.40371213,96866284.94,7308,7488.867597,11768,13189,8427,128
2020-09-30,189653692.6,424826737,76.77830317,96866284.96,7181,6220.566825,10325,11476,8334,178
2020-09-29,239416076.5,411681711.3,63.90365949,96866285.01,7653,6910.600588,10859,11937,8207,206
2020-09-28,358587892.5,470375060.8,46.0227894,96866285.05,8429,7352.281922,12746,14497,8091,218
2020-09-27,364413476.3,471716683.3,86.55347231,96866284.91,9037,4593.54169,13639,15940,7968,167
2020-09-26,364446129.3,476698065.7,39.47637091,96866285,11522,6950.319781,16872,20180,7879,178
2020-09-25,729153995.7,499625810.5,51.45136128,96866285.03,10538,6512.071949,16770,18622,7765,190
2020-09-24,889035775.4,423667048.6,32.94668988,96866285.07,15785,7666.425565,23008,25094,7652,177
2020-09-23,1095923522,379617541.3,26.67053695,96866284.91,15469,7448.809339,25785,28609,7493,268
2020-09-22,686111531.3,412477919.4,28.33128155,96866285.04,14669,6529.656377,23274,26013,7297,223
2020-09-21,1065496337,504816624.1,26.52149291,96866285.06,18384,6770.829898,28235,29734,7118,219
2020-09-20,1251068419,553631789.6,25.55038063,96866284.99,22758,7023.465495,34982,36970,6867,304
2020-09-19,2142503953,668711196.3,15.59739183,96866285.03,41214,6897.92489,61458,63757,6587,470
2020-09-18,3864066640,589026024.4,6.85844675,169999999.9,86131,9872.77285,128553,130510,6163,1075
2020-09-17,430931808.6,,4.768498699,,178334,0,294007,294514,5587,414
2020-09-16,,,0.714281228,,53,0,14,96,5281,120
2020-09-15,,,99990001,,6,0,6,6,5234,102
2020-09-14,,,62500000,,6,0,5,5,5190,143
2020-09-13,,,,,,,,,5139,101
2020-09-12,,,,,2180956,,,,5107,117
2020-09-11,,,,,,,,,5069,69
2020-09-10,,,,,,,,,5033,96
2020-09-09,,,,,,,,,4989,86
2020-09-08,,,,,,,,,4959,82
2020-09-07,,,,,,,,,4913,86
2020-09-06,,,,,,,,,4853,90
2020-09-05,,,,,,,,,4803,60
2020-09-04,,,,,,,,,4756,129
2020-09-03,,,,,,,,,4703,116
2020-09-02,,,,,,,,,4627,223
2020-09-01,,,,,,,,,4518,221
2020-08-31,,,,,,,,,4393,206
2020-08-30,,,,,,,,,4245,129
2020-08-29,,,,,,,,,4144,92
2020-08-28,,,,,,,,,4086,79
2020-08-27,,,,,,,,,4032,81
2020-08-26,,,,,,,,,3979,102
2020-08-25,,,,,,,,,3930,106
2020-08-24,,,,,,,,,3867,94
2020-08-23,,,,,,,,,3808,91
2020-08-22,,,,,,,,,3746,91
2020-08-21,,,,,,,,,3691,104
2020-08-20,,,,,,,,,3626,120
2020-08-19,,,,,,,,,3569,131
2020-08-18,,,,,,,,,3503,102
2020-08-17,,,,,,,,,3432,58
2020-08-16,,,,,,,,,3358,110
2020-08-15,,,,,,,,,3286,84
2020-08-14,,,,,,,,,3234,91
2020-08-13,,,,,,,,,3180,85
2020-08-12,,,,,,,,,3022,85
2020-08-11,,,,,,,,,3007,129
2020-08-10,,,,,,,,,2909,130
2020-08-09,,,,,,,,,2845,106
2020-08-08,,,,,,,,,2795,73
2020-08-07,,,,,,,,,2749,53
2020-08-06,,,,,,,,,2711,61
2020-08-05,,,,,,,,,2682,60
2020-08-04,,,,,,,,,2637,71
2020-08-03,,,,,,,,,2591,57
2020-08-02,,,,,,,,,2537,56
2020-08-01,,,,,,,,,2497,43
2020-07-31,,,,,,,,,2464,61
2020-07-30,,,,,,,,,2407,51
2020-07-29,,,,,,,,,2372,39
2020-07-28,,,,,,,,,2350,37
2020-07-27,,,,,,,,,2320,32
2020-07-26,,,,,,,,,2287,55
2020-07-25,,,,,,,,,2255,53
2020-07-24,,,,,,,,,2215,24
2020-07-23,,,,,,,,,2182,28
2020-07-22,,,,,,,,,2152,62
2020-07-21,,,,,,,,,2128,28
2020-07-20,,,,,,,,,2078,31
2020-07-19,,,,,,,,,2055,32
2020-07-18,,,,,,,,,2029,26
2020-07-17,,,,,,,,,2008,26
2020-07-16,,,,,,,,,1990,20
2020-07-15,,,,,,,,,1974,31
2020-07-14,,,,,,,,,1961,16
2020-07-13,,,,,,,,,1951,20
2020-07-12,,,,,,,,,0,0
2020-07-11,,,,,,,,,1924,16
2020-07-10,,,,,,,,,1903,12
2020-07-09,,,,,,,,,1893,16
2020-07-08,,,,,,,,,1875,25
2020-07-07,,,,,,,,,1855,22
2020-07-06,,,,,,,,,1838,16
2020-07-05,,,,,,,,,1826,16
2020-07-04,,,,,,,,,1811,14
2020-07-03,,,,,,,,,1796,25
2020-07-02,,,,,,,,,1785,30
2020-07-01,,,,,,,,,1770,21
2020-06-30,,,,,,,,,1752,33
2020-06-29,,,,,,,,,1741,18
2020-06-28,,,,,,,,,1733,19
2020-06-27,,,,,,,,,1723,15
2020-06-26,,,,,,,,,1705,13
2020-06-25,,,,,,,,,1693,15
2020-06-24,,,,,,,,,1681,36
2020-06-23,,,,,,,,,1668,10
2020-06-22,,,,,,,,,1654,15
2020-06-21,,,,,,,,,1644,16
2020-06-20,,,,,,,,,1635,12
2020-06-19,,,,,,,,,1625,21
2020-06-18,,,,,,,,,1615,17
2020-06-17,,,,,,,,,1609,13
2020-06-16,,,,,,,,,1603,11
2020-06-15,,,,,,,,,1596,10
2020-06-14,,,,,,,,,1587,20
2020-06-13,,,,,,,,,1582,9
2020-06-12,,,,,,,,,1575,11
2020-06-11,,,,,,,,,1567,24
2020-06-10,,,,,,,,,1558,9
2020-06-09,,,,,,,,,1544,12
2020-06-08,,,,,,,,,1536,17
2020-06-07,,,,,,,,,1526,11
2020-06-06,,,,,,,,,1513,8
2020-06-05,,,,,,,,,1508,14
2020-06-04,,,,,,,,,1499,12
2020-06-03,,,,,,,,,1494,10
2020-06-02,,,,,,,,,1485,10
2020-06-01,,,,,,,,,1484,11
2020-05-31,,,,,,,,,1477,12
2020-05-30,,,,,,,,,1473,16
2020-05-29,,,,,,,,,1459,23
2020-05-28,,,,,,,,,1454,13
2020-05-27,,,,,,,,,1445,11
2020-05-26,,,,,,,,,1438,10
2020-05-25,,,,,,,,,1433,10
2020-05-24,,,,,,,,,1425,8
2020-05-23,,,,,,,,,1421,22
2020-05-22,,,,,,,,,1417,11
2020-05-21,,,,,,,,,1410,20
2020-05-20,,,,,,,,,1402,13
2020-05-19,,,,,,,,,1385,17
2020-05-18,,,,,,,,,1375,17
2020-05-17,,,,,,,,,1368,13
2020-05-16,,,,,,,,,1362,10
2020-05-15,,,,,,,,,1353,6
2020-05-14,,,,,,,,,1348,8
2020-05-13,,,,,,,,,1345,10
2020-05-12,,,,,,,,,1338,9
2020-05-11,,,,,,,,,1337,13
2020-05-10,,,,,,,,,1332,5
2020-05-09,,,,,,,,,1323,12
2020-05-08,,,,,,,,,1320,20
2020-05-07,,,,,,,,,1318,12
