1,0xc6391ef319d26ba6c88146bf29c6283d63a70af0
2,0x680ebdfc65152d2fae6f7117240544bd35e62eb3
3,0xc6391ef319d26ba6c88146bf29c6283d63a70af0
4,0x6af96801c33ec00f2c99c8bdfec0d4e902a4b00d
5,0xae5c9dc28d008b95b1bb54941950da7ab859aa23
6,0x664becd1c7412b34cb850b782f5b0a4fe839326a
7,0x79411510315e819a36a731aa384c866a1dba2806
8,0x2a8adea9b8c23b09e59eb384fedee93986ca2158
9,0xe0a522d0736b252dba26525a870ef8d5a3a7db1a
10,0x0ba6f9e9caeea3b98bedbbde420317c6d0e505cf
11,0xfb702e95fa231c5509487a9e99156003985fdb9e
12,0xb40ff1ca580090b386048228ae7140b0dde7f1c5
13,0x85fed89a09dda82e18566480fd4bb03e69a1f076
14,0xbb5dc18d406a888228730d74aec610d93f9473bf
15,0xb954eba728c4050eddfd04159d540f5479b701c4
16,0x6ec8966acdd4f248005de3925560633c37cec998
17,0xd2af803ad747ea12acf5ae468056703ae48785b5
18,0x35a94822f1e9d5009fb1917de7d58d2403e20d9c
19,0x3d2f64925d5f50bcbdb52e6b94840f650f52d1ef
20,0xcff22e710159a38c006a20c7067553fcffaa2589
21,0xf007286b42edd56d367a2575fe7cc62011adc51e
22,0x8ebebc9855ef3c14edb02d52ad8439a5c0c5be65
23,0xf4d4c2525f9fd9a4c3e26df7bc1313d1c54cc49e
24,0x5b01f060f7ed6e4d55662550b1ae82da50721b36
25,0x35bf49f6f128060ba6ac0d82bae19e9893fb94e7
26,0x1ca8beb62164721878008a37e5fbc632615e6f7e
27,0xa6c4174d0b65d9fb0a1d378fa1db328b441e16bb
28,0xce1c4254e90b95bdb46a601a5e4dfca39ab5ce62
29,0xc86e58fcf37e97d7802cb5c0141b47d67ba47e32
30,0xce735ca240add00e91eec756569cb1cfc4d495e0
31,0x8169253cfb9db8729fcdeef2b646e0ae32ae24b0
32,0x770170cc339d0a81a345dc59016c8ac6d3438e25
33,0x1929a0454cdd4d925e8fc9b6c366ecd7844866f2
34,0x84861b33ba6c7ae0dc01e0e3192e74d133d9a13a
35,0x7e4a8391c728fed9069b2962699ab416628b19fa
36,0xe66f86c7d3dc600c90e7a688dc79ce6f2b7a0e84
37,0x870485c276157aee5660fcb67585c34d2ed3b506
38,0xb83c28f8ecdec14457b4e53d051635546fd2a20a
39,0x557847aa724ea004041522ee550e1ae14ced6d7e
40,0xace95175b107f0d6a7a2949f7af83d7a3528fb4e
41,0x7ed52863829ab99354f3a0503a622e82acd5f7d3
42,0x92e5a4b202f57b3634d6352fbabba9cf2908a14a
43,0xd3c6ad9edddd84728032e6d63155d62b427bdcda
44,0x23614f922700c4fd49a5586d8fd1d433fedb8920
45,0x1835f021bb2c206a860b5a40efb0b91542edd9f4
46,0x31e00656ea570a88ad311e67e2d3c6577f5f10bf
47,0x5437c60b500476a9e3cfa8175f4f656140875413
48,0x3981d162fdf429e8c9eedc092a6559142aeb6637
49,0x76f54eeb0d33a2a2c5ccb72fe12542a56f35d67c
50,0xf3d50cf146caf54ae68f6c2fd14541782b79336f
51,0xfcfa4369eaa965ac4e36f1dd9fd2852c6542b0f7
52,0x876717db771af232c34a82a30ffdbd4847cd8f98
53,0x60bb4b0bc48b54efa1a3dbad66e45888e458bfb0
54,0x7b9c1e5fd7a21ce19222a6a770b18207c0245ab3
55,0xb2a679838970d6d5f8d06bbc0d2fdda60660d07c
56,0x7f843d2df640b5f986b9c14c405a1728f8084d0b
57,0x2eafec183d06d88ddc60b35a4e0425104d11b127
58,0xc3a0b05202d729e59ad694e1c9d855f02ef8954a
59,0x06b13aa2db75f14035b47506358b45fd7ca2dd94
60,0x7b67fd5a559c8417cbbcbde752aa7acd1d12cf42
61,0x45506871cd93ab014cf91f0264ee9aa31cdcc362
62,0x9c055b935f8698593533f85c9c785482d4e35f13
63,0x41cb29247dd618117c239f885232dea762d6eed1
64,0x1cd9d1fa091fc57ccfae4a78f0330b483994b9e1
65,0xd3c6ad9edddd84728032e6d63155d62b427bdcda
66,0x93b93ff0cc7c90b93f0c8f7a223d6e32476f4246
67,0xef5ad662a5a42c3023e009035ee235082800b924
68,0xf6b8aafe55d7c813b211706e14ade3fe38cba2ca
69,0x6133954cfc1748a4495d203214cf7d96c6bb2c96
70,0x1b5c89ca5880cba9ba81f856d7bdb24a4fab1129
71,0x0360c3330cc7b66013af2b202c6145c9e1966dcd
72,0xed4a59031e82296ed0ce0e3e1bf0020a5570150d
73,0x23614f922700c4fd49a5586d8fd1d433fedb8920
74,0xb40ff1ca580090b386048228ae7140b0dde7f1c5
75,0x23a5efe19aa966388e132077d733672cf5798c03
76,0x31307a56f4d6aa7bdf5f0a0d8c6858e0930ed44d
77,0x4714efb0a03b5f78cc7bab887494ba1f0b89fc11
78,0x08a7ad00dac20aaaeb0612ef3b96b737fe742d4f
79,0x58fe4bc4cd4d7041635e5c17322fdb9c1755471c
80,0x5b93ff82faaf241c15997ea3975419dddd8362c5
81,0x83d20a4b84380e62956e38452533f86d298dbc24
82,0xf508fea5ae6d2edc1479fc46f0eeb646e31fffa6
83,0xc71602ab7a7507f7cc0687ae1586f4729a1edd6f
84,0xeb51ed1975a2988622f56cef9747d86d1c84a12f
85,0x70a78cd1f4c010150797fe301fc02fd03269faeb
86,0x9ef4acc2fd5cde01ece05bd4e44732a023ed7845
87,0xfcbe597e80a3959b8e6c7d595db59900dab0fb31
88,0xa1457afa30b8e396cde5bac320ed7c8e7b521bc8
89,0x90cdb1533bf3382b33e17c2082334024b4b292ed
90,0x7e4a8391c728fed9069b2962699ab416628b19fa
91,0x45914dd3e40b4da6f512eb5d79f9c6ec709743f1
92,0x4cd6d927c0a569e428278d791112b644c225f819
93,0x3f5709c4f6752ca6769c53556f61818bf21bf022
94,0x4cb2b7c5aa7af4176cc59584dea6246abfb1733a
95,0x045b55b4dcb121aa3e16e34cf7279ecc5477d406
96,0xbf978430b5ffdc8250c8b6d7695ee120901d6a86
97,0x5cd3f55a8ca2598177c79ec962914778dc2ab060
98,0x36c8e63ca0d889c1244fce13a9d63619479aca3d
99,0xbb6bf6f74ebed74067200975cf04410f51b7b804
100,0xa6a4be3951f284bcb792dd5034469fa758e7cd7f
101,0xa1f4b6d536b92dacb99d623950aa8a11cacbb8b8
102,0x51b96cc2fd8881b958448cf921b2a67f4e025b07
103,0x05915bbca6fb21f6fe8e314341d27b340049d1f1
104,0x5126ba53c94965c87bb041963e0632b60430ebfb
105,0xfec321ea5242d9ea0c34f3b88b52e89772c9770a
106,0xae568dfd601024e8c0a0c5e04c1e600db044d11d
107,0x0eef9ff29a845403dc29ed4501ccffe406a16728
108,0xb0623c91c65621df716ab8afe5f66656b21a9108
109,0xe25d5c876e24c52f0938967fb6e164bb70bb2362
110,0xdc1f98682f4f8a5c6d54f345f448437b83f5e432
111,0x93b93ff0cc7c90b93f0c8f7a223d6e32476f4246
112,0x5d8908afee1df9f7f0830105f8be828f97ce9e68
113,0xa2bf1b0a7e079767b4701b5a1d9d5700eb42d1d1
114,0x6f1b12a415e035eebdc8559130ea8bdb96add48c
115,0xef191aeb45a0d6f393d4a592f94152836d5758f8
116,0x11692163d68a652e7a05c4a3ee0a6c02f9dc0393
117,0x5bb96c35a68cba037d0f261c67477416db137f03
118,0xa1457afa30b8e396cde5bac320ed7c8e7b521bc8
119,0x6c1ddfb81a3666188267296f10253a5a9b5bae40
120,0x799315838a9d9c458c7f46a4f9d375880741dfd3
121,0xc10898eda672fdfc4ac0228bb1da9b2bf54c768f
122,0xfaa55064941a5f4d3d080686649d8c8437541741
123,0xa29332b560103d52f758b978e0661420a9d40cb5
124,0x22e91e378ffaf43b29be69f925ff76e54424b91b
125,0xe867cca2c634a077096214a8b7affc718be21d30
126,0x2d977893f8f703675f68db4f634ea199be659bed
127,0xa9d89a5caf6480496acc8f4096fe254f24329ef0
128,0xd3c6ad9edddd84728032e6d63155d62b427bdcda
129,0x339833b965d5e3937e8c0f279a6426dd92150298
130,0x81ce8ff5447539f575cf28cd8b1cf7560138d6df
131,0x1f5c5ca19606e683fb6d0343c33e13391d021898
132,0x691eae29da22702b5b0668dc48704b7114563eb4
133,0xd03ad690ed8065edfdc1e08197a3ebc71535a7ff
134,0x4714efb0a03b5f78cc7bab887494ba1f0b89fc11
135,0x9325564ade7683706107685cf1993678b1163261
136,0x911ae459b114614634ff30e3a5a1e1c3bb532ae2
137,0xa946174c101c8631aa1967d2db1477558f174649
138,0x2fae7ca03363a8722df266fcc1df74f3957408a8
139,0x48f88a8d8e4a9dff33c0a4d857a81a189c2d6e07
140,0x45208c10e922d932c0a638e7d8e92307fc73b40b
141,0xa32e9a93407c629d1a952bdadc0d2f72887d0326
142,0x9796b9443a3ffbc60eab64f33e368cc19eba4f33
143,0x8125fdbc90f5f5442215d149973e824fe4b641f6
144,0x7f843d2df640b5f986b9c14c405a1728f8084d0b
145,0x68cfac789db424b2fdf5abd6ccd9c33eb59a6578
146,0x6acccee5fe331b1fd9bc2363c7b5a6dfd34e4426
147,0x2b622689ab932f5c6f5d1d3279a138401230c3bd
148,0x9209d23ec84202dd616324addf58faa36f7830c9
149,0x1f3370c7891c2a976652dcb2f6e563098dff87e1
150,0x83d2486b9646cf6f7a4ea8f0cfa8dfb961f9d6bb
151,0xea471aa6f50520c545bfd8631bef12b3c59e4cf5
152,0xc343a10b34637960b6dd7b9f7d80826d44588f34
153,0x5f91ee5efc34669fca4907aade764da342bf7999
154,0xf4c6b2e478b9b6da5a5e53c018a0e17fb767f458
155,0xdef609375714e625f9965677495d437351f4dc34
156,0xe4d242e7fae0297d43db6f22cd903c07852b7fee
157,0x1eca32984919a74cab71caba121045d0eb3e0120
158,0x0119b5cd310308f698a0f334d2183030f78c1ffc
159,0x8f58c7668bc1bd09d597b65c2d8525a593708280
160,0x72cd919413980415345928f53f3ee09048b0fa19
161,0x1cba9d034a4e8a9c4aa6a22d7cf16e9028becd3f
162,0x0329d0a6fc4b61063b92045573d11517e3dc38d1
163,0x6b71a2ded86b4caf125b9ca54288883550454c18
164,0xd7e986588bfa700669ece93ac8d07666a9ae5640
165,0xa31cd363cd2867e98fb0102e07e0c226f8346e48
166,0x6439543a2ff1d78d25abdc8daa75bb004e210183
167,0xa9dd60aac3084c77bf6f17eb05615199f63c5fbf
168,0x30fe0d8d2d81ea568ff60b6e28ab74eb7e548cb0
169,0x2eb272cde64e66d98a31751ac5229fa4808067ea
170,0x18016e62c26ffbfef1467e071894a6abdf51cf12
171,0xaaea3f5868de8eb9bce8cbaa4b4f2d6dc1b92c95
172,0xed44aef74a7e2b73ddb272fc3da329a701ce5a21
173,0xa0280e874944a935c074b2707b1d409ff50e64e5
174,0x31e00656ea570a88ad311e67e2d3c6577f5f10bf
175,0x3b9a5c504af917c8796eaf421ff9d92a75d21af4
176,0xdfd93174b67725510b685a298a7abb112f4f0522
177,0x13dae9bd6517820244d440e807e8ecd585a0ae9c
178,0x870485c276157aee5660fcb67585c34d2ed3b506
179,0x55349cb224ea2a0cb8c6466e8ece7a17867dfbdd
180,0xa1403e816302c975c008ab2ff784296914aba46d
181,0xa8a2188916d3744569327c4b1e067729f9443182
182,0x5d8908afee1df9f7f0830105f8be828f97ce9e68
183,0x38963e5e432b8e33d26f570e6829e16aa5cf72fd
184,0x0f1020dd3bf19518cb836b6107403ab19d3c4edf
185,0x3f0ce104e4432c8c1dbd96ef1f1ee0b2afbe1ca4
186,0x31a023ea36454c2dc90e26720071218c1118255f
187,0xdeaace125a43db56de239521f3060b0ee2f3ccb6
188,0x099b9dc113301ff32af565be130f8fa7cf073e98
189,0xe58585b22cc2ac4270a2b92c2d2d8c5db5a3330e
190,0x78e87757861185ec5e8c0ef6bf0c69fa7832df6c
191,0x197820f46543e418797ec77780ed235e9a0bf3a2
192,0xfe0b37c5537d7fbbfbd32881ba3fb8922752ac8f
193,0x3d4fa8d652e1123bdb9ecc2dc308a869bccad606
194,0xf444f57e627dcb0bad06cf77c6fbf5e79718c5d6
195,0x76cb809054e61bc5ed8d19fbe4722a786e5210a3
196,0xd46f7c5b3661bb2e4a81cd1eeef7fa8acff43491
197,0x6e90fc0e1c03ccfafa6275aca82b2d7ef67241f7
198,0xd95a49409529b1ee533c9a1166c9c669f21722e6
199,0xfdb19ee60a9f3893ffef6773463679619095cf4e
200,0xd02bae47fd93325fd0cc3d660b73d8f93c4d7b5e
201,0x67b98fa27f40028e9caaf5a02535cf112db833aa
202,0x2bf063401290b88b67e6aad60f59dae4a3739b04
203,0x00de3a8bdee6e682c3509d66a947d05a8ca797af
204,0x2f42fcd8d06a840c242814ea5aaaa60699c3d69c
205,0x735da2416fda3cc767d310499a72a5fd8b2fe74f
206,0xd5102725cc00421854dd616a2d8769ce36017315
207,0xa1c7bd2e48f7f3922e201705f3491c841135f483
208,0x83c9440dc34da00c47a0d4dc2b598d7bdb1b53f7
209,0xffd0b16ad371a90676c4442b4065ea01cf500e11
210,0xfcbe597e80a3959b8e6c7d595db59900dab0fb31
211,0xb72ed8401892466ea8af528c1af1d0524bc5e105
212,0x1873d07cffbe27d73645d97d7b250db590448494
213,0x2b1ad6184a6b0fac06bd225ed37c2abc04415ff4
214,0x81a4e4e6b5ceba1fe01b57c534814a791d32d697
215,0x221208ba3781c1aaaeb5e31f1670d42ec3550020
216,0xab88170aa3d24b1f6c1b37ffba5d3d2c4382afa2
217,0x955369d1aa13dc25bc6fb9edc4bf9a5fb2f33701
218,0x7ffb8abfc5ee29c022251cf0db53d1dcac2f5d80
219,0x3be8ecb32b3e003792e68180295f32c5c7145887
220,0xeb51ed1975a2988622f56cef9747d86d1c84a12f
221,0x21b3c0662ff70674dcae175631efb11876d602b5
222,0xf686fff067a48d0c9fb233bd958c70797f39b750
223,0x5196b1b71c5ce54d99b353a475f00d9aa645f1c1
224,0xd14171490d67c516697efab812583b9d9fe0defb
225,0x0a3a60847d1972830a4972e4ff179a0719edaccf
226,0x1494ca1f11d487c2bbe4543e90080aeba4ba3c2b
227,0xded11a75f5ffe8cb01c1b5ae9fbe5a5b2ff199b1
228,0x35a94822f1e9d5009fb1917de7d58d2403e20d9c
229,0x0be0ecc301a1c0175f07a66243cff628c24db852
230,0x6cc76d20646af5e6944bc6bfe60d21ea3fee63a5
231,0x4752d96a0564728c596ae067844c2d1edff37131
232,0x04bcc6644c694608be74fe716c37da670183e0f4
233,0x431be6f935fdd4fc32b52a80fb8b8e0afee55564
234,0x61c8d4e4be6477bb49791540ff297ef30eaa01c2
235,0x84e39a52d7f3f8fb63723782653d4cf71c465a95
236,0xe25d5c876e24c52f0938967fb6e164bb70bb2362
237,0xcd7a0680c14b13618bf119ff899ed10ca4dbcccc
238,0x33a195fb55671fc2205764955393108645ebba38
239,0xd3c6ad9edddd84728032e6d63155d62b427bdcda
240,0x54c375c481f95ba43e2cecd6ef30631f55518f57
241,0x1ccb144b700ec726d37db38c617e154de6d9c0d0
242,0x3cfc3559e67a6132f6cf81fd9de62409dde95fe9
243,0xf8e7c18638cda875f73944f582d3d44706c0036a
244,0x21b3c0662ff70674dcae175631efb11876d602b5
245,0x53d290220b4ae5cd91987517ef04e206c1078850
246,0x477289df0b0437f0b595d8cca6c70935823f3d01
247,0x6b71a2ded86b4caf125b9ca54288883550454c18
248,0x1f766d64ccb4b7e63a6cf347c5ff859a8697f6dd
249,0x277d46fcbe71144c6489d182a8aa00da61b57b07
250,0x6626593c237f530d15ae9980a95ef938ac15c35c
251,0x6439543a2ff1d78d25abdc8daa75bb004e210183
252,0xe248e8e146482ae90dc02daed506d802a8c5ee9f
253,0xb116fd0c35022040d72d843f3c448963b57c7adf
254,0x376a46322c00c583e7fbe5881cee27fc218069c6
255,0x7b9c1e5fd7a21ce19222a6a770b18207c0245ab3
256,0xab71ca3e69112513819a2fda1e7698715ded306b
257,0x315dd22d47018174b03922f4978c975c7c39cd5d
258,0x21b3c0662ff70674dcae175631efb11876d602b5
259,0x7af7ca67aa827f58e0659c52a641aee55a43b535
260,0x6ec026bf93622e9c6c64101e0eb3dce3bdb1aa7f
261,0x64b979d5d7161c93882e454d9c97c6f23e2b242c
262,0x84e70ca6414931e3fc424b800f5f7b6d5b6c613a
263,0x6168bb05ccb4aaded0169602bbb6e3cae12902c5
264,0xd9b522a9989195074033ce780cafde05f36adbf8
265,0xff1e8f16a59d77c8c70a13fa183040fb1e2fb2f6
266,0x145b8d0fe270b7bc4c362ecfa12e5f97e6788c48
267,0xd4fed193afda571bb2fab9d26fde9ef8054a07df
268,0xfff4de32bc0d0c3c70b4d4bdd6b709afa7323a05
269,0x876717db771af232c34a82a30ffdbd4847cd8f98
270,0xe0847852db3215c1a5dcf0f78fb032cb61a89732
271,0x54f38f4e33e47bd13e7a0f46ed7afad61a40bfc1
272,0x46ba65479c4c550fb602065c0bb15d67472f78d1
273,0x16598e250bc89b6a5f0f81942cbde8f9fb42babc
274,0xbd8016122fa9fdd6e77ff5fe384a547b67e71eeb
275,0x42725a485c4dd073a3c15895c216acb15872abb8
276,0x148a1e9373ad8d83a8b12592ec90b6f5151b176f
277,0xbff466b48073bb1ffda6c644f4c0cdb61287c75f
278,0x8dc605954898761ce6e22ff06b6c02a209eb6e35
279,0x57e648f095dc7d8b26e97dfd1d03be8d7fbfbf71
280,0xaf19783bbd2dda845478a5fc99099c45aa79239e
281,0xf521d6c8af07ac69881226cf314e7ad83a94f517
282,0x201c69130ed114fd7a1e8af7b331f4fb4b6f9060
283,0x3bac2580009a4c98136360a25b5a7e637a01a8ad
284,0x0c224fcac2ce42cb55109f34104a91fac6879d38
285,0x837d79b35982c7cdbcf53a2f181169ae47a460ec
286,0x00000583cf2c6aa7488471fbe12ac7f0dfeb1cda
287,0xd9fdd7314cc201bcb3a1a5455b4c458a76eca718
288,0x55349cb224ea2a0cb8c6466e8ece7a17867dfbdd
289,0xe56707055948953f4385b80ab2eb5c37763fccf0
290,0xf7922478a472ad1e8e582f4a08a3bd92dd7f2580
291,0xcaea48e5abc8ff83a781b3122a54d28798250c32
292,0x822b4457a36d6439e765bfdc47a9849d77d0da5b
293,0xab9e8538d693c602ff11efad01c8ae4457853e42
294,0x6da0a1784de1abdde1734ba37eca3d560bf044c0
295,0xd657d4dcedf447aaad1812ac50e35be676d41f74
296,0x45916af40c24af590d42e9054885fedbb17523ed
297,0x6db92e4c5a4a417772747ee1c277392e1cd28f4a
298,0x98cf938dc11707a454ff46c149240e2da064f3ca
299,0xa63519e67dae9a551ad34ae679cf0e911a78381a
300,0x22e8ce18d2d1155bf65730476d2a8b87ffa69394
301,0xe7d67aa6174b755b5f5d41440f7917ee6a09e4aa
302,0x3cfc3559e67a6132f6cf81fd9de62409dde95fe9
303,0x3ec471e7637d93bc50a57cc63ed4e80d5b44a69b
304,0x066a2edcc0b7278a2cf5bf2a040b4a54a41a9550
305,0x5b01f060f7ed6e4d55662550b1ae82da50721b36
306,0x35bf49f6f128060ba6ac0d82bae19e9893fb94e7
307,0xce735ca240add00e91eec756569cb1cfc4d495e0
308,0xc86e58fcf37e97d7802cb5c0141b47d67ba47e32
309,0xa6c4174d0b65d9fb0a1d378fa1db328b441e16bb
310,0x8169253cfb9db8729fcdeef2b646e0ae32ae24b0
311,0xce1c4254e90b95bdb46a601a5e4dfca39ab5ce62
312,0xf45416e4d4b17220c35236036e22ed0933f37c44
313,0x8e545e6e4342d1b22458bea1588825fa6de422de
314,0xdfab977372a039e78839687b8c359465f0f17532
315,0x7a0920b03b3f2ba2bc24ee52506896a0fb9c809a
316,0x9d60bd851a86c5b423353b6383c944be90837daa
317,0xb297c9c7e3b7da806f2f32a4e48dfa4159518af2
318,0xa6a4be3951f284bcb792dd5034469fa758e7cd7f
319,0xe1dc8cea0bec8a0638e4dd26d9092edab9f60f9b
320,0xd58562cb3825ac63044a685cbf48c01410c8fbfc
321,0x3fa8a1d5ea4c79e21537b32430cbd515200cd995
322,0x90c828336c27b6cfedf8a9ba6d181ed2a5a7b1db
323,0x0ebf9732458b493abad370e30dae942f07f03463
324,0x8e4823444c3613a56895857be1692ccbc570b1e9
325,0x35012871d6d52918c82fd77a5aaa9c90e1420108
326,0xea4a014ae92ae704b269b8947494d1080a5b9dfa
327,0x345122f87eeeb2bfaf20f21dfc40cf06a685798a
328,0xe52bd7a3f7c9461ed23ecc76e0b69e884d020efd
329,0xbb85c2591d54cae9a754857570020dc312139ddd
330,0x206086773f541a810d91bba403b86cd473e39dfd
331,0x372a36fa4cb634a7cb7ace0f5b1ac114c78ecd77
332,0x2533321a436578c60a176bd7cb0f9b2590a98ea1
333,0x0db2f818f034d022c42d5380725aaf16fd557b7f
334,0x2fae7ca03363a8722df266fcc1df74f3957408a8
335,0xc898030436e83dfe6846141d149222585a778cb3
336,0x523e95f068decd2bc38b3b7e595a4e9d41a2e70a
337,0xae6dcd07fac9d7cccc98509120c1071048cdd8a1
338,0xc7c783ff2cbf76ba56448fd92d2fbd28ac9ce2c3
339,0xa9596e4eecef8acd15c7919f4304953dc32419cf
340,0xe0d473a33c307dc353abfbd1a7fda8cf568015f5
341,0xe69c52bbe8bd05519d4b8e9285d02334d9b38462
342,0xedd5a10d3d719883deefc7d04f23850cef5b1351
343,0x7bd121dc760a7d746a86a73fdd81d0650ecf4b26
344,0x458f89a672558b493cd9c6f8d53bdd1909be9dad
345,0x2b292ef47b04a4aab678b21728e347bbf2ca3e1d
346,0x02cd20ddd768339655e280bb1f275615eeac5e46
347,0x0439274ec236e1247b95319c5f253024fbf17df2
348,0x2b1ad6184a6b0fac06bd225ed37c2abc04415ff4
349,0xc46099073378f56ee196ed410d2b734c059a9f9f
350,0x2202eb2ed6fa68646fc65272186e8634cf25e37d
351,0xf1be236378c32360792b107ec1d2d76c8a86487d
352,0x7c0bcf284549dca0e465cf5f517004a118d6fb32
353,0x18bc254c9b510ab175c284dbd7947d4d50e6e056
354,0x80619a4d7d747ac0868de1dbbe692f255a366066
355,0x128e5625e15fdba91d6ccb1abdfdc62b5d152b4f
356,0x0b84d1d6c2e2832af66a88a79eaca1fade4f100d
357,0x39ec45d1445d9bdcd3a04238464b9f486c6ac748
358,0xa3fcec50569e59533d093c5d509f58e780a09718
359,0xbb85c2591d54cae9a754857570020dc312139ddd
360,0x094e4b82a5722271546cca99c8c351bd840669ae
361,0xe7925d190aea9279400cd9a005e33ceb9389cc2b
362,0x8d07d225a769b7af3a923481e1fdf49180e6a265
363,0xd5bede83536141ff1eb576fb2d6f4be6f72e2af9
364,0x93e459a7fa7886ce52993a48445646a1342f1bf0
365,0x067b9bbbbc42d2ab9b9ab6bb62646daf7f344a76
366,0x109bb92503c567ac52647d507849aa9429077bf9
367,0xe882c0cbb836c34447dc58f74c08f373a6d37cd8
368,0x04b6ea5a19b8945eddc4a141408ec34c2a55a34e
369,0x84e39a52d7f3f8fb63723782653d4cf71c465a95
370,0x59a5493513ba2378ed57ae5ecfb8a027e9d80365
371,0x88fb3d509fc49b515bfeb04e23f53ba339563981
372,0x99ae31c5da689fe88c5a9e0648d1ec89aa4dc2b9
373,0xff770424739a77b8990632c75ed859b74c0ef749
374,0x61c8d4e4be6477bb49791540ff297ef30eaa01c2
375,0xc4566f21bc8e35004dcedfbd960e7380a986d877
376,0x7e4a8391c728fed9069b2962699ab416628b19fa
377,0x3f15a8d593a6626b23ead270f7b1085ae23ba469
378,0x3a14285fb3f34a9b7c0109a14360a089f95b5430
379,0x04900d94ce6b1689922d8f0f672f8473aa49eb62
380,0x53c40473dcdfd927c4201ccfe24e314a7d7c3584
381,0xa764e775bf36a4a4755db4913a21e712bdec0b43
382,0xe6b75cda45d8f63bfa427e247ff8d2632f0dd7a7
383,0x8e81df3f82a10831e709899f61a84b3f7896d6e6
384,0x7e1feb23c08bfe287f6d3350281029af0889502a
385,0x012d01940d2ca5135f2205f5a16d40ad35cb07be
386,0x600a71d188cfe473c6bf41f82e4a055d88e2fdec
387,0x3d565400f7d9880fa2691cede313380f901ed5af
388,0xd95417aa3023043931328d5a3baa6afd80379510
389,0x47c125dee6898b6cb2379bcbafc823ff3f614770
390,0xb10096c495d62d2b6b4ceb3e13f72389625873fc
391,0xc7a3f400cdde42cf52f240e46ae83d59f3df1303
392,0xa8ebe1eed676d5bfeb7f7b5933625281489af8a3
393,0x5b19de7581cee12b016273826fa75cff436525bf
394,0x77a80028a50a7504604646ee51586a721f52f07c
395,0xa9dd60aac3084c77bf6f17eb05615199f63c5fbf
396,0xd1570080bcb784b4f5e378dfd4cdffdfd6c110f6
397,0x28f13cbae11e2e295f53abb87ed0a8e9fc8abaa8
398,0xb584bfd8377df5e81562b49fc1d1e4e33368bf2f
399,0xeccc484dd4093f62fc24c4725800013fbc2c1d15
400,0xb2919e1c07730234ec7601e48492ac4fabb444c5
401,0xe8f5fbf59da05150a344c09e0b89768f09ee68b2
402,0xb0eb9addf14bc5d5b094d4bd759befd28ecb11dc
403,0x109bb92503c567ac52647d507849aa9429077bf9
404,0x9e49f369b7dd3da072404d37327a6dcdee116455
405,0xb116fd0c35022040d72d843f3c448963b57c7adf
406,0x0eef9ff29a845403dc29ed4501ccffe406a16728
407,0x061716a85aba5e37626e4a2c33596d59823d30b8
408,0x51f8f77951f89a5ecd84af062ddc29953c67898d
409,0x6a3b1bafc5090e98b8f30e0b4abc5fa51607d2ed
410,0x311ddf76c51051c9a32653d692f7a78fd6e48106
411,0x0f5da7b23d7abffd0a7e355dd4434fb0858275e5
412,0x5e06c7399510e841805bc4ee17f55557559216bf
413,0xab71ca3e69112513819a2fda1e7698715ded306b
414,0x925a0d3e47e8dd9d3377425e4df4fe1a6a145740
415,0x9243fed0055c8aeaa31baf425c3e96c19de9cd43
416,0xf65518a4101097ac67e82827bd6daf8ea4bc515a
417,0xab9e8538d693c602ff11efad01c8ae4457853e42
418,0xecba53586ce8d43a46cd8b9dcc65354447539821
419,0xa32e9a93407c629d1a952bdadc0d2f72887d0326
420,0xe0ca00bdae2768576c73ac0ef2fa25d8bc68655a
421,0x09e783a4292dc39398654394372f3ac2b0a628dc
422,0x7eec35333afb0ab6996085727e1939f008840410
423,0x6af96801c33ec00f2c99c8bdfec0d4e902a4b00d
424,0xca6fcdd398220cda20cef3e59bf1ca96b17c3853
425,0xb46b8789b84f0f989b61cf3ddb205915917d8de6
426,0x176ce55d91fa7b893b1d78fef228b2b44e34e057
427,0xbbf3f1421d886e9b2c5d716b5192ac998af2012c
428,0x8ba5067e59e8b212b433c90e5cd3e0cbcffbe515
429,0x9a7a03cf3bc98eb0f2da1318b451e4f2604a65db
430,0x1f1b80e970a7c10004feef36fb07ab72851a53b2
431,0x62e0c32636075fda71ba26594cf1724eae095674
432,0xac7326fcec955bddd1cbf4507e568b55c79c12cb
433,0x7606537aa57c29a0f54249bd7f236f82d782ee0a
434,0x0be0ecc301a1c0175f07a66243cff628c24db852
435,0x918558df5a12ba43657222bbcf1a735494a5024f
436,0x0c26beed794c53d753a1e5f95f59a10c6583c0d9
437,0x458ceec48586a85fcfeb4a179706656ee321730e
438,0x955369d1aa13dc25bc6fb9edc4bf9a5fb2f33701
439,0x21b3c0662ff70674dcae175631efb11876d602b5
440,0x2fd682bbe2d72eeb5aef81f0f20dedf5b622975b
441,0x5288c85b1b24bf8ed0fd445715d6aabf63cf0a0b
442,0x686b4535ff6573cef3ff37419a4fc6ac775ec7ea
443,0x84e39a52d7f3f8fb63723782653d4cf71c465a95
444,0x49acc60fc88befec6cca547df2eda28e348eb2e2
445,0xddca6ad89f5e5129f7c8d6d3abfea91e905ea365
446,0xef981774969a62bde05a8bf5181c0a19a36d5c45
447,0xae50e4c47d5fae4adf3d597cc17683678c77d52a
448,0xd23703521516458f979d7c951865979051d62892
449,0x477289df0b0437f0b595d8cca6c70935823f3d01
450,0xb40ff1ca580090b386048228ae7140b0dde7f1c5
451,0xadffc7ff3e937e3d7a34e989fac05fe06cd0fc99
452,0x3b59e42d9f33906ff58813f9bb8be58b185d22f2
453,0xb40ff1ca580090b386048228ae7140b0dde7f1c5
454,0xeb51ed1975a2988622f56cef9747d86d1c84a12f
455,0x7dce7bbe586917626773cde96e58b9f21363cff6
456,0x5445c0719dc90f70b22ec8c2e225f9e6b4774940
457,0x36bed53b24f982ea2f4b231b3763cf453401e50d
458,0x30fe0d8d2d81ea568ff60b6e28ab74eb7e548cb0
459,0xeff506a32b55d5c19847c1a4f8510c00280c27e5
460,0x3cfc3559e67a6132f6cf81fd9de62409dde95fe9
461,0x2891b78092310ce8219fe8298bb0fe7afa69f43f
462,0x9b616ac1d31f17be9b23560d93699ca7732e2808
463,0x717f4308208827bc51982df8f8fb28e49cd6d540
464,0x10522996b74d19fa7fd438dfba1f05a5a55f36af
465,0x206086773f541a810d91bba403b86cd473e39dfd
466,0x7663697900dd93a6d4722bc150d8e3a03c7b4866
467,0x049063afec15f575944003e46ce5d614feeed99e
468,0xdbeddfe35cd0d6e4c08d07485aa64cfce7205953
469,0x3651ef5e30388536dd227214b1d82ae4956acdb1
470,0x56584ee28735e10b381275b913b934ed656b0e28
471,0x0119b5cd310308f698a0f334d2183030f78c1ffc
472,0x8e777369b4bd6fbbf20270dc8c599ea11d919505
473,0x3bbc1089f93246e2a442b8ffc45f472eb79507d3
474,0x2d00e5517d2ed59633b231fbf57d0d3f53166aa3
475,0x547382ef49b2cd906e05b4685739ad241d636347
476,0x10d6d2e343281d388291a3e02f3293aaeda67178
477,0x19b570af5dddb8f0f5a15c83d07a1c5153865188
478,0xbc5ec594509ed050f4a53eee85d92af6d2529b56
479,0xab1e8a933d33d4e97639ee355197e0c90c97122e
480,0x2fae7ca03363a8722df266fcc1df74f3957408a8
481,0xb10096c495d62d2b6b4ceb3e13f72389625873fc
482,0xf4844a06d4f995c4c03195afcb5aa59dcbb5b4fc
483,0x66e8bbf70539eae485aa9095b73b3334e00e3919
484,0x2891b78092310ce8219fe8298bb0fe7afa69f43f
485,0xccb82218c6f82a2b750cf0d65e21ae6eae14070c
486,0x43c68a280f464383571af7adc39fb148589eae86
487,0x1df4c04d9c4247bedf051e73730c46a03c3d3050
488,0x5a96c8d06bd08c3dac03626381781b973d281e86
489,0xc7a3f400cdde42cf52f240e46ae83d59f3df1303
490,0x2533321a436578c60a176bd7cb0f9b2590a98ea1
491,0x7a31b8dc3cb42cfa99e5176e4b91e6c55bb24e92
492,0x049063afec15f575944003e46ce5d614feeed99e
493,0x8d07d225a769b7af3a923481e1fdf49180e6a265
494,0xea037a669d7616c221b3719155a9856088316e65
495,0x070341aa5ed571f0fb2c4a5641409b1a46b4961b
496,0x61c8d4e4be6477bb49791540ff297ef30eaa01c2
497,0x283d37e46f7817610fa03fe8ece875a2897a8df9
498,0x76e059c6ff6bf9fffd5f33afdf4ab2fd511c9df4
499,0x1aea5e7a094ab5f411bc478ca8c86f0424c63de1
500,0x0be0ecc301a1c0175f07a66243cff628c24db852
501,0xf7c6382da0a3ee08ad4c201b01e33e122600ab6f
502,0x879aff2c8d6e2f42f05441c4ae999e7815770bbd
503,0xf7805069eefda41c971e33befeb2ee4f8b277dcf
504,0xf6884970c9467bf63136c5c811ffdd98f1e5443c
505,0x7660cdc73c17eafb57b272cb527d770f81da32fa
506,0xfed6b9243748e5a5bb5c1f373fd7da9fca235334
507,0x4391522a1cb89b3d9829697bf2167a1f73b93ef7
508,0xbc488210de97524e0de415a319be693efe68c9dc
509,0x9ee0bc52d578b8b4bbe7f51eb1a81adec7be058a
510,0xe66c3b38639e18492609a23d7e7a362c96a5e749
511,0xa89bbe1cb52ebca52f8914b0c5949aaebca631a6
512,0x3e91850447bf79b633e7ff6c5567e204a5cf409a
513,0xe8c3a3f1eb0a4f845ae1f2115d18db37ab55f51f
514,0xf54d6eedb3395c555bc35ddf25209c4960715011
515,0x341b253b3af56fd5339c55762e3e18b1c490e530
516,0x06545561148643b07b9c33ddd0433960d4f44c73
517,0x4d3accc0154ce1a278fc8387948f1f57111ea0f1
518,0x92e5d84e70fcebbed9aa7c683c58f2e8172c28f0
519,0x71044b815005add2377edd8e365f3d463a2c523c
520,0x324e58b1d1fa380b1767e52bd0b9936c2be03017
521,0x14a534c7d26cee2f3a83ead44d3ef3f1aedbf6c2
522,0xa628645e0e705b0593b039b90461541ff9fc78aa
523,0x478088a9e4ba5718db0778ec9a7bb5771d557634
524,0xd950c92cb59c5a2bcebf0614a9b2e05d029b28fa
525,0x33d87f24a5ec3cb69ba21a12bea7a6172347b150
526,0x4a245bb6afe14377b83da1d7b0eff8bab72e7d12
527,0xdea54fca09b8ab7cf3f06834e528da991e7fe199
528,0x08232334ddb607a3a34d7215a1a3b85d4608e6fb
529,0x7f43909414ff1b9e8fcc531e87212378e4a3f9e4
530,0xe3a4fa4faa7189a4f650ab8b85a1aa56856cdfa6
531,0x1561896754698ed252f118ba5ad370af91f0a0fc
532,0x405d1f1bfc8bf5bd5e7958544b34f93cef1a18aa
533,0x6775d48c50acfbfa0d0656f19818f5156536590b
534,0x53213f3b36044684ca701e5a1667719e82b6bb36
535,0x8a5d3479663e6927f6c527de8b8c85add4444097
536,0x6cfac3cf77a359d7ce28c14f2d53de48981e0f04
537,0x7b5a5335897b5c3fdad92f3669065f337a434e36
538,0xb532fe24310aa59fb428a3dd02dc61b86bf953fa
539,0xc5e1569772b2d425ac9469d39f17341c01e1cf4c
540,0x1f0147bc4019c5add7ecb7267baac9d85d2470e9
541,0x7322f25290479c4f12be6b6058f606ecd73cd32e
542,0x2f564138fee05540288f5aff4bb167e05e20701c
543,0x05935b37d38d374f4d27e63dc7df2c8ce687b0ec
544,0x4817a8481aaed2c5f127801d15cb36c074987f2f
545,0x35012871d6d52918c82fd77a5aaa9c90e1420108
546,0x85c0c09570c955f6e07522e9ad6041716cbbb7fe
547,0x7eb128b2e8e9c5d85a9831c3fa977a71dad9558c
548,0xcf3a5dc620998fbfda2458a543b3b1fa017a25fd
549,0x0f29dddab3d64b9e101a481923114a27ec431f49
550,0xf762d658531a18f04d86b4410091e8ebae2880ae
551,0x2d92441144e294d8eced55838d7665d04d64ea09
552,0x49a34938ae8362e7cff78dce3abb54840de79deb
553,0xef8f444834b8944b9d443660799c98753a352961
554,0x69b197e7631c285b40a9a874cd3a2688480bddef
555,0x505cfea620d85208910236bfab2b6edc6dbbd033
556,0x72e6d1a661fc8b562a4e8c3ff13b49bdfee12e6e
557,0x27630fa16ef8a7b8af96a863d4f82c371cb4792e
558,0xfb761038955b20a923878d2b8cf13b9c352eabbd
559,0x37a9caa906a07f9836dafab2a650b0a0e5e4e0c0
560,0x74fb505528641b594af9b895ef9c4aec181a7cb8
561,0xeb51ed1975a2988622f56cef9747d86d1c84a12f
562,0xef5ad662a5a42c3023e009035ee235082800b924
563,0xba743394ca6c38886c066e45bb9980a09aec7a65
564,0x372a36fa4cb634a7cb7ace0f5b1ac114c78ecd77
565,0x763d154916ba1fc303536faf363802d093a3c5d7
566,0x02cd20ddd768339655e280bb1f275615eeac5e46
567,0x6ec2f12bcb229100c2e935fdecfc90eed8b90534
568,0x9e353b08ef2c35fcae619f160d9a1c6754138e27
569,0xd6cb09384c7e2768f04fd043541aada441cf0b2d
570,0xbc0dacfde88397d7a72c234dd3e43dfc84ac5e57
571,0xaec00f4c9eb077ca4c9183dfd0d5db1c93399259
572,0x42494676c45e9601d9f70297ba31fc7fcdb19c4b
573,0x60b61b0035b1438e7f101daa9e5431c02efb2ab2
574,0x4ed91368f2fd88d43b26fedb30e642b4a3a002dc
575,0x48df2dabd694ad39014a61bfbb26360fc7a709ab
576,0x6516f67345e46f2c1a69d0ae8c8dcb8f245d5dae
577,0xe15553f2b19301849f68d0ea7b145bb19646c727
578,0x616c259b5fd4c3ce12199c260220c80b38897d30
579,0x75311d6754094a733e9b1dfe205d73aec4c26e2e
580,0xc72083b36cffda05a85600a90f6af123c0cf5f3a
581,0x4728394775a53422b4cf4d07a3b619bc9bb16b5e
582,0x4f122f247f795b8a19c0803b20a3b4665f858bbc
583,0x2d407ddb06311396fe14d4b49da5f0471447d45c
584,0xdee43b42aa150242e60cdcc08cc7a9ceafc0e8bf
585,0x4c37700d949db46aa11a9f1627070f9af31f8011
586,0x47a70e91268ffd1219170aedd13eaabc88253d0b
587,0x0f497f082539a8d92ea1c0573456fbcd9f2e4b33
588,0x04859d7ec8571e0d05170b6bb0c11cb979597758
589,0x08a992b12ebfec26068801f4a9ab019b731cd265
590,0xaa163c47065c22d17ed1c47e3e244337d2056c17
591,0xd7e055635ec1f37f87b51d24693818017ffeb422
592,0xf7487c3c9773a8c60b60631428498551a0c8cbfb
593,0xcd8ed310678470682d72c50635a79ef9346ba4c4
594,0xb3c9d7ad334201affc2199be0b82faa802ff723c
595,0x512c579153ac6fd961a7d9e7b19281b855aafbe1
596,0x54a22a7712d9dd85c5953362c822390521bef0ec
597,0x1e9656db0cea8580f1070a616e7c1eb07a4293ab
598,0x83ec1a7091102a32f3e265315b98c16caef2a75b
599,0x125f6f67e41b4d5674729aacee15cd1cc153abb3
600,0x547382ef49b2cd906e05b4685739ad241d636347
601,0x3189488706f9444d25107f218d4a23863c94a614
602,0xc4b258a1f6774bbd42667ea2969cb4175ca1fcd6
603,0x1e5546545d2caa364942f4473c42e9217b4d7094
604,0xd34a7095b8aad4a4a125a2bfab003a030f319fc3
605,0x9d31e30003f253563ff108bc60b16fdf2c93abb5
606,0xed3f0b5236f3d645b77e7983191833e3b8c1fc50
607,0x1994b59e02cd0d09d839b03660c205e88a929b81
608,0x8d9aa1b7af5ad399e74ac8b4ca04e3a8299027fc
609,0xf441de27dbbf3cdcbc2f9b18700ea81728f8a522
610,0x44d83f86b3bc151d931342bd32a66b50fd157fb9
611,0x8ec1b644fda47859d9db8441219ab52c0f0e7cdb
612,0x82eec4842b406e807e6676f6cd86229266f17751
613,0xf8bfbd8dc11bc99039692520a02f4d6dfe712a90
614,0x116b429a32dd2a397493b53b995706f81fcb7004
615,0x188c30e9a6527f5f0c3f7fe59b72ac7253c62f28
616,0xd465be4e63bd09392bac51fcf04aa13412b552d0
617,0x54e4e6ec6b14732241d0d11f9140fad10d471025
618,0x8d07d225a769b7af3a923481e1fdf49180e6a265
619,0xc898030436e83dfe6846141d149222585a778cb3
620,0x3247da930721fadf467dcfaa2e211fa309381371
621,0xbbc5c86181bdf75c6dd545c4ce9f3f7066c98355
622,0x065d5d9a9d3d3fb22e5c13b5881f01306315a85a
623,0xdf5e61e7b0ed5e489263a182ce12c1aaf54cc89a
624,0x4ed0864be1c171d95c7b66b3d507359f86122f35
625,0x5d8baa90566189ebdfa2a88a4bf5bc367d37c12b
626,0x40e652fe0ec7329dc80282a6db8f03253046efde
627,0xdfdc274d86351ecae8964a66625e7d930fb80a98
628,0xd51b897ba262d5951c2be0db67876ea5c7017bad
629,0xed44745042ffbc012b19788ed78f8d539cd12c02
630,0x2db635248a91b3642341ed606bbee51709a66557
631,0xccef9e71e39362f84ad53b8c1e2c4d712c9e609b
632,0x8f9142f93e83e9b7cac61f721923434972f00e0d
633,0xf2efc7b78168abc6a5be99e5624c64f2499d91fc
634,0x1ca62985e97c7106c9c3e4bcb4c2baa6a8d2f365
635,0xb451191f6ef9011ea16956080123b6197aadea4b
636,0x9ff10612af2b7ab14dcdaeb2f8e41ab6f54d020d
637,0xd3a349dc7cbfafbee996528ad3c3839940786486
638,0xc63f0997aa1c1332686d594bdf3ed71911bc0492
639,0xd7cf3280275759435c7494d504fcc6d5ba65fb0c
640,0xa300f02abef459262ab12423cbd65de45930b406
641,0x099b9dc113301ff32af565be130f8fa7cf073e98
642,0x077f3b291b59a61ada0ad08f8a712045ed4d9cec
643,0xe505a7cb328a873aa2b872171d1bc09723b7c21f
644,0xe1dc8cea0bec8a0638e4dd26d9092edab9f60f9b
645,0x5018ea9f78fe41f8fe5fdd0f16474afed9cee71d
646,0xee691eadb0743972d3a2fd58d7b008f4ea424c41
647,0x11043970f0d181f59838d9d2a1d91df01dcdc90c
648,0x1aa52b5a49ff06273d97649f29d9adaa3f65a1a6
649,0x84bb5196f0085d61a7c9ac5b903a26d7f009ac13
650,0x7e4a8391c728fed9069b2962699ab416628b19fa
651,0x27fb3d86cc42c710cb049b9066d337c6a6f151a2
652,0x0eef9ff29a845403dc29ed4501ccffe406a16728
653,0x3ec44a823e07555b5f889d8d954eec736eb5865b
654,0x6af96801c33ec00f2c99c8bdfec0d4e902a4b00d
655,0x84e94f8032b3f9fec34ee05f192ad57003337988
656,0xeda0aac3fb849999512d418dab6bf4b845337414
657,0x6f6c0194a67c2727c61370e76042b3d92f3ac35e
658,0xd34a7095b8aad4a4a125a2bfab003a030f319fc3
659,0x6b2a990436cd86afc7f2cd8ef6adb16ef5e3b08e
660,0xd3c6ad9edddd84728032e6d63155d62b427bdcda
661,0xd95a49409529b1ee533c9a1166c9c669f21722e6
662,0x112c28dfd4e4903b25ea578ddefeaa066c87cb17
663,0x9e2e00aab67c3a7b827eb3e431c4a6c2077510a6
664,0x3189488706f9444d25107f218d4a23863c94a614
665,0x3a9b8607c0044a19b657d291b852ad25dd2326d3
666,0x4c854e15c2acbe3a505dc33eb6b72b8fc8a0ff00
667,0x47940650f6e365b877630590b8ecce06cdcba51a
668,0xf5f08ba7f46e2a86b5ef3bfd56c2097c9f4276d7
669,0xe3e6cf743e2ee0f4c03a04819ffe2f5644ba77dd
670,0x6775d48c50acfbfa0d0656f19818f5156536590b
671,0xa0b65f62e19b764f8918dc9b457178f6e1268645
672,0xb46b8789b84f0f989b61cf3ddb205915917d8de6
673,0x765cba83a9d9adbdaf166cfdc341aa75742a306d
674,0x210a7ae3a6a53a04cdf43f6a4e5428221c63cc5a
675,0x4dae0fe47573cf875fda13da3d1cccec73c7297f
676,0x23a5efe19aa966388e132077d733672cf5798c03
677,0xcf460fec0f1552b44a72fb5bb237face63227f47
678,0xe0a522d0736b252dba26525a870ef8d5a3a7db1a
679,0x0fe149394fb699a1426add0542c7c6021cc65e10
680,0x42725a485c4dd073a3c15895c216acb15872abb8
681,0xa0d86993bf9593a9186c7f022e31bd0d32808bf1
682,0x837d79b35982c7cdbcf53a2f181169ae47a460ec
683,0xf9f80337bf4c3881fe93180a34adf4cf32a779d8
684,0x2533321a436578c60a176bd7cb0f9b2590a98ea1
685,0xf6b7af3eaed85198ad9c49353485d17b54988e7a
686,0x85fed89a09dda82e18566480fd4bb03e69a1f076
687,0x93b93ff0cc7c90b93f0c8f7a223d6e32476f4246
688,0x7c8619b5e95bcbf42752d3f2fd297c2afb4a3b80
689,0xa9596e4eecef8acd15c7919f4304953dc32419cf
690,0x8c2d946cfea1a6eed4c79b12ae1ef01f0a100507
691,0x54e4e6ec6b14732241d0d11f9140fad10d471025
692,0x4fadf1dc1e544955382287433b660531c3232e0b
693,0x1beb3d8d1f44f1a0bc199d63567fde450d2eef6c
694,0xd4fed193afda571bb2fab9d26fde9ef8054a07df
695,0xcb31f7f4cdcbb9da40a38e457204a5043db53c5f
696,0xdf5e61e7b0ed5e489263a182ce12c1aaf54cc89a
697,0x2071ee7e947ea0d6bf1eab41605f8271808d9325
698,0x5b3cf487751f9fadd46f8f030acc093ef38fc8c6
699,0x72cd919413980415345928f53f3ee09048b0fa19
700,0x5d71635d6a90fa60f506daadb687e0a389460cbe
701,0xf6bc47e36b7dd79d21a006470b20a156308e45eb
702,0x6eee796f80dc191dcfb69c1db8b5c8d37e06ac1d
703,0x6d244effc05e61d26fe1219c4e9fb3dfe24b7d7b
704,0x51fab80a5296672dac1bb18e378d8dd81ed80d9a
705,0x35731d8a7d9cca0e4c885ed9d4367233746bd757
706,0xb28397e0e9a9cd849a30af694f46765310274af5
707,0x4901818446551c288b0c5271526c2f73cab02a2d
708,0x2fcc020f72e5d2edd2a24d04f3dc90d7fdfbd1dd
709,0x2a3b2c39ae3958b875033349fd573ed14886c2ee
710,0x185b2e4a73a8f46404db43429831948c9c0d10bd
711,0x13ecdfe02340b23ff482bc5e1bf781a95f1f6def
712,0x876717db771af232c34a82a30ffdbd4847cd8f98
713,0x9e14a323611562069b92522d4b57757883c191ff
714,0x085a3923e88c33fae25d6b072a2215cd66eac1a1
715,0x18016e62c26ffbfef1467e071894a6abdf51cf12
716,0xe1dc8cea0bec8a0638e4dd26d9092edab9f60f9b
717,0x8f45c2d94e9fffde3e1078259bbc5a211be8f5e7
718,0xb685062ab8ed196728c5e642c9cb7c63bc394c58
719,0xfadd17ca17a853cf2716f7475fc2dbadcdfd8cc4
720,0x4a2c5a0af8b29cd5fd8eb1d02a83150a3ee10488
721,0x11c2f7c0af155226bfaab598feaef77796ec41e3
722,0x5cd3f55a8ca2598177c79ec962914778dc2ab060
723,0xa80a4300b6e3f91f9eac799ddd8fdce7192e8a95
724,0xe2dcfb3621fd1970b4289f1f8251c6d1efb9d0af
725,0x9d41eccedd6911c60c523d528a326f0dc2b59f4e
726,0xd3a349dc7cbfafbee996528ad3c3839940786486
727,0x63c410a066d5d12217b713ccac5f600a06ba45e6
728,0x2abacb72f6d24e87c81b2211a61cba9f41a20200
729,0xc51447ad3b831dfc5603b92bfa46a06637250851
730,0xdd453ed784998a6fc9954b822e18665f49b1a229
731,0xe880f32e33061919d09811eee00ee94392cd4fde
732,0x596157f99e6b5e8c292581620883ce202f3e3092
733,0x96db8b2626b7d1105e3e404ac78422768be108c0
734,0x870485c276157aee5660fcb67585c34d2ed3b506
735,0xbe9b3933ecc52fba404448fb02975825b0cd341e
736,0x17e08f3489a24cfdcb952156413b13b43e509d25
737,0x0521c7212c72e7fb2fbeb9be54bc19c5004bee47
738,0x170789528a4b2e035fb1d0b4867475aa8c7466c0
739,0xdfdc274d86351ecae8964a66625e7d930fb80a98
740,0x206086773f541a810d91bba403b86cd473e39dfd
741,0xed44aef74a7e2b73ddb272fc3da329a701ce5a21
742,0xb83c28f8ecdec14457b4e53d051635546fd2a20a
743,0xf8504dc135581c4b7181d04cd047ee34be80d028
744,0x372a36fa4cb634a7cb7ace0f5b1ac114c78ecd77
745,0xb82a2e4ff5a2fe391093f1067406963606a31fda
746,0x85c0c09570c955f6e07522e9ad6041716cbbb7fe
747,0x7d02ae2e1209e0261c7ca01055b43f46da047288
748,0x5e25c391810ee5bc705c87fb51c368612982d57a
749,0xf09bc8283e32ac113d5fb06b3fb1bf57ff39a494
750,0x16598e250bc89b6a5f0f81942cbde8f9fb42babc
751,0xb37275ad35720f0d5db9f597eda8d4b89ee09dab
752,0x46678f91bf0d7beeba5c03552481c19903232161
753,0xcf4ef2ed078f7115ca0dd4bc9294d97e774ec38a
754,0xd9fdd7314cc201bcb3a1a5455b4c458a76eca718
755,0xdd0bab4b3a2859eda6916ca91ea4450cff47475c
756,0x188c30e9a6527f5f0c3f7fe59b72ac7253c62f28
757,0x5da68351bd082abda73e42ac981db51d9364fe69
758,0x1bd32a938114ee00484336b6fedcc0b28bddf739
759,0xab5309888c39646bb222a70e0bc1c69e3326ee77
760,0xa081e78c46a27056b321a963b1321e43a644c6f4
761,0xf6f78960e9a132868f3fbf1458960dc2325097e3
762,0x000a0b24b1476f647a2a2fa4474f9ed32c685a8e
763,0x4cb2b7c5aa7af4176cc59584dea6246abfb1733a
764,0x7c3d434d79dddac3174ce0819f55ed82e0276147
765,0x8ccb8c85c06d3abcb758b84012830a5265d6c9f5
766,0x8950f0989f1c47a323c4406c48f7860d0cc3edc2
767,0x861dc94e27a34c87c87f1f17761d936fe20eaa6e
768,0x380531c9299db12b29ee9520bec6088b9d203311
769,0x4d3accc0154ce1a278fc8387948f1f57111ea0f1
770,0xf54d6eedb3395c555bc35ddf25209c4960715011
771,0x1a93ae65f783a20744981b8175b00c1792b9d09c
772,0xb116fd0c35022040d72d843f3c448963b57c7adf
773,0xf4d4c2525f9fd9a4c3e26df7bc1313d1c54cc49e
774,0xd32bba0d27b272823557af8955556ad10c7efe82
775,0xc0c57eb10fa32edef323238c02973f4dade43161
776,0x7d9f9eaeb48e994eda2fa151b8581154cf0719f7
777,0x2ab7ae8b7d622f622f9fc4b0209ead7ab817f538
778,0xa79e63e78eec28741e711f89a672a4c40876ebf3
779,0x7bd120e7678f5df145f7b3c570a5fab50d69b35f
780,0x925a0d3e47e8dd9d3377425e4df4fe1a6a145740
781,0x315dd22d47018174b03922f4978c975c7c39cd5d
782,0x42cd48851da4abe797ac8f464c1232ab76f30cb5
783,0x099b9dc113301ff32af565be130f8fa7cf073e98
784,0x94e724f2931ca8b0ca495e04364c6f8a6a140d2b
785,0x733c372b7fbacaa0313ca292e47145232b288f82
786,0x277d46fcbe71144c6489d182a8aa00da61b57b07
787,0xc88823c92e0a05446afd1ccb72aecf523d849267
788,0xd8366f75a0f754838192ccf71d1a6492f35eaf87
789,0xa4ca1b15fe81f57cb2d3f686c7b13309906cd37b
790,0x5fd1d76c3c11e06e7f2f9bdf3bfdf3548277c3d6
791,0x2eafec183d06d88ddc60b35a4e0425104d11b127
792,0xd05de9ed8f8403af4d84679f1593114e1213d790
793,0x5be10f3434bc1ac6c0a34f86da39ea0095392f21
794,0x92e5a4b202f57b3634d6352fbabba9cf2908a14a
795,0x94e35d564eab5267aadfb39e22d5bc81178dc474
796,0xd950c92cb59c5a2bcebf0614a9b2e05d029b28fa
797,0x0079e5a13ae87e7af9fb710216fba413b0062277
798,0x31307a56f4d6aa7bdf5f0a0d8c6858e0930ed44d
799,0x9bda81715596c44db6d8afdedeb60231325671c4
800,0x763d154916ba1fc303536faf363802d093a3c5d7
801,0x2d2b6f935ab49af9a5588cea546e325cdbaaa47b
802,0x43db0ad24aefbb9bbe244c801a1205a7a2de4b84
803,0x5127c8d44affc893f7cc169091f74cea1fa4f6cb
804,0x0549ae0aca68d11f35c5f8dbe7ae126809f129bf
805,0x0db2f818f034d022c42d5380725aaf16fd557b7f
806,0xa63519e67dae9a551ad34ae679cf0e911a78381a
807,0x7aff1d366d729887c8b64ee6f32f0b22ee3c4521
808,0x45914dd3e40b4da6f512eb5d79f9c6ec709743f1
809,0xb181d29ee907f5e62336bd9f78242d9c3ce737ce
810,0x8d07d225a769b7af3a923481e1fdf49180e6a265
811,0xe58585b22cc2ac4270a2b92c2d2d8c5db5a3330e
812,0x72e6d1a661fc8b562a4e8c3ff13b49bdfee12e6e
813,0x5d47e871f81f84d3154aec772bcce14973112c69
814,0x90f07edab54c9e1982c60415e230c09c6ff8f054
815,0x5b7afb0b2daccef8545a2ecc9c405fbfd076f186
816,0xb32e9f15a132b000e64b8a100dcf53e94d99a205
817,0x065d5d9a9d3d3fb22e5c13b5881f01306315a85a
818,0x71044b815005add2377edd8e365f3d463a2c523c
819,0x80b2b6acbb2744859c04c7da78373dc62f523398
820,0xfccef0893602824140ee36ba27135b77e67f9304
821,0xb9c28103190bbadd78da021629d4ba2d46422129
822,0x05915bbca6fb21f6fe8e314341d27b340049d1f1
823,0x276adf94808668338ff61df00d63c2f8ce056206
824,0x663155f429ef35be523150ba56c6516d7aefe0db
825,0xed44745042ffbc012b19788ed78f8d539cd12c02
826,0x5b01f060f7ed6e4d55662550b1ae82da50721b36
827,0x35bf49f6f128060ba6ac0d82bae19e9893fb94e7
828,0x822b4457a36d6439e765bfdc47a9849d77d0da5b
829,0xce735ca240add00e91eec756569cb1cfc4d495e0
830,0xc86e58fcf37e97d7802cb5c0141b47d67ba47e32
831,0xa6c4174d0b65d9fb0a1d378fa1db328b441e16bb
832,0x8169253cfb9db8729fcdeef2b646e0ae32ae24b0
833,0xce1c4254e90b95bdb46a601a5e4dfca39ab5ce62
834,0xf45416e4d4b17220c35236036e22ed0933f37c44
835,0x8e545e6e4342d1b22458bea1588825fa6de422de
836,0x40a4971597741ca04af9c6fe0cee9aff90436adb
837,0xeac360eec8f0dbc621e1aa2f1796972602b4bd8b
838,0xef8f444834b8944b9d443660799c98753a352961
839,0xc820fb0cca1e66ec02dbb29ba0f5eaa38244be28
840,0x8e4823444c3613a56895857be1692ccbc570b1e9
841,0xe319a2448353ee7f5fe0f67cce4a5ffdf5c1a6d7
842,0xc898030436e83dfe6846141d149222585a778cb3
843,0xee54e79dbc3f449d13d32e0ad526d0a0435c386e
844,0xab55ddc6d6fb29a7adaa261ef4de236b2da98fca
845,0xf1aa74d5de6f9c600336b2d6428cfecff83ce88f
846,0xea4a014ae92ae704b269b8947494d1080a5b9dfa
847,0x4391522a1cb89b3d9829697bf2167a1f73b93ef7
848,0xf6fdee29e3a14610fdbe187e2d3442543cfa45b8
849,0xf3d50cf146caf54ae68f6c2fd14541782b79336f
850,0x174887275d4577864b4dabdabb614bc60d25e73c
851,0xfcfa4369eaa965ac4e36f1dd9fd2852c6542b0f7
852,0xc233dc78f806618d79251aec3a0e5aee249a37d0
853,0x0a9972b72910b8668755d0dc016ecc68d1cbbcca
854,0xbb19ec0cce658eaa626bf02ea4fa8bee24e4b5e6
855,0x558ffa49df580d912c557a203abb6d50425daa37
856,0xb21edcfbb2edbdfb3c8304c71235196483e6b8b3
857,0x478088a9e4ba5718db0778ec9a7bb5771d557634
858,0xcd8ed310678470682d72c50635a79ef9346ba4c4
859,0x343f1fa0c361605203116db65fc85e5e40a24737
860,0x44d83f86b3bc151d931342bd32a66b50fd157fb9
861,0xf71dbd9d13e61e3b74e2df1afb6172aa58669e4a
862,0x2909f36085711790a87dfd75c31a84c3e04fbc31
863,0xb92eea6fc8f6a32f6b1cf5326de1a60f2e9a8220
864,0xfb702e95fa231c5509487a9e99156003985fdb9e
865,0x24740c3724842da77c41edc9b9f439dae24e6f10
866,0x6168bb05ccb4aaded0169602bbb6e3cae12902c5
867,0x6b71a2ded86b4caf125b9ca54288883550454c18
868,0x35012871d6d52918c82fd77a5aaa9c90e1420108
869,0x84e39a52d7f3f8fb63723782653d4cf71c465a95
870,0x733fa7c96a784acd338e2b74d434c4080ed99639
871,0xe9a18d531e8e48bb27702a679eb0ca016f0fef9b
872,0xbff466b48073bb1ffda6c644f4c0cdb61287c75f
873,0x10b58a85e6e170a0b50217f0e68bf4e466273d3f
874,0xe56707055948953f4385b80ab2eb5c37763fccf0
875,0x003d241dee35670d9a432025f912edd0cc774581
876,0x1921f5b1494856b94393da580dbbd7913c4d6801
877,0x7fe56cf033f7413e8cc7dc0e29c1de2991f316e1
878,0x9ae94b2ad4d334a8d79cfd02d930d365a3b4eeb1
879,0xf43583636fa3dc91113384dbc32dd2efea934a69
880,0xc6391ef319d26ba6c88146bf29c6283d63a70af0
881,0xdeaace125a43db56de239521f3060b0ee2f3ccb6
882,0xe66c3b38639e18492609a23d7e7a362c96a5e749
883,0x8e6d27ffced9e9d838f4893f7f949d2493a2aeb4
884,0x0bb5942444d6e1f7e0293f5bbfd15b7bfa85119f
885,0x3070c61dc7a2d2a281ec0ed78eb71cc5a97d145a
886,0xc9f63ebe7707e86d765e59e7393b887612eb662f
887,0xe5cc93993f78102f02e3cd33ce50d15968d60388
888,0x79a98a9f41051e119cad1b9ffefe523cd0be65f0
889,0x8ac5c1cbafc564fbd01ee4b116dea85e6a593ab4
890,0x852f242c0aa6bd137a74face54e4943a43d6f2b7
891,0xee732db2b20c96c49fba5261c540647b08054815
892,0xbf978430b5ffdc8250c8b6d7695ee120901d6a86
893,0x01ffee1c40bce76ea6b26b6190a1b894aa1b349f
894,0x53deea1808b6d2b8681241e3857b6c6ed1e7e103
895,0x48df2dabd694ad39014a61bfbb26360fc7a709ab
896,0xea471aa6f50520c545bfd8631bef12b3c59e4cf5
897,0x2dcc46a9a81cab2a519840a87fe7b401fed9da85
898,0x31e1c86c87791c903ccb82726e11a761187ef694
899,0xf3eced635d7ae497b1adaccf4eaf69537d0b939c
900,0x7e64ec59126251f4098aa9b8fb232e48ac486af1
901,0x178e1867dd3c7a85fa129165b2b73be9947f30ec
902,0x295c961492939520f6f14e921e38223526ee5a0e
903,0xbd648755a9a662225d6dba8005d1803be0428ebd
904,0x512c579153ac6fd961a7d9e7b19281b855aafbe1
905,0x35801b6d302a557516bddc442eb8a8e8a63b5cae
906,0xb451191f6ef9011ea16956080123b6197aadea4b
907,0xa9338d2617a9ee6661d6676f3e78b20ac78c21da
908,0x969b1b9e43b4a9d6f620f5b3d3687c11b659292a
909,0x166b1948124307729a7ce48c3c336a5910598435
910,0x686b4535ff6573cef3ff37419a4fc6ac775ec7ea
911,0x0be0ecc301a1c0175f07a66243cff628c24db852
912,0xc343a10b34637960b6dd7b9f7d80826d44588f34
913,0xa10140c60db1ed67a5d70252b6b9b4c9904458b8
914,0x0716266cc5d3c443e30b0c4e9c72afa33778e1de
915,0x07d6256d5cfe583541f573451975526b998f107e
916,0x9db3348768bd274f2b0da2094d7b67f90a2e0636
917,0x88fb3d509fc49b515bfeb04e23f53ba339563981
918,0xb40ff1ca580090b386048228ae7140b0dde7f1c5
919,0xde6b2a06407575b98724818445178c1f5fd53361
920,0x21b3c0662ff70674dcae175631efb11876d602b5
921,0xa538d4d0f7660aa5322e330aa6cd4a04c0f358fd
922,0x9539b41069390a7b451f34fb8687c07467a9c40a
923,0xf6b8aafe55d7c813b211706e14ade3fe38cba2ca
924,0xd03614c920a0c334b842320999398e1387791bf8
925,0xf63f5bdf6eaf3f50318bea89bf38a476bc77c5d8
926,0x75099a939ca72da8216ac1ed16414bef756abcdb
927,0x6c4206f9d4aaf9061ddc0f954767d701aab717c4
928,0x3d51847413663696741ccc5081c1e9744b01c3e7
929,0xa1c981911c8166d00299e099984d85372beac1ca
930,0x631121124c660f85e05bfef89d0807cd92035156
931,0x46ba65479c4c550fb602065c0bb15d67472f78d1
932,0x7f843d2df640b5f986b9c14c405a1728f8084d0b
933,0xe2a6b5d2c244b0f9ba4c4abe8ed3d3ef0a89bfeb
934,0x547382ef49b2cd906e05b4685739ad241d636347
935,0x2db635248a91b3642341ed606bbee51709a66557
936,0x6db92e4c5a4a417772747ee1c277392e1cd28f4a
937,0x05935b37d38d374f4d27e63dc7df2c8ce687b0ec
938,0xf8d3259c4278576d8a74a0f676bb04b7010780ea
939,0xf26ed8f2d4719ef2428c37d0cde4e4ce152392cb
940,0x5d8908afee1df9f7f0830105f8be828f97ce9e68
941,0xd2c65302e83be13b6b1242f552f1647edb35c0e4
942,0x2fcc0f7892538574f05243add566eab3922d1ebd
943,0x84861b33ba6c7ae0dc01e0e3192e74d133d9a13a
944,0x607f7153e585fd3c215be30e41fc9ab1d545b864
945,0x0647852fff893f3baca8de023bf07d563cd3c211
946,0xef5ad662a5a42c3023e009035ee235082800b924
947,0x9a7a03cf3bc98eb0f2da1318b451e4f2604a65db
948,0xa7b76396dd879478860225c6d028a4b2667a4324
949,0x5e01d9928ea32d1d3ae2f3263b6ec6c165dc2d76
950,0xaf19783bbd2dda845478a5fc99099c45aa79239e
951,0xd72c836532dc07d71d37a3a3627a19c35cfe2a47
952,0xae50e4c47d5fae4adf3d597cc17683678c77d52a
953,0x28f13cbae11e2e295f53abb87ed0a8e9fc8abaa8
954,0xbb85c2591d54cae9a754857570020dc312139ddd
955,0x7eb9345a5253a8e070e4a137ec8460592e778018
956,0xb14671f6dabb1bd70399d9143f4a506357dc1c96
957,0x7dce7bbe586917626773cde96e58b9f21363cff6
958,0x69e0af70893f565a598636baca2ae332b8dd3303
959,0xe1bbe96adf13d338d2cd84133c1e43017330dcc4
960,0xf7639f761456141efee5a9782124437fecaf8648
961,0x2d407ddb06311396fe14d4b49da5f0471447d45c
962,0x882850e990d106b2ed790aae92d7153aa31f9375
963,0xca690ffa9c7f2b233087098521a9770851d8ab8d
964,0x3fd607eb83413e239109a6345271f74eab82ad57
965,0x4bbe0f46622337d5db5a56e28227d72e8b5ecc37
966,0x7f43909414ff1b9e8fcc531e87212378e4a3f9e4
967,0xe15553f2b19301849f68d0ea7b145bb19646c727
968,0x4817a8481aaed2c5f127801d15cb36c074987f2f
969,0x8e4ed221fa034245f14205f781e0b13c5bd6a42e
970,0x41cb29247dd618117c239f885232dea762d6eed1
971,0x51f8f77951f89a5ecd84af062ddc29953c67898d
972,0x20e13e46090bb00e1d5c233241f45c26b47cd866
973,0xedc1a397589a0236c4810883b7d559288a5fe7e1
974,0xbf1a984d641c0718a1ca48c8a5d76d569c79af17
975,0xc72083b36cffda05a85600a90f6af123c0cf5f3a
976,0x09a2e97e34adf753803543c25904d686ea041606
977,0xf0a8c84b910ca994a9b4dba1fb02abc1e497c159
978,0x4d828d6f643308cbf16ba7a67a676a2c2938acb2
979,0x60a5dcb2fc804874883b797f37cbf1b0582ac2dd
980,0x5083462334b2ba7363a2f696e667ddd64b6aa5ba
981,0xb14d465bd5dae0fc5ff097fef94698e5fa756512
982,0xf8e7c18638cda875f73944f582d3d44706c0036a
983,0x55349cb224ea2a0cb8c6466e8ece7a17867dfbdd
984,0x1dc5eefe2d20d1ab0db794a4236df147c0f60921
985,0x1835f021bb2c206a860b5a40efb0b91542edd9f4
986,0x2c1ea8f94766117051490ebba7e5d6c2a11dd4dc
987,0x6199e5fa5f627ffe703291418df9683c3608ab8b
988,0x067712ab0f7806288adcd9e22791c425d0d9f8b0
989,0xf1f51e4df911e84f1e663835a8a25d26409e0c33
990,0x41e3414dca26522a9a3b03b6582356fa03274f3a
991,0x04bcc6644c694608be74fe716c37da670183e0f4
992,0x4a6e8d9aacbe6c14b0e8faebce86fbf41f11bfb1
993,0xd02ae906edc339872b8300020fc4411c4f4036e1
994,0xbdde04b9a1c979747b79d5b41565cd71024ccd43
995,0x4aae718bfc6eced9855d90f3d28a1a5b0e775abf
996,0x5f75a9c4b4bea295d834aef432a3e17a66fddf70
997,0x75f7ba92e923c500f955bf58266413ec69a26382
998,0xf2e305b759bad7e0818adf207a81585d184e7331
999,0xc5c62b53d2219ed6b36446aec951c423d5654bb8
1000,0xeb89007481990d739c1ed98d210bddfb60e8f3bf
1001,0x5f465c1a3e5b6da0be38463f7917b6ab4c80bd00
1002,0xa29332b560103d52f758b978e0661420a9d40cb5
1003,0x506cc4485a7fd42fea6f2acc97d7de697b88419d
1004,0x2891b78092310ce8219fe8298bb0fe7afa69f43f
1005,0x8958d239771b09ebd25ef59de325e52267343b48
1006,0x0afa4426ea10c8d60091e7e43d728764a80d692a
1007,0x822b4457a36d6439e765bfdc47a9849d77d0da5b
1008,0xf1147f7313a24bad6ecd8a1de02bb3417a2c6c1f
1009,0x612a3500559be7be7703de6dc397afb541a16f7f
1010,0x80d50ad51fa01044ada9bea7e3cad20af839cb3c
1011,0x57290eb425323c463b1fe727ac07a7f51f157d06
1012,0x194feaadb5972dd0451baca1300921c730062e77
1013,0xa29dbaa84a9949a0a38a2ba07e0b75e6603934db
1014,0xb3df56f080142dc6bc75fc65b77d23073ea444d5
1015,0x5898bcda81de45cb1dd0e55070e43268bbc46066
1016,0x776526bfd86f58fa0f963338ced6d5944efae504
1017,0xd8180ee67c9b679845077ac4989bcec91be052c6
1018,0xdd5c26170cbba55d0a948f2c0ee9ce33e7990183
1019,0xb6e456b357b39dce01578f28d9d456e27974dc48
1020,0x826680f124dd9ed4d80300f3a5581e5d581a3e3d
1021,0x4c3c7f9cd12113c2f1550c42fc648b5ea1902820
1022,0xb2993f007d2abaecbb7c3529d78c5de0f1214888
1023,0x19360799a15730fac556088793895aa7650ee442
1024,0xd1570080bcb784b4f5e378dfd4cdffdfd6c110f6
1025,0xbe0159e56636435eb0545dcce85b4307618e895d
1026,0x56584ee28735e10b381275b913b934ed656b0e28
1027,0x63801151e01dbdef3ba188871c8ff9418aac19c6
1028,0x431be6f935fdd4fc32b52a80fb8b8e0afee55564
1029,0x0be0ecc301a1c0175f07a66243cff628c24db852
1030,0x458ceec48586a85fcfeb4a179706656ee321730e
1031,0xa82618668a71bb492d1aaf8948de95d73eb8a243
1032,0x603f9f25ea89f465e36e2e9a9eb13289f0e7dae8
1033,0x07a1f6fc89223c5ebd4e4ddae89ac97629856a0f
1034,0xaed1011fe8c708710178461ec48e3a4418261ef0
1035,0x6264c684b13148335f7f3e2abb8921b0466177d0
1036,0xfbdf283c7bd05450ab125ba73d51ff7efa54f242
1037,0xccb82218c6f82a2b750cf0d65e21ae6eae14070c
1038,0xd724107ae1047b50b543ad4d940dee18e99261f1
1039,0x557d85546d2a904ed5a625aa34f2d273fc78a8d7
1040,0x196a3dc8446920cef0f0d1f6bf7ba5b40702c79f
1041,0x3d93455013be32bcd7ad99e6f4ac7f2b134a292d
1042,0xef91ecd0142ae4c5163b2cf060c0563d49188c82
1043,0x92e216ac6dcd7d67f138443f95fdc83bd7dd398f
1044,0x63b631f3152c51627baaeaff34b50b993d175d01
1045,0x65b791c2d64b7e23940208c3a8a37e404965c57c
1046,0x7f7fe9078239f03162d0003b3367284a237be7e4
1047,0x6fd906bf5ea23f19f1882b47291b15948a68e144
1048,0xff219eed1882454ec62dba23efbac514acacf241
1049,0xeccc484dd4093f62fc24c4725800013fbc2c1d15
1050,0x376110452c2fdaef842dbd1f64234a2045d2e40c
1051,0xab14a615a8993425e7afc2d044a5b64fcb3ee8ce
1052,0x2b1ad6184a6b0fac06bd225ed37c2abc04415ff4
1053,0xb10096c495d62d2b6b4ceb3e13f72389625873fc
1054,0xf9b1cf9032e4ef22b0aae0f6d7741cc850e544c2
1055,0xb0623c91c65621df716ab8afe5f66656b21a9108
1056,0xe00996bf765f97de5f6d87c110e8b2a2c1812185
1057,0x512ed73583309d427f41cf6c76ac5f96f2a02ea2
1058,0xf8e7c18638cda875f73944f582d3d44706c0036a
1059,0x02446a7eda8401db1e3ad37060042b14910350f0
1060,0xaadd9277ee25f087a974c9a8985a6b52a912b577
1061,0x3383fce9da41bcd93aafa8bb74c729ac8f2394d2
1062,0xf0850ba9bb1a694b86c0c11e8d983f789e54e08e
1063,0xf299674eefea658ead0ca7245ebf5e3315682ded
1064,0x2c299d42a05aaaae0fa6b55eb1c89bdba774af8d
1065,0x1d90a311499e705d2b0f46f33c496275ba0d4386
1066,0x1b36b983d9858d6bd253fbbe642a93de68b7ca7f
1067,0x301215f1ea2e811fb7da6995d04f5bbc8f4c1b90
1068,0x045b55b4dcb121aa3e16e34cf7279ecc5477d406
1069,0x1e51745bdb4436563097833ba83dcc51109d9fa8
1070,0x3e2c4339f0cffb2efc11dd026444cc66d5fc16fe
1071,0x66e8bbf70539eae485aa9095b73b3334e00e3919
1072,0xe25d5c876e24c52f0938967fb6e164bb70bb2362
1073,0xab1e8a933d33d4e97639ee355197e0c90c97122e
1074,0x4589594db0709c0ce6a7db471a40c8bc64efcdcb
1075,0x84e39a52d7f3f8fb63723782653d4cf71c465a95
1076,0x89b2f3a91c890e884beb5f7f4e74944ce206110f
1077,0x547382ef49b2cd906e05b4685739ad241d636347
1078,0x8d07d225a769b7af3a923481e1fdf49180e6a265
1079,0x7bd0fafe34a8b64afaf16166d644cdbb2b950aab
1080,0x8fa54f2e82c2afa672b3c1c3931751af5a5aa2a1
1081,0xe7925d190aea9279400cd9a005e33ceb9389cc2b
1082,0x32b8b761c038b030a402ab7d5536b4cdda6dba9f
1083,0x59b429647fcc0a29166baf2707db5d61f0572865
1084,0x19b570af5dddb8f0f5a15c83d07a1c5153865188
1085,0xfb30ed9bdf5386cc347d5a9e3fe237705ae6ea3f
1086,0xa7f63376169ccc087eb1160e62ceccb146c1d555
1087,0xbc604ab29b3ca323705fc284ceae9885a1fe41da
1088,0x1476ac3a5fe25c2a5edf4889b877f4f9639b8a21
1089,0x2f36399a6fe5472f0264642518c36515e033f206
1090,0x3651ef5e30388536dd227214b1d82ae4956acdb1
1091,0xb21edcfbb2edbdfb3c8304c71235196483e6b8b3
1092,0xb587787a8c8cde1250eda1fc2e664666720c661f
1093,0xbaa882d68fc5325fc3899de264f24b5981523a5c
1094,0xb7bd14e2497cdc57675e896af84ecb652d294ad1
1095,0x634208c63ca256e73c00d99bc8837ea1157feda6
1096,0x3e83beb2f665db67c54fe0e23fad2a9869bdaeb4
1097,0x074383b6f6d71d258039f20d5b789414a7535a75
1098,0x1f411e1808cb7d19351c583f9638887ccb427494
1099,0x719009d549c6dce17c37ab06a40b25991f2eff29
1100,0x6fce63859a859a0f30ed09b12f5010d790618ca4
1101,0x79e0d96d773c4082046b027dc8834437c1b6206a
1102,0x5b8c78c33881c3e229652c79e3dca124473ae2e2
1103,0xb8832d516d0f3094b4bdc5400e36a2a6984233ea
1104,0x4714efb0a03b5f78cc7bab887494ba1f0b89fc11
1105,0xdb2bccfb0428f6384f6571d4df48a639b593d15b
1106,0x6dba1f623152a48f7e45b3710dc99728f5871eb8
1107,0xbf8887ebd12b89ab8da187c26632377e8f031daa
1108,0xa576c967ded3dfc793e94122f53cf95b5e2105c0
1109,0xf7838c101dd142abff1b612bd4da21b21e43721f
1110,0xb60654233c0e224d2e3e09f69c7b4f4dad95124b
1111,0x5ca1d8383e2592b21fe2318981ed230d1b2004f2
1112,0xe355a911a09ae2eb892ebe4020357edbb804cff0
1113,0x759de6b9806a5f695b8fe92f58a6771fb5db52c6
1114,0x06d13d1562eb9da28c59e86e9bfc2a87d13afb01
1115,0x7a31b8dc3cb42cfa99e5176e4b91e6c55bb24e92
1116,0x43c68a280f464383571af7adc39fb148589eae86
1117,0x925a0d3e47e8dd9d3377425e4df4fe1a6a145740
1118,0xeef440ea127a0aabf70601c6c68c425c29d02018
1119,0xef40c4bf712cf78d217f480d8edb27568c165cb9
1120,0x52f1f14287546f41cde5cede07742a03ddf826ad
1121,0x138dd537d56f2f2761a6fc0a2a0ace67d55480fe
1122,0xcf0b5093a0f7b82dc5320ff4c7857b8b455e01fa
1123,0xfa7f181fcc3d860fc4610390639c516956adbfd1
1124,0x99bf609700bcdc3737488f858e2092d7954bfdd4
1125,0x294388d7f62065784666f797ca6919a4b8cef4ab
1126,0xc16941194d36add28b40201a7a5b000404732ab9
1127,0xc4f39ba15f5376732c594523408ea2e5149aa43d
1128,0x8962285faac45a7cbc75380c484523bb7c32d429
1129,0x744c5087009e272254372ea9af6dfa6cc6a4d0d7
1130,0x4759a22ab61466354410519924f67023646b555d
1131,0xdc1f98682f4f8a5c6d54f345f448437b83f5e432
1132,0x2fdc009e9f56fe076becad71110e13b7218aab4a
1133,0x6626593c237f530d15ae9980a95ef938ac15c35c
1134,0x7f843d2df640b5f986b9c14c405a1728f8084d0b
1135,0x53d290220b4ae5cd91987517ef04e206c1078850
1136,0xa2bf1b0a7e079767b4701b5a1d9d5700eb42d1d1
1137,0x84bb5196f0085d61a7c9ac5b903a26d7f009ac13
1138,0xeff506a32b55d5c19847c1a4f8510c00280c27e5
1139,0x1d0374d87aa3d65bb9693a0a8d06a9881e4b4b43
1140,0x35a94822f1e9d5009fb1917de7d58d2403e20d9c
1141,0x0ec07259e0cec1a4894c0c475da711701a03af33
1142,0x2533321a436578c60a176bd7cb0f9b2590a98ea1
1143,0x6c1ddfb81a3666188267296f10253a5a9b5bae40
1144,0xd629e627b2d35120d3afdfaa0d742500be63de00
1145,0x54e250ea9b59f4d627b7c35570e7acd688916ba6
1146,0x59ca32a03229ef805686e10cfbd32706378bd4d2
1147,0xd5a5b219b76db9e4273e317fe6e82e98d96e6e44
1148,0x84d501e88c8b1b1969c1d4dad37b9fead2d2ac5a
1149,0x505328f64a6b3d280970a6fed79a7558fbfe2f06
1150,0xb02ce4585eee3a0e0e123a0db8c663e41bca063f
1151,0xfb0f55f9fd7f8f2035162ddd8608b9446478d7d8
1152,0x09d46915731c599215777a4afac838162782c6e4
1153,0x055d3306067a1e0ea6b1ee2c838f2d5f2457ed43
1154,0xea59638fcd716d37d34959290b3b2f4f239e85a8
1155,0xaa1a3823c39764c3063f7252571c7f4ace66d820
1156,0x70794157efac5314ea9b0eb363d7b19832444aea
1157,0x11d9f43c216d2cbe066de087ed5b2147d9ffba01
1158,0x30b908515e34b195a249071176b38653fa7b98d1
1159,0x3e4eb6d1766a6f35a0271eea8997a06ac7e2dee8
1160,0xe31b08a417ce1f48e2b735a1b5cd5e7e8622c402
1161,0xeeaa2da749ecc8b2154b3da7f59c65274e58e8d0
1162,0x5d37d64236b7621941eeaca9db66739292900e57
1163,0x37c9cf3b0e9eeb5d78d2b5ef168af181871a441e
1164,0x3aca2ad957cc202d798f6beb3b858ce4c5618749
1165,0x36f80088325b16c416d7237022f43f65d2acc906
1166,0x4957ded04dac83e6b4d9649d57df756453e18a17
1167,0xf6887fd5cb87f7f31df909a226950d9e722e39df
1168,0xf2b0240ae0d9366a1d10001bd14acead5ffadd83
1169,0xb14b1ded5247f98b00c1d14e0eb60b38a2c76ecf
1170,0x92ae56cee6957cb4aa986c3e89955446107958d8
1171,0x2899598d9bf2c1d48cf4cff1906c0ba3419b8a7b
1172,0x1c70d0e81210fecbf1b39ed7291ea2d75bba0b9c
1173,0x03da98f5e26cdcae4b8cdd504480a9f801ded4f7
1174,0xa4e118f6d512b9daa861da241b4e5a01eb8f1306
1175,0xeedd108e9ebf1e05b0bb533b30bb4b287117ef73
1176,0xd148d6e383bc4b77c040a559c7543e833cfdbb1f
1177,0x93896189872bafbb47af51414fbaf0b85a28ad94
1178,0x292b275163ddb3a383e370ce1e931297202de058
1179,0x5cf01ae1aaed90142c58456633fe8260ec10741d
1180,0xc7d4e78cc93efb95f4bb8bd23ae348bad5662c03
1181,0xa1b7e322c675d0189b76f8d4d0f799c6f602239b
1182,0x136ea24d79406759487051e6f4cd403d412045ca
1183,0x014e61e389924e0d275fa1fcd7b7dece38f921e2
1184,0x2cd926471980a9769ade4f3ccfe2ca274e51ff7c
1185,0xd38d889d5a971f81515e4425bb6516431abe322f
1186,0xeab23ce1cd79faa44faa1af8d7c4d4378a34350c
1187,0x3a3afa79c14af08268228f349bf9d6fa2c2c74fb
1188,0xb4c595d0c896a2f0de1b4d1bbe79c8c018696318
1189,0x45ed9ba34166d3ff6834f0a2709d034eb9320450
1190,0xb035e70084ec95f323a441600e37d766302094ca
1191,0x6e638891498332d37e56ef687bdedcba7409bcdf
1192,0x39f1366d7b098e5898196be0b627c99eef5a491e
1193,0x6cec8bc68321fbc0ba54159b812acf3795331bc1
1194,0x93d14f3ca5ca7bf5d32553ccefcb67f0986cb41d
1195,0xf1e89ad75d2b2d9455280324f532d62916b5ee2d
1196,0xb454d0abd2057dc80d74b8fd6a7a1d7d62025fa3
1197,0xba53df21f00c49bdbc5f4d57f05a61893fce127b
1198,0x41796afa56ad27eabe713dc0aa0db60322fd1655
1199,0x5a59835fe22ae40634ed6beb9afe037d30e6ff3d
1200,0x79bd0e2f5101546a4f9ad68029c63ccbd14c2b19
1201,0x6ec125c1ecc66500a025f6dce90c4886d9b2dbfe
1202,0x4d6e0bb60e51a8984cfd18808521258db7167ea9
1203,0x4d7f4c42e204901366f0dd83a4cf1629c70c1de7
1204,0x1873d07cffbe27d73645d97d7b250db590448494
1205,0xd1f4befbbd4db61daf7afd15d97a03bbb76119c0
1206,0x8d071d4885f71f4e34bb3b4b2f7aa719768286d2
1207,0xf2bb0abf226b2f67dce3563aea34d1670ab5be97
1208,0xf92ce1ca21469ac03c578611a5f49af21dd2d427
1209,0x708d069a2ec4b4af7a8e604c81ca544ef91e5890
1210,0x43aeca2533cf739eeb865162edf9bf60b9e6e3a9
1211,0xe8598d96b2dd40cca1da0fc86ae51694c6c4050e
1212,0xc91d5ff242ac384b8f3e89fec0bb1fc3b3547cd1
1213,0xb502a0bfe1e4b8f8caa0431c868c027df9a10c0f
1214,0x5c1d1fa4650a3da2537527afd6ab68e347381ec5
1215,0xbc04652b7657e9a7c2778f04b425683955de88c1
1216,0x788ddeab36c2a66aa34e8916c4030b3cd2d6ce25
1217,0x8bc8b4e4921101bcc56ec084b906069b73de7276
1218,0x335216936be90d1d105fa70c5b774cc97e813e90
1219,0x13bdae8c5f0fc40231f0e6a4ad70196f59138548
1220,0x19527bdadb296c588a9af3de83c47a596c4dfec3
1221,0x11692163d68a652e7a05c4a3ee0a6c02f9dc0393
1222,0x189fefb1796bf53cca4f909c3e90a8c5eb0af379
1223,0x84861b33ba6c7ae0dc01e0e3192e74d133d9a13a
1224,0x55691272f38bbd1465db1dedf0d18d02a620acee
1225,0xb40ff1ca580090b386048228ae7140b0dde7f1c5
1226,0xbfa62bafbe913971f9bd35ecf4c0f2ac2d7bd2dd
1227,0x2802907ab681298d35ce2eaf2415550137c40c8a
1228,0x6e6e5c05966373e5f55d82e6eebdc4bcc002e146
1229,0xc6357929c535c431d37cc25e779080df89c7c2cc
1230,0xa36571cc418d442208590c964d88f844b554a79f
1231,0xef5ad662a5a42c3023e009035ee235082800b924
1232,0xf73df0e3cb7e3d5830c26de9c0e57a48ef8e2a6c
1233,0x24e219ebf46093dc5c5a748cb20b8c83e86bf09d
1234,0x4e9b72fec7cd63e5017d7375b6a68edf7404b186
1235,0x21b3c0662ff70674dcae175631efb11876d602b5
1236,0x477289df0b0437f0b595d8cca6c70935823f3d01
1237,0x26f784684826ff38f93471bf5104fa06766fecb4
1238,0x51eb2ddc9378720bddc55f03bfbe5bc01ba2cc36
1239,0x2a8ba5de3a71f0035a8321696339f6c0d0b377b5
1240,0x7faf86bf9c1608163c31a68bbea117e037ba9365
1241,0x185525c8c012f9a3003543b698992835c46e08ff
1242,0x592c958b5fceb2bf4c264155586eb63cd251b52c
1243,0x847580e89c39e4db7c04b52e0dacb1636099a05d
1244,0x54130f3e15b14a772a9889c420a3d41e6b08f3e1
1245,0xa2052c7253549f302b018ac2f35773fdb4e8da03
1246,0x2f848c060964a68aa17e0fd35c23e2c7182b92cc
1247,0x30fde61daef2d82838ef6b753634cf4a34711814
1248,0x890dbe7c45ebe06b39dbdb0ab3e618170faebd45
1249,0x0456b014da02c47c722742426192f8a0f4114923
1250,0xf796ffc4b8007361660b6d3339e57ea56c4668e1
1251,0x6c30e6df4dbf013c9d3da07eda32a2cddbbc5515
1252,0x02babb5826d85c6a6354b923e94e7e9bb2643507
1253,0x677b9e78a87e4423cb78acc7b0220c244320af70
1254,0xd93968bcd8fac062c10601add4985280a32da6b6
1255,0xff51de41af9ddda1a5933b1c5ca6b20744c5b07c
1256,0x66aa8bee5366b6b48811ae0dac9fe5e1eefe1621
1257,0x3f186e1d619c50028af3a969bcb370c8abc9ad02
1258,0x8bb9999e85e208e377df352ef97ad4f575c033ca
1259,0xa6588a3542fad121d0fa697863a64dc4db3f69dd
1260,0x067b9bbbbc42d2ab9b9ab6bb62646daf7f344a76
1261,0x4752d96a0564728c596ae067844c2d1edff37131
1262,0xeb51ed1975a2988622f56cef9747d86d1c84a12f
1263,0x8bd05bbec86aa39c0eada31e25ea62e28d21650b
1264,0xc2ef986186f85f011a0f4e0b431d3cbd43490c4e
1265,0x385a60e3605e0551a2e61cb2c013880ff7814702
1266,0xfa6939bf4626266b3b3a06f588b6a32d75d6761d
1267,0x87bc8110ebb0fe65c2a83735fd2c6789f5e0206a
1268,0xc43dd9cbc7f1d035cbdfec98fea81aa5553ceeb2
1269,0x8aa655ec000c77e61b90d88d0da89a6cbfdb9dea
1270,0x459919e426b4a811076c0e0d0a5d54add0c3eb9d
1271,0xa4a80dc0ea8500bd5b001c25e759f626cc3abfcf
1272,0xee2536be571efb5c97472a1b9007b969225b32ed
1273,0xd3c6ad9edddd84728032e6d63155d62b427bdcda
1274,0x9d524829019e3549c19675f80203cc389fb77383
1275,0x3627385f066ae097b7f42f43ca41e812ae0ade56
1276,0x158523c18810737365ebf3daae3a80f9575bbcb5
1277,0xd494033aecb97d4ff84b7fb2be33e76fed69f66a
1278,0xf2c6168578fe0c1d5c30133211c20ee2a8e0604e
1279,0x506cc4485a7fd42fea6f2acc97d7de697b88419d
1280,0x3b3427ff52fde26cd552a31b0c4732a8141ce70c
1281,0xcd64f5a80caf498f25c253019267d83abfc78a9e
1282,0x3d597789ea16054a084ac84ce87f50df9198f415
1283,0xa9d89a5caf6480496acc8f4096fe254f24329ef0
1284,0x30c3545c8df984704c85a06312aefa4d415a2468
1285,0x3cfc3559e67a6132f6cf81fd9de62409dde95fe9
1286,0x0251a94286c3a2cfebefd2558b916b7a6c180476
1287,0x6439543a2ff1d78d25abdc8daa75bb004e210183
1288,0x09a572f21b4e8d51c3edb6bd509a7abed610ac85
1289,0x7ff4f8fe1dbbba8dc27103359bf96e97a4d44114
1290,0x2e5300eabf71950b00ddd6a59690cfd8852ad3b9
1291,0x366e58737164430af4aed2856840be9bb148bdc7
1292,0xd2516a2222ad632b271bf5a0d50c2482dfb4123f
1293,0xa7f63376169ccc087eb1160e62ceccb146c1d555
1294,0x3eaf7bd84eeff7445e9499956950d5cba285c973
1295,0x070341aa5ed571f0fb2c4a5641409b1a46b4961b
1296,0x8bda7405e13e9098ac8fb59d2be8c0d0cafbab5f
1297,0x19b570af5dddb8f0f5a15c83d07a1c5153865188
1298,0x6b71a2ded86b4caf125b9ca54288883550454c18
1299,0xe7925d190aea9279400cd9a005e33ceb9389cc2b
1300,0xa29185d464d4a8fbd9ccf3c958cf8419578305ee
1301,0x735da2416fda3cc767d310499a72a5fd8b2fe74f
1302,0x1af1001d5c2c70fab2c1a9fdc91ab11506445515
1303,0x2bf063401290b88b67e6aad60f59dae4a3739b04
1304,0x1fedc1e5d97e09cb9a7605c6bddff8c712e60754
1305,0xa2bf1b0a7e079767b4701b5a1d9d5700eb42d1d1
1306,0x1a13c53d516f6e8321e9903f224861e74bbd7aa0
1307,0xaabe4a7acf28a9ffa487334c3dd5dff13b8533c2
1308,0x0f497f082539a8d92ea1c0573456fbcd9f2e4b33
1309,0xa423a435b73ae103217450f95b0aa98692123800
1310,0x109bb92503c567ac52647d507849aa9429077bf9
1311,0xded11a75f5ffe8cb01c1b5ae9fbe5a5b2ff199b1
1312,0x13bdae8c5f0fc40231f0e6a4ad70196f59138548
1313,0x66aa8bee5366b6b48811ae0dac9fe5e1eefe1621
1314,0xeff506a32b55d5c19847c1a4f8510c00280c27e5
1315,0x5a96c8d06bd08c3dac03626381781b973d281e86
1316,0x1df4c04d9c4247bedf051e73730c46a03c3d3050
1317,0xb2993f007d2abaecbb7c3529d78c5de0f1214888
1318,0xef91ecd0142ae4c5163b2cf060c0563d49188c82
1319,0x20eadfcaf91bd98674ff8fc341d148e1731576a4
1320,0x12c88ebd7f82d3d8a33a8ffd88390967f45f9dd3
1321,0x732052b8d446acdb4e43282ec39c1a385c811b02
1322,0x376110452c2fdaef842dbd1f64234a2045d2e40c
1323,0xef5ad662a5a42c3023e009035ee235082800b924
1324,0xdfdf2d882d9ebce6c7eac3da9ab66cbfda263781
1325,0x03ce77d68c5ef952d91ff53c336ffa260f43caa0
1326,0xa1c7bd2e48f7f3922e201705f3491c841135f483
1327,0x6f1b12a415e035eebdc8559130ea8bdb96add48c
1328,0x6460fbf8b5ea993d609ab49aec8d9fe0d72bd241
1329,0xecf3abd1a9bd55d06768dde7deef3fd2a48c8e13
1330,0x108d0ab69ce8b375bb2cb7a18ef377c9d75bcec2
1331,0xbe0159e56636435eb0545dcce85b4307618e895d
1332,0x5d8908afee1df9f7f0830105f8be828f97ce9e68
1333,0xf238529b9550e65e89e249704fc13f645752dcc4
1334,0x68b8259078d18c43fb02cbace669153c3d5fc479
1335,0x36f26e2e5bed062968c17fc770863fd740713205
1336,0x894454ecc032d50e12c5a9164b79c39a237df8c6
1337,0x889cb44823b35fc53dfc3a8b58a825beb6a737b5
1338,0xeccc484dd4093f62fc24c4725800013fbc2c1d15
1339,0xb8832d516d0f3094b4bdc5400e36a2a6984233ea
1340,0xa8293dd8eb52564a35b8357a539146321b934153
1341,0xe84a2a488658907ef8253c07f80fe724c9ae34f5
1342,0x59a5493513ba2378ed57ae5ecfb8a027e9d80365
1343,0xa94fed541bdc4c82a02db3c926dfcc85d63d526c
1344,0x7e4a8391c728fed9069b2962699ab416628b19fa
1345,0x7c8255382d819965fa75182fdc1e43d2288315b6
1346,0x067b9bbbbc42d2ab9b9ab6bb62646daf7f344a76
1347,0x9d8b6e42ea128fe68577f2cde22c48250a82ffbf
1348,0x458ceec48586a85fcfeb4a179706656ee321730e
1349,0x4c3c7f9cd12113c2f1550c42fc648b5ea1902820
1350,0x9eb22561e56c9c700a990d6ae3c6245b9555804c
1351,0x1426fbd146942e153653863cbe633780c17268da
1352,0x5b172915fbf880db099b9e14635630e29d134ecb
1353,0xab1e8a933d33d4e97639ee355197e0c90c97122e
1354,0x29a2582d8af312910219b8a3398eceea2073b26e
1355,0x0ddbdef89e42fa1bfa468ce1361cb6959f15302d
1356,0x1e51745bdb4436563097833ba83dcc51109d9fa8
1357,0xdc1f98682f4f8a5c6d54f345f448437b83f5e432
1358,0xa706ed4676204e1b9b3aa005cf8ab5c92d30a830
1359,0xceea37ed947c168eb7e66a5f434bc607a2508a9b
1360,0x6d83b5e198ef938d63e1160d127c8c5cd0541944
1361,0x345cec5bb2626e347c02d493950c20dd16f63ad9
1362,0xb10096c495d62d2b6b4ceb3e13f72389625873fc
1363,0x84511ca923bdb5f4b6ecf7a5b147f58767bf6c8e
1364,0x69957afc770b5fdfdcb8288f632c8ca7a518b833
1365,0x88fb3d509fc49b515bfeb04e23f53ba339563981
1366,0xe285ed3fae8a979c3a3fd9c63abf8875af0e87f4
1367,0x59d6779eca6c91ed7679e261b54299b5155eadf0
1368,0xb0623c91c65621df716ab8afe5f66656b21a9108
1369,0x7291d890c726d68f43b32cf1d922d066533558af
1370,0xef191aeb45a0d6f393d4a592f94152836d5758f8
1371,0x1f9fbd2f6a8754cd56d4f56ed35338a63c5bfd1f
1372,0x2b1ad6184a6b0fac06bd225ed37c2abc04415ff4
1373,0xb72ed8401892466ea8af528c1af1d0524bc5e105
1374,0xd02ae906edc339872b8300020fc4411c4f4036e1
1375,0x84bb5196f0085d61a7c9ac5b903a26d7f009ac13
1376,0xfcae25c6eebfc5d3b5ec84d99963f291ccc3fd75
1377,0xa29332b560103d52f758b978e0661420a9d40cb5
1378,0x912eb1090fd98e506ed4ef0fc90635d6626dc259
1379,0x9b68c14e936104e9a7a24c712beecdc220002984
1380,0x9176d605e0bcf8e9a0b0d8587c96c34b5b5ed7ec
1381,0x68bdeff9aca67da30ad7e78feacb3685a5c0863f
1382,0x8bea67d814ffb834dcd2fe4b1b1f35c70bcda420
1383,0x4a16e348d0f29bc66cc34ae617503ced960714c6
1384,0xf8e7c18638cda875f73944f582d3d44706c0036a
1385,0x8d07d225a769b7af3a923481e1fdf49180e6a265
1386,0x9303ea8ddaf762a3a1f9a8c82c4f16fb70733ac3
1387,0x188c30e9a6527f5f0c3f7fe59b72ac7253c62f28
1388,0x4bd047ca72fa05f0b89ad08fe5ba5ccdc07dffbf
1389,0x9041f244f906b66b415fb581219506c0d721421a
1390,0x869ec00fa1dc112917c781942cc01c68521c415e
1391,0xbc04652b7657e9a7c2778f04b425683955de88c1
1392,0x475b6ff6603f17177b7e419d1ad2791fb82a3a56
1393,0xbc5ec594509ed050f4a53eee85d92af6d2529b56
1394,0x7e1feb23c08bfe287f6d3350281029af0889502a
1395,0xfd9b482ee7256732a003e7c6747c53d832101f26
1396,0x2da98019cb3495566877c01535b48caf4c2502c5
1397,0xcce8a15bf1990929b1cb7a674f7337c16d0544cc
1398,0xbdde04b9a1c979747b79d5b41565cd71024ccd43
1399,0x35a94822f1e9d5009fb1917de7d58d2403e20d9c
1400,0x987f05b5eeb8b30b02329d3888bebc3a7424e999
1401,0xa7f63376169ccc087eb1160e62ceccb146c1d555
1402,0x6f1b12a415e035eebdc8559130ea8bdb96add48c
1403,0x49e2a5af17fb2b37a0ff460217dc7a9ff4f34f90
1404,0x09a572f21b4e8d51c3edb6bd509a7abed610ac85
1405,0xf2f3d01b47c21a2339f3a508531da76a9380dcd7
1406,0x63b631f3152c51627baaeaff34b50b993d175d01
1407,0x5898bcda81de45cb1dd0e55070e43268bbc46066
1408,0x506cc4485a7fd42fea6f2acc97d7de697b88419d
1409,0x8d07d225a769b7af3a923481e1fdf49180e6a265
1410,0x070341aa5ed571f0fb2c4a5641409b1a46b4961b
1411,0x9b68c14e936104e9a7a24c712beecdc220002984
1412,0x458ceec48586a85fcfeb4a179706656ee321730e
1413,0x65b791c2d64b7e23940208c3a8a37e404965c57c
1414,0x75f7ba92e923c500f955bf58266413ec69a26382
1415,0xfa7f181fcc3d860fc4610390639c516956adbfd1
1416,0x719009d549c6dce17c37ab06a40b25991f2eff29
1417,0x7f7fe9078239f03162d0003b3367284a237be7e4
1418,0x0b6e79ba994cf84969bc73104818229612526dae
1419,0x48a9789428f2067338d02b1ef3612df64f05feb7
1420,0x8579363b49bac7f7c6772afeea65d05a72d2213a
1421,0x73d0efb3c4fd48e79bb182f46be2582a39e45a63
1422,0x5afe3a7872fe2cc5544ea8b80551e275c1dfb042
1423,0x304182e1162b26b8cf84bb2c6834caa6bd656861
1424,0x747e487484a6d68938f09c44d8c4805d1798d799
1425,0x13bdae8c5f0fc40231f0e6a4ad70196f59138548
1426,0xf89c2db21e00b80bb2d0699ef99c464a391bcf52
1427,0xf28add4983759e2ea9e66bba15b35d3c5f1de55c
1428,0xabb9cae8ceca808a8644a565e5ddf27675ad68b0
1429,0x9a321c6f1487ab49764d3175cac0b8dac9d42688
1430,0xd9f3970708814b9c96e0e71771b34242d0b44293
1431,0x3b1389728c95c55a4698fad4d0f0382fdcd6705a
1432,0x776526bfd86f58fa0f963338ced6d5944efae504
1433,0xb6e456b357b39dce01578f28d9d456e27974dc48
1434,0xb72ed8401892466ea8af528c1af1d0524bc5e105
1435,0x49a3de1241d9cd15eb5615a4aaaba41ad4cc536b
1436,0x4d7c9c23bd58b7f355b8497067737c79bba30428
1437,0x78e0190d6e101c345221b8769847466055dcd28c
1438,0xbe2952a096be324d0e92746217ec061dd6e8610d
1439,0x8148cd2a4da9557d123b43bb614e5bda8f4d5cfa
1440,0x88fb3d509fc49b515bfeb04e23f53ba339563981
1441,0xd7e9e8125ff53cbe8e05779d5001c6ac246c6e0b
1442,0x80855f07d264c5a4803ae33fde8c47a57f4c38bd
1443,0x6c13fc8ef50144a21702415d57ece0a09879fcfb
1444,0xcf0b5093a0f7b82dc5320ff4c7857b8b455e01fa
1445,0xd8180ee67c9b679845077ac4989bcec91be052c6
1446,0x074383b6f6d71d258039f20d5b789414a7535a75
1447,0x3e83beb2f665db67c54fe0e23fad2a9869bdaeb4
1448,0x84e39a52d7f3f8fb63723782653d4cf71c465a95
1449,0x209b07242c123ffc9aa12b3a057cb28d38412ab7
1450,0xe16cabb4c4416829985913610b9d8723ba549f3d
1451,0x47c125dee6898b6cb2379bcbafc823ff3f614770
1452,0xc3446d5f136eab7878d66e762f768ded025b05b6
1453,0x18c7ad821ec937d633104c0a20c69c2c06b5f644
1454,0xf85217d5ec1e948c214bfa73fa341de651db4035
1455,0x3cfc3559e67a6132f6cf81fd9de62409dde95fe9
1456,0x2b1ad6184a6b0fac06bd225ed37c2abc04415ff4
1457,0xc4070a17b25e163493d2661350e27ecfa9309755
1458,0x6de36adcef1ce8e424477a202bc36955419f8b39
1459,0xc5681c331b7f6afb7ba4eed465aafdedd19a824d
1460,0xdf943e3a2408220da33e84ce40fca694238847c9
1461,0xd96fea4939a9ad11f3c7006ac89c75e158253b67
1462,0xcc8dbf23f3efe11cd816744d768c5a18ff38af47
1463,0xeff506a32b55d5c19847c1a4f8510c00280c27e5
1464,0x10f87409e405c5e44e581a4c3f2eecf36aaf1f92
1465,0xdd5c26170cbba55d0a948f2c0ee9ce33e7990183
1466,0x4aae718bfc6eced9855d90f3d28a1a5b0e775abf
1467,0xc344a689e226b26df2b6090ddf9ec687a1db0a30
1468,0xdc1f98682f4f8a5c6d54f345f448437b83f5e432
1469,0xd36fbe1377b9d3bb8bcfe7fef137df2c7ca528ef
1470,0xd4ee80f2a6d54bcfcfef6958320af5e0f530a9fc
1471,0xf238529b9550e65e89e249704fc13f645752dcc4
1472,0x0598cc55d185e1cd261efb952a0f3052a688be4c
1473,0xbd81e248567cfc364f3756ca513fe0867cba07c2
1474,0xd97b357abc59b4e95abe8da7dba7e743ad58a8e4
1475,0xdf29aa4d30e4b5cc46c0a184f54d04176d489eee
1476,0x2e3bbe051575928456198468346333819e130dc3
1477,0x0d2c3f45b2b3aff2312f9514a89415a0f83f481d
1478,0x1f411e1808cb7d19351c583f9638887ccb427494
1479,0x99bf609700bcdc3737488f858e2092d7954bfdd4
1480,0xf9b1cf9032e4ef22b0aae0f6d7741cc850e544c2
1481,0x79e0d96d773c4082046b027dc8834437c1b6206a
1482,0x53d290220b4ae5cd91987517ef04e206c1078850
1483,0x76845f88be688c488ea0bcf34ef9a2ace356eb99
1484,0x851a81277fbc7dcf34f509ff2c6e27cd94f6469b
1485,0xc5094896dd93b3eea234ce9e23d8597974e10341
1486,0x8c9d2bf1d9dd9bfc10c3bad8a602074ef0de219d
1487,0xa2bf1b0a7e079767b4701b5a1d9d5700eb42d1d1
1488,0x1e2bbc8bcd8c285c586522956ff1c6d8922ed051
1489,0x759de6b9806a5f695b8fe92f58a6771fb5db52c6
1490,0x4256cb53314b750e3a89295fe105b3145d78409b
