,blockNumber,timeStamp,hash,nonce,blockHash,from,contractAddress,to,tokenID,tokenName,tokenSymbol,tokenDecimal,transactionIndex,gas,gasPrice,gasUsed,cumulativeGasUsed,input,confirmations
0,11268784,2020-11-16 12:08:22,0x0ce3ed7c8102c995cc452e822026faded8c61de71e157ffa4fdc5537e1ddc40d,597,0x2a075de3891427559c1f3d60aac05c100199b11176f808eadc556eaa348f49cc,0x0000000000000000000000000000000000000000,0x99a7e1188ce9a0b7514d084878dfb8a405d8529f,0x934adbb72e3a8cbbd4dc0934fd2bd579948eaefb,5,ArtNFT,ANFT,0,93,3762552,24000000000,2508368,9934487,deprecated,3997157
1,11268807,2020-11-16 12:12:14,0xd1657c14ab9f23e86696d2c3ab9d9f1f9f35f3807833770cb6a122c80c25e0cf,599,0xbf5f7e8cfe718a24b2d10505fc56fe8e909e83015e5c239cf75b5971191b51b4,0x934adbb72e3a8cbbd4dc0934fd2bd579948eaefb,0x99a7e1188ce9a0b7514d084878dfb8a405d8529f,0xe8f587d95d1fb596be3088d5a788859ed3b21fe5,5,ArtNFT,ANFT,0,116,556077,30000000000,310718,7162410,deprecated,3997134
2,11303510,2020-11-21 20:00:57,0x23ecd5167519ef241c7a4a8b45494b576c0f002c6b6289581e4ce596c0fb1a02,619,0xb86e4f2d6638d3e38e027e6ed7277da67ce9397f637bbf4fd3c01f87514f68ae,0xfa94f3aea1aa0d9a4a685abd2d5cfe58407278ed,0x99a7e1188ce9a0b7514d084878dfb8a405d8529f,0x934adbb72e3a8cbbd4dc0934fd2bd579948eaefb,68,ArtNFT,ANFT,0,27,341892,70000000000,167928,2481044,deprecated,3962431
3,12486695,2021-05-22 22:00:59,0x680d0cdd1cb7a8318022599a7450d676ca97b17e4d475002b094ff35a44bd1b6,1467,0xab73b04f6ee5ece1ff86f79dad054e244bf8bca5d2cbb2ba8d06d7d2f4bce034,0x0000000000000000000000000000000000000000,0x375ea781c49eafedde07afe6196f885761f166ae,0x934adbb72e3a8cbbd4dc0934fd2bd579948eaefb,2955,CryptoTrunks,CT,0,18,551118,45000000000,367412,2002803,deprecated,2779246
4,13191843,2021-09-09 13:37:58,0xde258618f2b375cd83a62ccb8f87ced7cb0e9486fcac447cc4a220f227812fe4,1536,0x2de7b93d797db21ca484278b5389d314fa86d000123f10ed6e177de9608bac71,0x0000000000000000000000000000000000000000,0xad5f6cdda157694439ef9f6dd409424321c74628,0x934adbb72e3a8cbbd4dc0934fd2bd579948eaefb,6216,Fewmans,FEW,0,8,214705,250000000000,143137,1027644,deprecated,2074098
5,13191871,2021-09-09 13:45:08,0xe8eed02f8c5f536010be6418fc1af3f7a3ff036d24f57641f336cabef7dcffbb,1537,0x02cf31bc5bab10df47318503ababec99efc0b4698149064142b2231adc11ec20,0x934adbb72e3a8cbbd4dc0934fd2bd579948eaefb,0xad5f6cdda157694439ef9f6dd409424321c74628,0xeaa40f6b29ce35d8f53f6bf9b2a7397e3d8475af,6216,Fewmans,FEW,0,4,96118,300000000000,86518,414792,deprecated,2074070
6,13335655,2021-10-01 20:40:04,0xd446df0bc96096e034f1cceb638ccc0757aa5e0a8d47d5b1a7e370959fcb6099,1538,0xac02ebb1516e5a55a62df5f40746005968deed2d5011ea4660223c27841d9258,0x0000000000000000000000000000000000000000,0xa406489360a47af2c74fc1004316a64e469646a5,0x934adbb72e3a8cbbd4dc0934fd2bd579948eaefb,937,The Surreals,SRLS,0,30,236760,99765554087,157840,2703061,deprecated,1930286
7,13335655,2021-10-01 20:40:04,0xd446df0bc96096e034f1cceb638ccc0757aa5e0a8d47d5b1a7e370959fcb6099,1538,0xac02ebb1516e5a55a62df5f40746005968deed2d5011ea4660223c27841d9258,0x0000000000000000000000000000000000000000,0xa406489360a47af2c74fc1004316a64e469646a5,0x934adbb72e3a8cbbd4dc0934fd2bd579948eaefb,938,The Surreals,SRLS,0,30,236760,99765554087,157840,2703061,deprecated,1930286
8,13335655,2021-10-01 20:40:04,0xd446df0bc96096e034f1cceb638ccc0757aa5e0a8d47d5b1a7e370959fcb6099,1538,0xac02ebb1516e5a55a62df5f40746005968deed2d5011ea4660223c27841d9258,0x0000000000000000000000000000000000000000,0xa406489360a47af2c74fc1004316a64e469646a5,0x934adbb72e3a8cbbd4dc0934fd2bd579948eaefb,939,The Surreals,SRLS,0,30,236760,99765554087,157840,2703061,deprecated,1930286
9,13459439,2021-10-21 06:33:40,0xb90945ebdaf798a488c3ee206ad1426c958f9adf5f9166d87a7f31b467e3c00e,117,0xafb1c856bcf134597c77609198c96dc778c8af7a229c93810d9cf601d46ea08a,0x934adbb72e3a8cbbd4dc0934fd2bd579948eaefb,0xa406489360a47af2c74fc1004316a64e469646a5,0xc05e6d3c30cb47bbc9ab11e5cf2a7744160b8a00,938,The Surreals,SRLS,0,205,257065,80300000000,192801,9720143,deprecated,1806502
10,13483946,2021-10-25 02:39:38,0x4517eb9dc3a11ab59beed602c1ff2a5fc563ecb91677ce17e7363d51d22ca92f,7,0xbd4e32d0e30c7c57f3690fc007ae112f90a115ee817d49c9a386205e6638ebc0,0x934adbb72e3a8cbbd4dc0934fd2bd579948eaefb,0xa406489360a47af2c74fc1004316a64e469646a5,0x543c7f8a3c9038b25e504150f3e550ae3631e85c,939,The Surreals,SRLS,0,72,234929,67100000000,175773,6580759,deprecated,1781995
11,13604012,2021-11-12 22:34:23,0xa41024afb975b2a1155fef8b10275331e134ddff363926e4202efea4c39d93fe,1546,0x355f45ce1b98261f267127a185698247cc064ee3566936344089bfc499bb0332,0x0000000000000000000000000000000000000000,0x26eeb71350d60466ab18c8cbac1ea2d58c39c140,0x934adbb72e3a8cbbd4dc0934fd2bd579948eaefb,1099,Alfa Card,ALFA,0,310,786243,158476668007,522171,22462504,deprecated,1661929
12,13604012,2021-11-12 22:34:23,0xa41024afb975b2a1155fef8b10275331e134ddff363926e4202efea4c39d93fe,1546,0x355f45ce1b98261f267127a185698247cc064ee3566936344089bfc499bb0332,0x0000000000000000000000000000000000000000,0x26eeb71350d60466ab18c8cbac1ea2d58c39c140,0x934adbb72e3a8cbbd4dc0934fd2bd579948eaefb,1100,Alfa Card,ALFA,0,310,786243,158476668007,522171,22462504,deprecated,1661929
13,13604017,2021-11-12 22:35:40,0xaaca965cfacba2656bd91f1dda2841fa0950ca6c5e9fe91a26f32f7d64eef351,1547,0x71b05e78053648e9db740217d57fdfd796e3297cd262cfcdfcbe7cc1be453e4a,0x934adbb72e3a8cbbd4dc0934fd2bd579948eaefb,0x26eeb71350d60466ab18c8cbac1ea2d58c39c140,0xc3373905f94e16035f7e01fd5178586e5f478c81,1099,Alfa Card,ALFA,0,343,110146,164143549893,100546,24858250,deprecated,1661924
14,13604017,2021-11-12 22:35:40,0x711db67821f9af8d49f2c7d6b186407dbc0ebdce1272e1473c85eecf951ba754,1548,0x71b05e78053648e9db740217d57fdfd796e3297cd262cfcdfcbe7cc1be453e4a,0x934adbb72e3a8cbbd4dc0934fd2bd579948eaefb,0x26eeb71350d60466ab18c8cbac1ea2d58c39c140,0xc3373905f94e16035f7e01fd5178586e5f478c81,1100,Alfa Card,ALFA,0,383,99691,164143549893,90091,29404562,deprecated,1661924
15,14095651,2022-01-28 17:58:36,0xb290284f26ca2055afbb1febc7bd69cfead7cd6eb00842e6dc0843add6635fcd,95,0x5c3f7185d6fe26cc28645ab0fddefb5d9be5404f22f725012afcd67ab274e9d3,0x934adbb72e3a8cbbd4dc0934fd2bd579948eaefb,0xa406489360a47af2c74fc1004316a64e469646a5,0x2ba77503ba95cda28a4015c73ec88b60516fb91d,937,The Surreals,SRLS,0,148,1012177,215951874181,890961,10162567,deprecated,1170290
16,14978709,2022-06-17 10:33:37,0x8bc24ce472dd15c7b8520250e6f4b1bef65ef29eaec37978ec1ebf16795899be,835,0x766a14187d360035dbb824f9cb5ddfa1048fbfac463bf2656aed59da0127edf7,0x0000000000000000000000000000000000000000,0x135511599d8d78e4e5d2ed7e224b54d80ff97309,0x934adbb72e3a8cbbd4dc0934fd2bd579948eaefb,4705,CryptoTrunks POAP,POAP,0,66,23867027,18100000000,23867027,27608130,deprecated,287232
17,15264070,2022-08-02 16:07:32,0x3aa5deb96091e8766901e7cb6b9ac64a9813dce77be553db73c24acd636400ae,1564,0x2fd68094536b453b894f07f0bae7472a3be0c05f983402dc8df4b04ca37ba544,0x0000000000000000000000000000000000000000,0x9e4af367364f7b95e540a51f3a995028e5737ee6,0x934adbb72e3a8cbbd4dc0934fd2bd579948eaefb,229,PARTICIPANTS,PARTICIPANTS,0,2,908774,53252230548,610739,684685,deprecated,1871
