amount,average amount claimed,claimers,time
7389.015117,2463.005039,3,2020-09-16T00:00:00+00:00
84535080.54,609.7496414,138639,2020-09-17T00:00:00+00:00
18703272.9,623.4216494,30001,2020-09-18T00:00:00+00:00
6423943.589,666.3150699,9641,2020-09-19T00:00:00+00:00
2963650.635,657.1287438,4510,2020-09-20T00:00:00+00:00
1814140.323,503.3685692,3604,2020-09-21T00:00:00+00:00
1030212.652,526.9629932,1955,2020-09-22T00:00:00+00:00
1239278.519,795.9399605,1557,2020-09-23T00:00:00+00:00
618683.1233,539.8631093,1146,2020-09-24T00:00:00+00:00
471042.2695,429.0002454,1098,2020-09-25T00:00:00+00:00
397072.4983,472.7053552,840,2020-09-26T00:00:00+00:00
286689.5456,420.3659027,682,2020-09-27T00:00:00+00:00
265859.3906,432.9957502,614,2020-09-28T00:00:00+00:00
210069.2746,410.291552,512,2020-09-29T00:00:00+00:00
604483.8166,1269.923984,476,2020-09-30T00:00:00+00:00
159187.7981,408.1738413,390,2020-10-01T00:00:00+00:00
163972.8562,410.9595393,399,2020-10-02T00:00:00+00:00
152926.5045,425.9791212,359,2020-10-03T00:00:00+00:00
675584.5161,2151.543045,314,2020-10-04T00:00:00+00:00
111463.1226,423.8141545,263,2020-10-05T00:00:00+00:00
118222.1106,444.4440248,266,2020-10-06T00:00:00+00:00
118710.8721,480.6108184,247,2020-10-07T00:00:00+00:00
86304.80342,416.9314175,207,2020-10-08T00:00:00+00:00
95393.20335,463.0738027,206,2020-10-09T00:00:00+00:00
81273.19165,412.5542723,197,2020-10-10T00:00:00+00:00
77492.40527,461.2643171,168,2020-10-11T00:00:00+00:00
79571.0968,465.3280514,171,2020-10-12T00:00:00+00:00
61659.26535,411.061769,150,2020-10-13T00:00:00+00:00
215094.2703,1156.420808,186,2020-10-14T00:00:00+00:00
86202.46791,422.5611172,204,2020-10-15T00:00:00+00:00
52873.73012,406.7210009,130,2020-10-16T00:00:00+00:00
71873.82223,413.0679438,174,2020-10-17T00:00:00+00:00
85711.57897,412.0748989,208,2020-10-18T00:00:00+00:00
77211.90027,433.7747206,178,2020-10-19T00:00:00+00:00
104509.9445,687.5654243,152,2020-10-20T00:00:00+00:00
68576.50791,403.391223,170,2020-10-21T00:00:00+00:00
86612.48283,537.9657318,161,2020-10-22T00:00:00+00:00
105143.8291,735.2715322,143,2020-10-23T00:00:00+00:00
83535.6251,413.5426985,202,2020-10-24T00:00:00+00:00
103837.7513,412.0545686,252,2020-10-25T00:00:00+00:00
73364.40555,516.6507433,142,2020-10-26T00:00:00+00:00
264345.3334,1536.891474,172,2020-10-27T00:00:00+00:00
48706.98761,402.5370877,121,2020-10-28T00:00:00+00:00
54935.47368,422.5805668,130,2020-10-29T00:00:00+00:00
38842.59749,413.2191222,94,2020-10-30T00:00:00+00:00
50366.91916,402.9353533,125,2020-10-31T00:00:00+00:00
837165.5635,4811.296342,174,2020-11-01T00:00:00+00:00
43959.28728,418.6598789,105,2020-11-02T00:00:00+00:00
45555.60562,406.7464787,112,2020-11-03T00:00:00+00:00
58015.77447,527.4161315,110,2020-11-04T00:00:00+00:00
36600.39911,425.5860362,86,2020-11-05T00:00:00+00:00
38170.2587,401.7921969,95,2020-11-06T00:00:00+00:00
62450.4031,410.8579151,152,2020-11-07T00:00:00+00:00
43231.38628,485.7459133,89,2020-11-08T00:00:00+00:00
138978.8419,1462.935178,95,2020-11-09T00:00:00+00:00
48146.43163,408.0206071,118,2020-11-10T00:00:00+00:00
47490.13859,439.7235054,108,2020-11-11T00:00:00+00:00
62239.53045,423.3981663,147,2020-11-12T00:00:00+00:00
53918.96974,402.3803712,134,2020-11-13T00:00:00+00:00
37775.58996,401.8679783,94,2020-11-14T00:00:00+00:00
53470.86817,402.0366027,133,2020-11-15T00:00:00+00:00
45616.39475,403.6849093,113,2020-11-16T00:00:00+00:00
181645.0874,1279.190757,142,2020-11-17T00:00:00+00:00
47879.35825,409.2252842,117,2020-11-18T00:00:00+00:00
36111.7091,401.2412122,90,2020-11-19T00:00:00+00:00
86572.69454,671.1061592,129,2020-11-20T00:00:00+00:00
107462.0565,866.629488,124,2020-11-21T00:00:00+00:00
387131.0095,2805.29717,138,2020-11-22T00:00:00+00:00
158718.1141,1368.259604,116,2020-11-23T00:00:00+00:00
76801.24014,556.5307256,138,2020-11-24T00:00:00+00:00
163245.9959,1497.669687,109,2020-11-25T00:00:00+00:00
37593.17311,404.2276678,93,2020-11-26T00:00:00+00:00
35831.17921,534.7937195,67,2020-11-27T00:00:00+00:00
30466.93539,400.8807288,76,2020-11-28T00:00:00+00:00
23043.20199,411.4857498,56,2020-11-29T00:00:00+00:00
30707.56196,404.0468678,76,2020-11-30T00:00:00+00:00
30188.50053,402.5133404,75,2020-12-01T00:00:00+00:00
34163.90298,421.77658,81,2020-12-02T00:00:00+00:00
41036.86929,402.322248,102,2020-12-03T00:00:00+00:00
47784.29349,404.9516398,118,2020-12-04T00:00:00+00:00
52208.50745,678.0325642,77,2020-12-05T00:00:00+00:00
33667.23108,420.8403885,80,2020-12-06T00:00:00+00:00
43350.56358,619.2937654,70,2020-12-07T00:00:00+00:00
34103.66258,415.8983241,82,2020-12-08T00:00:00+00:00
212791.3411,2127.913411,100,2020-12-09T00:00:00+00:00
22848.02056,400.842466,57,2020-12-10T00:00:00+00:00
18659.15522,405.6338092,46,2020-12-11T00:00:00+00:00
18554.36565,431.4968756,43,2020-12-12T00:00:00+00:00
42241.13106,768.0205646,55,2020-12-13T00:00:00+00:00
20001.58882,400.0317764,50,2020-12-14T00:00:00+00:00
21699.50465,417.2981664,52,2020-12-15T00:00:00+00:00
26748.34028,514.3911593,52,2020-12-16T00:00:00+00:00
33003.58224,402.4827102,82,2020-12-17T00:00:00+00:00
28479.02156,406.8431652,70,2020-12-18T00:00:00+00:00
31397.08029,407.7542895,77,2020-12-19T00:00:00+00:00
33275.26957,405.7959703,82,2020-12-20T00:00:00+00:00
26407.85459,400.1190089,66,2020-12-21T00:00:00+00:00
20457.2588,401.1227215,51,2020-12-22T00:00:00+00:00
26915.56612,401.7248674,67,2020-12-23T00:00:00+00:00
14007.89875,400.2256785,35,2020-12-24T00:00:00+00:00
53098.21318,428.2113966,124,2020-12-25T00:00:00+00:00
34234.48858,407.5534354,84,2020-12-26T00:00:00+00:00
33549.87538,404.215366,83,2020-12-27T00:00:00+00:00
35344.47672,420.76758,84,2020-12-28T00:00:00+00:00
147917.0008,2083.338039,71,2020-12-29T00:00:00+00:00
36132.81794,405.9867184,89,2020-12-30T00:00:00+00:00
39518.94016,444.0330354,89,2020-12-31T00:00:00+00:00
482518.3587,5421.554592,89,2021-01-01T00:00:00+00:00
42470.81167,400.6680347,106,2021-01-02T00:00:00+00:00
44033.83893,400.3076266,110,2021-01-03T00:00:00+00:00
84027.13048,631.782936,133,2021-01-04T00:00:00+00:00
39474.80147,406.9567162,97,2021-01-05T00:00:00+00:00
55486.7217,402.0776934,138,2021-01-06T00:00:00+00:00
50070.09278,400.5607423,125,2021-01-07T00:00:00+00:00
55269.42489,547.2220286,101,2021-01-08T00:00:00+00:00
43754.17375,433.209641,101,2021-01-09T00:00:00+00:00
421365.1201,3901.52889,108,2021-01-10T00:00:00+00:00
30910.89667,401.4402165,77,2021-01-11T00:00:00+00:00
30445.76529,422.8578512,72,2021-01-12T00:00:00+00:00
195070.9665,2191.808612,89,2021-01-13T00:00:00+00:00
39832.34656,485.7603239,82,2021-01-14T00:00:00+00:00
30580.922,402.3805526,76,2021-01-15T00:00:00+00:00
49361.51736,404.6026013,122,2021-01-16T00:00:00+00:00
56211.98023,468.4331686,120,2021-01-17T00:00:00+00:00
55467.43312,482.3255054,115,2021-01-18T00:00:00+00:00
46533.32192,438.993603,106,2021-01-19T00:00:00+00:00
35520.89598,449.6315947,79,2021-01-20T00:00:00+00:00
32094.40633,445.7556435,72,2021-01-21T00:00:00+00:00
19223.40636,400.4876325,48,2021-01-22T00:00:00+00:00
30119.30807,401.5907743,75,2021-01-23T00:00:00+00:00
60255.63646,533.2357209,113,2021-01-24T00:00:00+00:00
52267.40437,402.0569567,130,2021-01-25T00:00:00+00:00
45176.46685,406.9951968,111,2021-01-26T00:00:00+00:00
45324.06015,401.0978774,113,2021-01-27T00:00:00+00:00
44805.80187,400.0518024,112,2021-01-28T00:00:00+00:00
62536.8214,434.283482,144,2021-01-29T00:00:00+00:00
64222.08954,409.0578952,157,2021-01-30T00:00:00+00:00
68876.76554,400.4463113,172,2021-01-31T00:00:00+00:00
49765.15677,401.3319094,124,2021-02-01T00:00:00+00:00
55679.93771,415.5219232,134,2021-02-02T00:00:00+00:00
47444.48294,402.0718893,118,2021-02-03T00:00:00+00:00
58575.151,401.1996644,146,2021-02-04T00:00:00+00:00
44905.58054,404.5547796,111,2021-02-05T00:00:00+00:00
41182.38859,403.7489078,102,2021-02-06T00:00:00+00:00
38599.7548,406.3132084,95,2021-02-07T00:00:00+00:00
50038.63651,400.3090921,125,2021-02-08T00:00:00+00:00
63457.36443,414.7540159,153,2021-02-09T00:00:00+00:00
54047.58576,446.6742625,121,2021-02-10T00:00:00+00:00
39047.73095,411.0287468,95,2021-02-11T00:00:00+00:00
41088.45606,406.8163966,101,2021-02-12T00:00:00+00:00
43958.76233,414.705305,106,2021-02-13T00:00:00+00:00
34039.68213,400.4668486,85,2021-02-14T00:00:00+00:00
41237.85752,400.3675488,103,2021-02-15T00:00:00+00:00
26899.49947,407.5681738,66,2021-02-16T00:00:00+00:00
48666.10691,623.9244476,78,2021-02-17T00:00:00+00:00
38909.24759,401.1262638,97,2021-02-18T00:00:00+00:00
33023.08835,446.2579507,74,2021-02-19T00:00:00+00:00
44951.57283,401.3533289,112,2021-02-20T00:00:00+00:00
43701.36759,400.9299779,109,2021-02-21T00:00:00+00:00
39759.8638,537.2954567,74,2021-02-22T00:00:00+00:00
22443.27835,400.7728277,56,2021-02-23T00:00:00+00:00
24802.34293,400.0377891,62,2021-02-24T00:00:00+00:00
23309.00059,408.929835,57,2021-02-25T00:00:00+00:00
18063.65254,410.5375578,44,2021-02-26T00:00:00+00:00
18849.93996,401.0625524,47,2021-02-27T00:00:00+00:00
20493.47295,401.832803,51,2021-02-28T00:00:00+00:00
19258.50467,458.5358255,42,2021-03-01T00:00:00+00:00
21206.31728,400.1191939,53,2021-03-02T00:00:00+00:00
24824.28523,420.7505971,59,2021-03-03T00:00:00+00:00
52440.17231,1638.755385,32,2021-03-04T00:00:00+00:00
21665.66594,401.2160359,54,2021-03-05T00:00:00+00:00
22282.08878,405.1288869,55,2021-03-06T00:00:00+00:00
19980.16583,416.2534548,48,2021-03-07T00:00:00+00:00
28086.62417,401.2374881,70,2021-03-08T00:00:00+00:00
29843.83451,432.5193407,69,2021-03-09T00:00:00+00:00
19643.34892,400.8846718,49,2021-03-10T00:00:00+00:00
20098.55255,410.1745419,49,2021-03-11T00:00:00+00:00
23612.81024,400.2171227,59,2021-03-12T00:00:00+00:00
21653.77633,400.995858,54,2021-03-13T00:00:00+00:00
24059.05819,407.7806473,59,2021-03-14T00:00:00+00:00
21610.6502,400.1972259,54,2021-03-15T00:00:00+00:00
13610.84887,400.3190843,34,2021-03-16T00:00:00+00:00
19306.82817,402.2255869,48,2021-03-17T00:00:00+00:00
14416.48877,400.4580213,36,2021-03-18T00:00:00+00:00
22545.84835,644.1670958,35,2021-03-19T00:00:00+00:00
19534.79785,434.106619,45,2021-03-20T00:00:00+00:00
13611.7909,400.3467911,34,2021-03-21T00:00:00+00:00
17601.67262,400.0380141,44,2021-03-22T00:00:00+00:00
16800.64403,400.0153339,42,2021-03-23T00:00:00+00:00
14164.81361,404.7089603,35,2021-03-24T00:00:00+00:00
19713.58111,402.3179819,49,2021-03-25T00:00:00+00:00
18812.00742,418.0446094,45,2021-03-26T00:00:00+00:00
11608.98514,400.3098323,29,2021-03-27T00:00:00+00:00
23600.01148,400.0001946,59,2021-03-28T00:00:00+00:00
14138.80573,403.965878,35,2021-03-29T00:00:00+00:00
14000.05412,400.0015462,35,2021-03-30T00:00:00+00:00
21658.86744,401.0901377,54,2021-03-31T00:00:00+00:00
16401.75644,400.04284,41,2021-04-01T00:00:00+00:00
14004.63311,400.1323746,35,2021-04-02T00:00:00+00:00
17114.27901,407.4828337,42,2021-04-03T00:00:00+00:00
16401.49911,400.0365635,41,2021-04-04T00:00:00+00:00
23770.1459,540.2305886,44,2021-04-05T00:00:00+00:00
14800.11503,400.0031089,37,2021-04-06T00:00:00+00:00
12789.00638,491.8848608,26,2021-04-07T00:00:00+00:00
11250.29177,401.7961345,28,2021-04-08T00:00:00+00:00
12404.24456,400.1369214,31,2021-04-09T00:00:00+00:00
13498.26075,409.0382046,33,2021-04-10T00:00:00+00:00
19145.65939,407.3544551,47,2021-04-11T00:00:00+00:00
18507.19952,420.6181708,44,2021-04-12T00:00:00+00:00
15688.26325,402.2631602,39,2021-04-13T00:00:00+00:00
11208.09725,400.2891875,28,2021-04-14T00:00:00+00:00
9211.159092,400.4851779,23,2021-04-15T00:00:00+00:00
18411.32076,400.2461034,46,2021-04-16T00:00:00+00:00
17623.16374,400.5264487,44,2021-04-17T00:00:00+00:00
12815.03596,400.4698738,32,2021-04-18T00:00:00+00:00
12409.74021,400.3142002,31,2021-04-19T00:00:00+00:00
19608.8871,400.1813693,49,2021-04-20T00:00:00+00:00
15604.97534,400.1275727,39,2021-04-21T00:00:00+00:00
25539.09071,555.1976242,46,2021-04-22T00:00:00+00:00
6814.306184,400.8415402,17,2021-04-23T00:00:00+00:00
15052.26792,406.818052,37,2021-04-24T00:00:00+00:00
13654.45836,401.6017165,34,2021-04-25T00:00:00+00:00
12000,400,30,2021-04-26T00:00:00+00:00
11225.63281,400.9154574,28,2021-04-27T00:00:00+00:00
12402.60431,400.08401,31,2021-04-28T00:00:00+00:00
14401.75595,400.0487764,36,2021-04-29T00:00:00+00:00
14577.36252,404.9267366,36,2021-04-30T00:00:00+00:00
16803.52731,400.0839835,42,2021-05-01T00:00:00+00:00
19904.45035,423.4989436,47,2021-05-02T00:00:00+00:00
12826.07517,400.814849,32,2021-05-03T00:00:00+00:00
19285.05872,401.7720567,48,2021-05-04T00:00:00+00:00
29315.94536,488.5990893,60,2021-05-05T00:00:00+00:00
18048.70966,429.7311823,42,2021-05-06T00:00:00+00:00
18776.36785,408.1819097,46,2021-05-07T00:00:00+00:00
11610.34552,400.3567419,29,2021-05-08T00:00:00+00:00
20810.00809,408.0393744,51,2021-05-09T00:00:00+00:00
20423.097,400.4528824,51,2021-05-10T00:00:00+00:00
18407.67711,400.1668936,46,2021-05-11T00:00:00+00:00
17612.0716,400.2743545,44,2021-05-12T00:00:00+00:00
8800.005078,400.0002308,22,2021-05-13T00:00:00+00:00
12260.01706,408.6672354,30,2021-05-14T00:00:00+00:00
9208.202293,400.3566214,23,2021-05-15T00:00:00+00:00
11620.47998,430.3881473,27,2021-05-16T00:00:00+00:00
13788.63828,405.5481847,34,2021-05-17T00:00:00+00:00
8844.352652,402.0160296,22,2021-05-18T00:00:00+00:00
8800,400,22,2021-05-19T00:00:00+00:00
4839.349484,403.2791237,12,2021-05-20T00:00:00+00:00
11614.76422,400.509111,29,2021-05-21T00:00:00+00:00
10473.65836,616.0975503,17,2021-05-22T00:00:00+00:00
16314.69974,906.3722076,18,2021-05-23T00:00:00+00:00
7602.758923,400.1452065,19,2021-05-24T00:00:00+00:00
8231.537138,457.3076188,18,2021-05-25T00:00:00+00:00
10332.02823,413.2811292,25,2021-05-26T00:00:00+00:00
8413.776758,400.6560361,21,2021-05-27T00:00:00+00:00
8001.245739,400.062287,20,2021-05-28T00:00:00+00:00
6001.425985,400.0950657,15,2021-05-29T00:00:00+00:00
6800.309558,400.0182093,17,2021-05-30T00:00:00+00:00
6801.0112,400.0594824,17,2021-05-31T00:00:00+00:00
6818.19795,401.0704676,17,2021-06-01T00:00:00+00:00
7611.076529,400.5829752,19,2021-06-02T00:00:00+00:00
8868.851339,403.1296063,22,2021-06-03T00:00:00+00:00
9564.322061,455.4439077,21,2021-06-04T00:00:00+00:00
4405.339664,400.485424,11,2021-06-05T00:00:00+00:00
8801.653254,400.0751479,22,2021-06-06T00:00:00+00:00
5605.624221,400.4017301,14,2021-06-07T00:00:00+00:00
7728.365863,406.7560981,19,2021-06-08T00:00:00+00:00
4801.788495,400.1490413,12,2021-06-09T00:00:00+00:00
4000,400,10,2021-06-10T00:00:00+00:00
9290.426527,580.6516579,16,2021-06-11T00:00:00+00:00
13083.38368,623.0182705,21,2021-06-12T00:00:00+00:00
5611.316531,400.8083236,14,2021-06-13T00:00:00+00:00
10732.21069,715.4807125,15,2021-06-14T00:00:00+00:00
5600,400,14,2021-06-15T00:00:00+00:00
5202.991573,400.230121,13,2021-06-16T00:00:00+00:00
6824.498742,401.4411025,17,2021-06-17T00:00:00+00:00
5688.844042,406.346003,14,2021-06-18T00:00:00+00:00
3203.212582,400.4015728,8,2021-06-19T00:00:00+00:00
4400,400,11,2021-06-20T00:00:00+00:00
4400.005405,400.0004914,11,2021-06-21T00:00:00+00:00
4000,400,10,2021-06-22T00:00:00+00:00
3605.438578,400.6042864,9,2021-06-23T00:00:00+00:00
7603.277417,400.1724956,19,2021-06-24T00:00:00+00:00
5383.59586,414.1227585,13,2021-06-25T00:00:00+00:00
4813.067215,437.551565,11,2021-06-26T00:00:00+00:00
6803.6042,400.2120118,17,2021-06-27T00:00:00+00:00
2400,400,6,2021-06-28T00:00:00+00:00
5653.734982,434.9026909,13,2021-06-29T00:00:00+00:00
7202.329659,400.1294255,18,2021-06-30T00:00:00+00:00
6000.620185,400.0413457,15,2021-07-01T00:00:00+00:00
4405.758457,400.5234961,11,2021-07-02T00:00:00+00:00
5200.053528,400.0041175,13,2021-07-03T00:00:00+00:00
7208.223554,400.4568641,18,2021-07-04T00:00:00+00:00
4006.471016,400.6471016,10,2021-07-05T00:00:00+00:00
1600,400,4,2021-07-06T00:00:00+00:00
2400,400,6,2021-07-07T00:00:00+00:00
1208.352537,402.784179,3,2021-07-08T00:00:00+00:00
3650.046117,405.5606797,9,2021-07-09T00:00:00+00:00
2423.850409,403.9750682,6,2021-07-10T00:00:00+00:00
3200,400,8,2021-07-11T00:00:00+00:00
4625.692531,420.5175028,11,2021-07-12T00:00:00+00:00
6210.301864,477.715528,13,2021-07-13T00:00:00+00:00
5205.705424,400.4388788,13,2021-07-14T00:00:00+00:00
4844.576048,403.7146707,12,2021-07-15T00:00:00+00:00
5204.030129,400.3100099,13,2021-07-16T00:00:00+00:00
3600,400,9,2021-07-17T00:00:00+00:00
3200,400,8,2021-07-18T00:00:00+00:00
3627.828245,403.0920272,9,2021-07-19T00:00:00+00:00
3200,400,8,2021-07-20T00:00:00+00:00
9600,400,24,2021-07-21T00:00:00+00:00
6002.255032,400.1503355,15,2021-07-22T00:00:00+00:00
4006.625951,400.6625951,10,2021-07-23T00:00:00+00:00
2800,400,7,2021-07-24T00:00:00+00:00
5269.203779,405.3233676,13,2021-07-25T00:00:00+00:00
4800.531926,400.0443272,12,2021-07-26T00:00:00+00:00
2400.217793,400.0362988,6,2021-07-27T00:00:00+00:00
2801.879351,400.2684787,7,2021-07-28T00:00:00+00:00
3600,400,9,2021-07-29T00:00:00+00:00
3249.497319,406.1871649,8,2021-07-30T00:00:00+00:00
6000.459779,400.0306519,15,2021-07-31T00:00:00+00:00
1600,400,4,2021-08-01T00:00:00+00:00
1600.008162,400.0020405,4,2021-08-02T00:00:00+00:00
3203.201588,400.4001985,8,2021-08-03T00:00:00+00:00
2419.088526,403.181421,6,2021-08-04T00:00:00+00:00
4805.754643,400.4795536,12,2021-08-05T00:00:00+00:00
7802.739535,458.9846785,17,2021-08-06T00:00:00+00:00
2401.569523,400.2615872,6,2021-08-07T00:00:00+00:00
3600.35466,400.0394067,9,2021-08-08T00:00:00+00:00
3213.839427,401.7299284,8,2021-08-09T00:00:00+00:00
3600,400,9,2021-08-10T00:00:00+00:00
4400.78525,400.0713864,11,2021-08-11T00:00:00+00:00
3200,400,8,2021-08-12T00:00:00+00:00
3600.024976,400.0027751,9,2021-08-13T00:00:00+00:00
3759.099791,469.8874739,8,2021-08-14T00:00:00+00:00
2400.089395,400.0148992,6,2021-08-15T00:00:00+00:00
6002.64908,400.1766053,15,2021-08-16T00:00:00+00:00
8400.224586,400.0106946,21,2021-08-17T00:00:00+00:00
2454.355622,409.0592703,6,2021-08-18T00:00:00+00:00
7602.86073,400.1505647,19,2021-08-19T00:00:00+00:00
6815.086012,400.8874125,17,2021-08-20T00:00:00+00:00
4605.9174,418.7197636,11,2021-08-21T00:00:00+00:00
6812.559909,400.7388182,17,2021-08-22T00:00:00+00:00
8420.161623,400.9600773,21,2021-08-23T00:00:00+00:00
8801.285333,400.0584242,22,2021-08-24T00:00:00+00:00
7200.31069,400.0172606,18,2021-08-25T00:00:00+00:00
4800,400,12,2021-08-26T00:00:00+00:00
4800.00939,400.0007825,12,2021-08-27T00:00:00+00:00
3333.062679,416.6328349,8,2021-08-28T00:00:00+00:00
5200,400,13,2021-08-29T00:00:00+00:00
5600,400,14,2021-08-30T00:00:00+00:00
4432.399322,402.9453929,11,2021-08-31T00:00:00+00:00
6427.753096,401.7345685,16,2021-09-01T00:00:00+00:00
4400.00002,400.0000018,11,2021-09-02T00:00:00+00:00
6429.289982,401.8306239,16,2021-09-03T00:00:00+00:00
7200.030061,400.0016701,18,2021-09-04T00:00:00+00:00
6000,400,15,2021-09-05T00:00:00+00:00
6000,400,15,2021-09-06T00:00:00+00:00
5600.032949,400.0023535,14,2021-09-07T00:00:00+00:00
3656.809438,406.3121598,9,2021-09-08T00:00:00+00:00
4404.128972,400.3753611,11,2021-09-09T00:00:00+00:00
5600,400,14,2021-09-10T00:00:00+00:00
5200.378352,400.029104,13,2021-09-11T00:00:00+00:00
6403.921668,400.2451043,16,2021-09-12T00:00:00+00:00
3600,400,9,2021-09-13T00:00:00+00:00
5201.069476,400.0822674,13,2021-09-14T00:00:00+00:00
800,400,2,2021-09-15T00:00:00+00:00
3200,400,8,2021-09-16T00:00:00+00:00
5600,400,14,2021-09-17T00:00:00+00:00
3604.640588,400.5156209,9,2021-09-18T00:00:00+00:00
3600.53512,400.0594578,9,2021-09-19T00:00:00+00:00
1600,400,4,2021-09-20T00:00:00+00:00
2800.000989,400.0001413,7,2021-09-21T00:00:00+00:00
2400,400,6,2021-09-22T00:00:00+00:00
3200,400,8,2021-09-23T00:00:00+00:00
4925.871641,703.6959487,7,2021-09-24T00:00:00+00:00
2800,400,7,2021-09-25T00:00:00+00:00
3601.6757,400.1861889,9,2021-09-26T00:00:00+00:00
3600.001052,400.0001169,9,2021-09-27T00:00:00+00:00
2800.030564,400.0043663,7,2021-09-28T00:00:00+00:00
1600,400,4,2021-09-29T00:00:00+00:00
3235.873924,404.4842405,8,2021-09-30T00:00:00+00:00
3200.168299,400.0210374,8,2021-10-01T00:00:00+00:00
2800,400,7,2021-10-02T00:00:00+00:00
2800.384023,400.0548604,7,2021-10-03T00:00:00+00:00
2400.611633,400.1019388,6,2021-10-04T00:00:00+00:00
1610.079722,402.5199305,4,2021-10-05T00:00:00+00:00
3603.635065,400.4038961,9,2021-10-06T00:00:00+00:00
2000,400,5,2021-10-07T00:00:00+00:00
2978.299492,425.471356,7,2021-10-08T00:00:00+00:00
2687.795236,447.9658727,6,2021-10-09T00:00:00+00:00
5056.950998,459.722818,11,2021-10-10T00:00:00+00:00
4519.895858,564.9869823,8,2021-10-11T00:00:00+00:00
3649.564688,405.5071876,9,2021-10-12T00:00:00+00:00
2800,400,7,2021-10-13T00:00:00+00:00
3200,400,8,2021-10-14T00:00:00+00:00
800,400,2,2021-10-15T00:00:00+00:00
800,400,2,2021-10-16T00:00:00+00:00
5034.302208,419.525184,12,2021-10-17T00:00:00+00:00
2800,400,7,2021-10-18T00:00:00+00:00
5200,400,13,2021-10-19T00:00:00+00:00
6000.063975,400.004265,15,2021-10-20T00:00:00+00:00
6000.261583,400.0174389,15,2021-10-21T00:00:00+00:00
5608.776298,400.6268784,14,2021-10-22T00:00:00+00:00
4800,400,12,2021-10-23T00:00:00+00:00
2800,400,7,2021-10-24T00:00:00+00:00
3200,400,8,2021-10-25T00:00:00+00:00
6400,400,16,2021-10-26T00:00:00+00:00
2800.292524,400.0417891,7,2021-10-27T00:00:00+00:00
4000.001473,400.0001473,10,2021-10-28T00:00:00+00:00
10423.12958,400.8895992,26,2021-10-29T00:00:00+00:00
2400,400,6,2021-10-30T00:00:00+00:00
7604.417815,400.2325166,19,2021-10-31T00:00:00+00:00
123901.1482,12390.11482,10,2021-11-01T00:00:00+00:00
5619.097992,401.3641423,14,2021-11-02T00:00:00+00:00
6000.013583,400.0009055,15,2021-11-03T00:00:00+00:00
4400,400,11,2021-11-04T00:00:00+00:00
4800.000919,400.0000766,12,2021-11-05T00:00:00+00:00
6000.003739,400.0002493,15,2021-11-06T00:00:00+00:00
3600,400,9,2021-11-07T00:00:00+00:00
4907.863737,408.9886448,12,2021-11-08T00:00:00+00:00
10132.72822,405.309129,25,2021-11-09T00:00:00+00:00
9231.312055,401.3613937,23,2021-11-10T00:00:00+00:00
6866.120907,403.8894651,17,2021-11-11T00:00:00+00:00
8017.967172,400.8983586,20,2021-11-12T00:00:00+00:00
4509.862081,409.9874619,11,2021-11-13T00:00:00+00:00
4075.540242,407.5540242,10,2021-11-14T00:00:00+00:00
7605.430149,400.2857973,19,2021-11-15T00:00:00+00:00
6000.068744,400.0045829,15,2021-11-16T00:00:00+00:00
8632.12315,664.0094731,13,2021-11-17T00:00:00+00:00
10264.35183,488.7786585,21,2021-11-18T00:00:00+00:00
2011.800053,402.3600106,5,2021-11-19T00:00:00+00:00
2400,400,6,2021-11-20T00:00:00+00:00
4000,400,10,2021-11-21T00:00:00+00:00
7204.304698,400.2391499,18,2021-11-22T00:00:00+00:00
4596.958715,417.9053377,11,2021-11-23T00:00:00+00:00
4003.810136,400.3810136,10,2021-11-24T00:00:00+00:00
3600.017912,400.0019902,9,2021-11-25T00:00:00+00:00
2401.37132,400.2285533,6,2021-11-26T00:00:00+00:00
6105.797652,469.6767425,13,2021-11-27T00:00:00+00:00
3686.767565,409.6408406,9,2021-11-28T00:00:00+00:00
4416.459472,401.4963156,11,2021-11-29T00:00:00+00:00
4000.03873,400.003873,10,2021-11-30T00:00:00+00:00
2400,400,6,2021-12-01T00:00:00+00:00
2000,400,5,2021-12-02T00:00:00+00:00
5200,400,13,2021-12-03T00:00:00+00:00
3600.217368,400.024152,9,2021-12-04T00:00:00+00:00
2400,400,6,2021-12-05T00:00:00+00:00
4629.06588,462.906588,10,2021-12-06T00:00:00+00:00
4800.476897,400.0397414,12,2021-12-07T00:00:00+00:00
4000,400,10,2021-12-08T00:00:00+00:00
5600,400,14,2021-12-09T00:00:00+00:00
2001.17784,400.235568,5,2021-12-10T00:00:00+00:00
3600,400,9,2021-12-11T00:00:00+00:00
2400.000289,400.0000482,6,2021-12-12T00:00:00+00:00
4030.065385,403.0065385,10,2021-12-13T00:00:00+00:00
1200,400,3,2021-12-14T00:00:00+00:00
5205.246985,400.4036142,13,2021-12-15T00:00:00+00:00
2000,400,5,2021-12-16T00:00:00+00:00
1602.285213,400.5713033,4,2021-12-17T00:00:00+00:00
2416.900735,402.8167892,6,2021-12-18T00:00:00+00:00
4477.159732,497.4621924,9,2021-12-19T00:00:00+00:00
2000,400,5,2021-12-20T00:00:00+00:00
2410.909939,401.8183232,6,2021-12-21T00:00:00+00:00
2001.81775,400.36355,5,2021-12-22T00:00:00+00:00
15905.33351,2272.190502,7,2021-12-24T00:00:00+00:00
520258.8283,52025.88283,10,2021-12-25T00:00:00+00:00
3200,400,8,2021-12-26T00:00:00+00:00
3260.58475,407.5730938,8,2021-12-27T00:00:00+00:00
2000,400,5,2021-12-28T00:00:00+00:00
4928.45985,985.69197,5,2021-12-29T00:00:00+00:00
1607.417524,401.854381,4,2021-12-30T00:00:00+00:00
2001.434267,400.2868534,5,2021-12-31T00:00:00+00:00
800,400,2,2022-01-01T00:00:00+00:00
2406.105002,401.0175003,6,2022-01-02T00:00:00+00:00
800,400,2,2022-01-03T00:00:00+00:00
2600,650,4,2022-01-04T00:00:00+00:00
2402.005736,400.3342893,6,2022-01-05T00:00:00+00:00
1212.921571,404.3071903,3,2022-01-06T00:00:00+00:00
4002.366787,400.2366787,10,2022-01-07T00:00:00+00:00
2800,400,7,2022-01-08T00:00:00+00:00
2400,400,6,2022-01-09T00:00:00+00:00
1200,400,3,2022-01-10T00:00:00+00:00
1600.312491,400.0781228,4,2022-01-11T00:00:00+00:00
1611.508164,402.877041,4,2022-01-12T00:00:00+00:00
2000,400,5,2022-01-13T00:00:00+00:00
1600,400,4,2022-01-14T00:00:00+00:00
1600.017084,400.004271,4,2022-01-15T00:00:00+00:00
1600,400,4,2022-01-16T00:00:00+00:00
2000,400,5,2022-01-17T00:00:00+00:00
400,400,1,2022-01-18T00:00:00+00:00
800,400,2,2022-01-19T00:00:00+00:00
1217.299224,405.766408,3,2022-01-20T00:00:00+00:00
369684.0863,61614.01438,6,2022-01-21T00:00:00+00:00
800,400,2,2022-01-22T00:00:00+00:00
2800.94847,400.1354957,7,2022-01-23T00:00:00+00:00
1200.139006,400.0463353,3,2022-01-24T00:00:00+00:00
1200,400,3,2022-01-25T00:00:00+00:00
800,400,2,2022-01-26T00:00:00+00:00
1200,400,3,2022-01-27T00:00:00+00:00
2400,400,6,2022-01-28T00:00:00+00:00
2400,400,6,2022-01-29T00:00:00+00:00
400,400,1,2022-01-30T00:00:00+00:00
2400,400,6,2022-01-31T00:00:00+00:00
1200,400,3,2022-02-01T00:00:00+00:00
2800,400,7,2022-02-02T00:00:00+00:00
2400.813191,400.1355318,6,2022-02-03T00:00:00+00:00
2400,400,6,2022-02-04T00:00:00+00:00
2000,400,5,2022-02-05T00:00:00+00:00
400,400,1,2022-02-06T00:00:00+00:00
800,400,2,2022-02-07T00:00:00+00:00
1200,400,3,2022-02-08T00:00:00+00:00
1200,400,3,2022-02-09T00:00:00+00:00
1200,400,3,2022-02-10T00:00:00+00:00
400,400,1,2022-02-11T00:00:00+00:00
1600,400,4,2022-02-12T00:00:00+00:00
1200.017142,400.005714,3,2022-02-13T00:00:00+00:00
400,400,1,2022-02-14T00:00:00+00:00
1600,400,4,2022-02-15T00:00:00+00:00
2482.963551,413.8272585,6,2022-02-16T00:00:00+00:00
1600.000014,400.0000035,4,2022-02-17T00:00:00+00:00
400,400,1,2022-02-18T00:00:00+00:00
2000,400,5,2022-02-19T00:00:00+00:00
800.254003,400.1270015,2,2022-02-20T00:00:00+00:00
800,400,2,2022-02-21T00:00:00+00:00
400,400,1,2022-02-22T00:00:00+00:00
1200,400,3,2022-02-23T00:00:00+00:00
2000,400,5,2022-02-24T00:00:00+00:00
400,400,1,2022-02-25T00:00:00+00:00
1200,400,3,2022-02-26T00:00:00+00:00
1600.001604,400.000401,4,2022-02-27T00:00:00+00:00
2000,400,5,2022-02-28T00:00:00+00:00
800,400,2,2022-03-01T00:00:00+00:00
400,400,1,2022-03-02T00:00:00+00:00
2800,400,7,2022-03-03T00:00:00+00:00
2400.951644,400.1586073,6,2022-03-04T00:00:00+00:00
2950.021307,421.4316153,7,2022-03-05T00:00:00+00:00
400,400,1,2022-03-06T00:00:00+00:00
2000,400,5,2022-03-07T00:00:00+00:00
800,400,2,2022-03-08T00:00:00+00:00
1602.71573,400.6789325,4,2022-03-09T00:00:00+00:00
2000,400,5,2022-03-10T00:00:00+00:00
800.095808,400.047904,2,2022-03-11T00:00:00+00:00
400,400,1,2022-03-12T00:00:00+00:00
1200,400,3,2022-03-13T00:00:00+00:00
1200,400,3,2022-03-14T00:00:00+00:00
400,400,1,2022-03-15T00:00:00+00:00
2025.748568,405.1497136,5,2022-03-16T00:00:00+00:00
400,400,1,2022-03-17T00:00:00+00:00
1600,400,4,2022-03-18T00:00:00+00:00
1200,400,3,2022-03-19T00:00:00+00:00
4004.86942,400.486942,10,2022-03-20T00:00:00+00:00
851.361746,425.680873,2,2022-03-21T00:00:00+00:00
3205.264348,400.6580435,8,2022-03-22T00:00:00+00:00
400.015467,400.015467,1,2022-03-23T00:00:00+00:00
800,400,2,2022-03-24T00:00:00+00:00
3600,400,9,2022-03-25T00:00:00+00:00
2400.171889,400.0286482,6,2022-03-26T00:00:00+00:00
800,400,2,2022-03-28T00:00:00+00:00
136069.1036,17008.63795,8,2022-03-29T00:00:00+00:00
1600,400,4,2022-03-30T00:00:00+00:00
2000,400,5,2022-03-31T00:00:00+00:00
1600,400,4,2022-04-01T00:00:00+00:00
1736.417982,434.1044955,4,2022-04-02T00:00:00+00:00
400,400,1,2022-04-03T00:00:00+00:00
821.156774,410.578387,2,2022-04-04T00:00:00+00:00
4523.561268,646.2230383,7,2022-04-05T00:00:00+00:00
1600,400,4,2022-04-06T00:00:00+00:00
800,400,2,2022-04-08T00:00:00+00:00
400,400,1,2022-04-09T00:00:00+00:00
400,400,1,2022-04-11T00:00:00+00:00
1200.306616,400.1022053,3,2022-04-12T00:00:00+00:00
800,400,2,2022-04-13T00:00:00+00:00
1600.779581,400.1948953,4,2022-04-14T00:00:00+00:00
400,400,1,2022-04-15T00:00:00+00:00
800,400,2,2022-04-16T00:00:00+00:00
1200,400,3,2022-04-17T00:00:00+00:00
800,400,2,2022-04-18T00:00:00+00:00
1200,400,3,2022-04-19T00:00:00+00:00
3078.806004,769.701501,4,2022-04-20T00:00:00+00:00
1200,400,3,2022-04-22T00:00:00+00:00
806.415756,403.207878,2,2022-04-23T00:00:00+00:00
2000.075527,400.0151054,5,2022-04-24T00:00:00+00:00
1200,400,3,2022-04-25T00:00:00+00:00
1200,400,3,2022-04-26T00:00:00+00:00
1200,400,3,2022-04-27T00:00:00+00:00
2400,400,6,2022-04-28T00:00:00+00:00
2400,400,6,2022-04-29T00:00:00+00:00
1887.55567,471.8889175,4,2022-04-30T00:00:00+00:00
800,400,2,2022-05-01T00:00:00+00:00
2000,400,5,2022-05-03T00:00:00+00:00
2001.62183,400.324366,5,2022-05-04T00:00:00+00:00
489.212178,489.212178,1,2022-05-05T00:00:00+00:00
400,400,1,2022-05-06T00:00:00+00:00
400,400,1,2022-05-07T00:00:00+00:00
10780.5754,3593.525133,3,2022-05-08T00:00:00+00:00
800,400,2,2022-05-09T00:00:00+00:00
7658.682003,3829.341002,2,2022-05-10T00:00:00+00:00
400,400,1,2022-05-11T00:00:00+00:00
2000.104189,400.0208378,5,2022-05-12T00:00:00+00:00
800,400,2,2022-05-13T00:00:00+00:00
1051.92582,1051.92582,1,2022-05-14T00:00:00+00:00
800,400,2,2022-05-15T00:00:00+00:00
400,400,1,2022-05-16T00:00:00+00:00
400,400,1,2022-05-17T00:00:00+00:00
800,400,2,2022-05-18T00:00:00+00:00
400,400,1,2022-05-19T00:00:00+00:00
400,400,1,2022-05-21T00:00:00+00:00
814.644841,407.3224205,2,2022-05-23T00:00:00+00:00
1201.892851,400.6309503,3,2022-05-24T00:00:00+00:00
2000,400,5,2022-05-25T00:00:00+00:00
1200,400,3,2022-05-26T00:00:00+00:00
2000,400,5,2022-05-27T00:00:00+00:00
2000,400,5,2022-05-29T00:00:00+00:00
1600.279822,400.0699555,4,2022-05-30T00:00:00+00:00
1215.865713,405.288571,3,2022-05-31T00:00:00+00:00
800,400,2,2022-06-01T00:00:00+00:00
2800,400,7,2022-06-02T00:00:00+00:00
400,400,1,2022-06-03T00:00:00+00:00
43836.46216,14612.15405,3,2022-06-04T00:00:00+00:00
1600,400,4,2022-06-05T00:00:00+00:00
332133.1446,110711.0482,3,2022-06-06T00:00:00+00:00
800,400,2,2022-06-09T00:00:00+00:00
400,400,1,2022-06-10T00:00:00+00:00
800,400,2,2022-06-11T00:00:00+00:00
1200,400,3,2022-06-12T00:00:00+00:00
1200,400,3,2022-06-13T00:00:00+00:00
2400,400,6,2022-06-14T00:00:00+00:00
400,400,1,2022-06-15T00:00:00+00:00
377620.0524,53945.72178,7,2022-06-16T00:00:00+00:00
