datetime,project,price,market_cap,market_cap_circulating,market_cap_fully_diluted,volume,vol_mc,pe,pe_circulating,ps,ps_circulating,tvl,gmv,revenue,revenue_protocol
2022-05-25T00:00:00+00:00,1inch,0.994063438,1491095157,411467000.2,1491095157,60187806.18,0.040364832,2045.424388,564.4338881,2045.424388,564.4338881,10426303.5,,660.0587795,660.0587795
2022-05-24T00:00:00+00:00,1inch,0.953045987,1429568981,395347552.2,1429568981,62131852.69,0.043461948,1952.385406,539.9325259,1952.385406,539.9325259,10375035.18,202380.77,1021.427241,1021.427241
2022-05-23T00:00:00+00:00,1inch,0.999017946,1498526919,414599140.3,1498526919,56893949.37,0.037966585,2073.003456,573.5402144,2073.003456,573.5402144,10188064.26,,537.4587629,537.4587629
2022-05-22T00:00:00+00:00,1inch,0.963862167,1445793251,400572895.7,1445793251,42422379.64,0.029341941,1970.79478,546.0303341,1970.79478,546.0303341,10171940.63,122282.5859,436.1268799,436.1268799
2022-05-21T00:00:00+00:00,1inch,0.918519742,1377779613,381114920.9,1377779613,53241692.97,0.038643113,1856.20807,513.4555521,1856.20807,513.4555521,10171940.63,,1625.715303,1625.715303
2022-05-20T00:00:00+00:00,1inch,0.932467043,1398700564,387533401.3,1398700564,65973898.85,0.047167993,1918.18791,531.4660651,1918.18791,531.4660651,10070042.15,167132.0064,958.535959,958.535959
2022-05-19T00:00:00+00:00,1inch,0.905212434,1357818651,379063982.5,1357818651,63784766.76,0.04697591,1861.63229,519.7142855,1861.63229,519.7142855,10343035.66,,1202.416972,1202.416972
2022-05-18T00:00:00+00:00,1inch,0.961721054,1442581581,398850939.6,1442581581,54389849.04,0.037703136,1991.264246,550.552999,1991.264246,550.552999,10343035.66,337424.6469,3516.582587,3516.582587
2022-05-17T00:00:00+00:00,1inch,0.919800998,1379701497,381977072.5,1379701497,55026916.53,0.039883204,2002.450524,554.3881706,2002.450524,554.3881706,10443559.16,,1396.754154,1396.754154
2022-05-16T00:00:00+00:00,1inch,0.977545542,1466318313,405438990,1466318313,62981281.83,0.042951985,2173.645345,601.0158678,2173.645345,601.0158678,10443559.16,139075.2262,885.8028007,885.8028007
2022-05-15T00:00:00+00:00,1inch,0.944109789,1416164684,390513669.9,1416164684,90282561.23,0.063751456,2064.355224,569.2550759,2064.355224,569.2550759,10239900.5,,908.6461026,908.6461026
2022-05-14T00:00:00+00:00,1inch,0.917844757,1376767136,384762345.3,1376767136,98743713.99,0.071721435,1980.000919,553.3468789,1980.000919,553.3468789,9637442.405,230069.6452,1056.618626,1056.618626
2022-05-13T00:00:00+00:00,1inch,0.809816265,1214724398,336807268.5,1214724398,143310591.7,0.117977866,1719.816249,476.8543501,1719.816249,476.8543501,10822399.05,,3384.769116,3384.769116
2022-05-12T00:00:00+00:00,1inch,1.02306802,1534602030,418584351.3,1534602030,248966482.7,0.16223521,2261.77561,616.9312029,2261.77561,616.9312029,10822399.05,588803.1905,5277.15371,5277.15371
2022-05-11T00:00:00+00:00,1inch,1.0433398,1565009700,429605753.8,1565009700,179707730.6,0.114828509,2417.427646,663.6002488,2417.427646,663.6002488,12124890.31,,5552.312583,5552.312583
2022-05-10T00:00:00+00:00,1inch,1.033727439,1550591158,435232128.3,1550591158,173069249.4,0.111615011,2651.051143,744.1178965,2651.051143,744.1178965,13593990.89,613136.2778,2745.949178,2745.949178
2022-05-09T00:00:00+00:00,1inch,1.2982447,1947367049,540298879.9,1947367049,91143382.85,0.046803392,3408.105705,945.5822391,3408.105705,945.5822391,13593990.89,,7270.465784,7270.465784
2022-05-08T00:00:00+00:00,1inch,1.30466334,1956995010,542212937.8,1956995010,118566886.7,0.060586198,3680.272471,1019.671148,3680.272471,1019.671148,14436964.46,385770.548,3126.06621,3126.06621
2022-05-07T00:00:00+00:00,1inch,1.364820891,2047231337,566299932.7,2047231337,218574078.2,0.106765696,3919.005223,1084.065271,3919.005223,1084.065271,14366985.01,,1731.996614,1731.996614
2022-05-06T00:00:00+00:00,1inch,1.289315886,1933973829,531959948.5,1933973829,183067756.5,0.094658859,3575.446357,983.4643219,3575.446357,983.4643219,14102758.4,274767.6652,2241.180049,2241.180049
2022-05-05T00:00:00+00:00,1inch,1.286305126,1929457688,535272472.6,1929457688,50040033.1,0.025934766,3613.907966,1002.574695,3613.907966,1002.574695,14102758.4,,2445.406822,2445.406822
2022-05-04T00:00:00+00:00,1inch,1.170413602,1755620403,486167034,1755620403,61154389.42,0.034833492,3262.020849,903.3199878,3262.020849,903.3199878,13951965.55,116684.9129,763.7319178,763.7319178
2022-05-03T00:00:00+00:00,1inch,1.176305897,1764458845,488075418.5,1764458845,54658703.67,0.030977602,3195.287351,883.8637496,3195.287351,883.8637496,13951965.55,,1059.158381,1059.158381
2022-05-02T00:00:00+00:00,1inch,1.160784394,1741176592,480961593.9,1741176592,69649115.04,0.040001178,2980.808946,823.3826647,2980.808946,823.3826647,14063609.59,81590.34522,595.9923524,595.9923524
2022-05-01T00:00:00+00:00,1inch,1.126344927,1689517391,465153835.2,1689517391,81343271.46,0.048145862,2816.568143,775.4507182,2816.568143,775.4507182,14063609.59,,658.6195639,658.6195639
2022-04-30T00:00:00+00:00,1inch,1.259407128,1889110691,524789699.4,1889110691,46781755.32,0.024763904,3047.79761,846.6697049,3047.79761,846.6697049,14715959.28,457077.9219,1687.619597,1687.619597
2022-04-29T00:00:00+00:00,1inch,1.302409161,1953613741,539235211.6,1953613741,55761832.08,0.028542916,3174.865232,876.3242646,3174.865232,876.3242646,14715959.28,,548.6374936,548.6374936
2022-04-28T00:00:00+00:00,1inch,1.322039973,1983059960,548314650.9,1983059960,45221061.41,0.022803678,3116.47482,861.7030436,3116.47482,861.7030436,14861763.02,314031.7984,2717.034241,2717.034241
2022-04-27T00:00:00+00:00,1inch,1.286003324,1929004986,532863046.2,1929004986,44249015.91,0.022938777,3133.92444,865.7066912,3133.92444,865.7066912,15114896.8,,3844.725292,3844.725292
2022-04-26T00:00:00+00:00,1inch,1.416274664,2124411996,587300614.5,2124411996,49888711.38,0.023483539,3578.55479,989.3031252,3578.55479,989.3031252,15114896.8,174124.6139,739.4656247,739.4656247
2022-04-25T00:00:00+00:00,1inch,1.41809417,2127141254,590262042.9,2127141254,27833424.75,0.013084897,3522.080951,977.3449192,3522.080951,977.3449192,15708876.8,,1317.841661,1317.841661
2022-04-24T00:00:00+00:00,1inch,1.446345747,2169518621,601265580.6,2169518621,37433598.87,0.017254334,3613.899233,1001.564679,3613.899233,1001.564679,15708876.8,142645.5801,934.046624,934.046624
2022-04-23T00:00:00+00:00,1inch,1.47548228,2213223420,613410227.6,2213223420,76661864.39,0.034638105,3530.541026,978.5139427,3530.541026,978.5139427,16361251.8,,228.2183156,228.2183156
2022-04-22T00:00:00+00:00,1inch,1.491460423,2237190635,619855794.6,2237190635,78571923.71,0.035120799,3424.674311,948.870509,3424.674311,948.870509,16290528.84,236705.4219,1448.947249,1448.947249
2022-04-21T00:00:00+00:00,1inch,1.540693653,2311040479,637452200.9,2311040479,55195020.35,0.023883191,3440.740849,949.05643,3440.740849,949.05643,16063293.25,,1170.419789,1170.419789
2022-04-20T00:00:00+00:00,1inch,1.540087592,2310131388,638574845.8,2310131388,43786290.05,0.018954026,3363.293609,929.6937433,3363.293609,929.6937433,15803432.46,92364.06726,515.0771367,515.0771367
2022-04-19T00:00:00+00:00,1inch,1.495823611,2243735416,619953718.9,2243735416,50716324.51,0.022603523,3190.727181,881.6116051,3190.727181,881.6116051,16088671.8,,974.8323781,974.8323781
2022-04-18T00:00:00+00:00,1inch,1.463982104,2195973156,604953599,2195973156,37780024.15,0.017204229,2999.335781,826.2664643,2999.335781,826.2664643,16100121.92,161208.8795,784.993143,784.993143
2022-04-17T00:00:00+00:00,1inch,1.514903117,2272354675,628989484.1,2272354675,36632150.19,0.016120789,2927.40195,810.3070629,2927.40195,810.3070629,16096597.48,,505.8807453,505.8807453
2022-04-16T00:00:00+00:00,1inch,1.519615519,2279423278,630559783.9,2279423278,54469063.18,0.023895984,2853.37828,789.333692,2853.37828,789.333692,16096597.48,65757.63191,172.2931048,172.2931048
2022-04-15T00:00:00+00:00,1inch,1.514764303,2272146455,629421707.5,2272146455,61737081.03,0.02717126,2707.39434,749.9924859,2707.39434,749.9924859,16322299.72,,1855.613714,1855.613714
2022-04-14T00:00:00+00:00,1inch,1.551714951,2327572427,644488267.5,2327572427,51496179.8,0.022124416,2791.217972,772.8684247,2791.217972,772.8684247,16322299.72,147375.2024,1700.919403,1700.919403
2022-04-13T00:00:00+00:00,1inch,1.518056011,2277084017,625759535.5,2277084017,65337827.97,0.02869364,2754.053325,756.8342304,2754.053325,756.8342304,16769541.67,,1988.653341,1988.653341
2022-04-12T00:00:00+00:00,1inch,1.456720839,2185081259,602980186.6,2185081259,81252937.82,0.037185316,2659.188365,733.8115642,2659.188365,733.8115642,17678814.38,153909.4769,1022.297696,1022.297696
2022-04-11T00:00:00+00:00,1inch,1.592709473,2389064209,662194571.1,2389064209,45983691.15,0.019247574,2904.376249,805.0274151,2904.376249,805.0274151,17678814.38,,2635.103614,2635.103614
2022-04-10T00:00:00+00:00,1inch,1.666164694,2499247042,687417182.4,2499247042,61524334.84,0.024617148,3086.855162,849.0386275,3086.855162,849.0386275,19291839.79,120355.4251,244.9740391,244.9740391
2022-04-09T00:00:00+00:00,1inch,1.578876438,2368314658,648252579.4,2368314658,69367107.06,0.02928965,2804.670426,767.6914181,2804.670426,767.6914181,19291839.79,,1599.039313,1599.039313
2022-04-08T00:00:00+00:00,1inch,1.660547448,2490821172,687500111.4,2490821172,72609584.12,0.029150862,2950.631606,814.4139695,2950.631606,814.4139695,19004393.78,505895.4704,3903.776962,3903.776962
2022-04-07T00:00:00+00:00,1inch,1.616677421,2425016131,669580467.4,2425016131,137134713.3,0.056550021,2977.634338,822.1659915,2977.634338,822.1659915,19004393.78,,2330.487894,2330.487894
2022-04-06T00:00:00+00:00,1inch,1.83787873,2756818095,762911350.8,2756818095,93817522.8,0.034031089,3400.804477,941.1256922,3400.804477,941.1256922,20551119.08,411147.8181,3304.818399,3304.818399
2022-04-05T00:00:00+00:00,1inch,1.896547081,2844820621,782253514.7,2844820621,131756016.8,0.04631435,3620.004523,995.409426,3620.004523,995.409426,20936545.51,,1646.122986,1646.122986
2022-04-04T00:00:00+00:00,1inch,1.973622667,2960434000,814178772.2,2960434000,142487015.4,0.048130448,3823.157976,1051.445182,3823.157976,1051.445182,20838120.05,450063.5812,2810.815375,2810.815375
2022-04-03T00:00:00+00:00,1inch,1.921036093,2881554139,796099770.1,2881554139,215150977.7,0.074664909,3717.256496,1026.982975,3717.256496,1026.982975,20092888.88,,1953.315364,1953.315364
2022-04-02T00:00:00+00:00,1inch,1.880853379,2821280068,776572877.8,2821280068,103344339,0.036630301,3568.913934,982.3632172,3568.913934,982.3632172,19855722.35,603804.3144,3770.363575,3770.363575
2022-04-01T00:00:00+00:00,1inch,1.775955919,2663933878,730581003.9,2663933878,128438973.3,0.048214025,3511.965407,963.1527394,3511.965407,963.1527394,20360388.77,,1931.180295,1931.180295
2022-03-31T00:00:00+00:00,1inch,1.843055529,2764583293,764653446.6,2764583293,110003916.9,0.039790415,3646.001904,1008.444176,3646.001904,1008.444176,20134985.14,347174.9675,2355.422651,2355.422651
2022-03-30T00:00:00+00:00,1inch,1.792423975,2688635963,741042609.3,2688635963,135481557.1,0.050390443,3446.669074,949.9719111,3446.669074,949.9719111,20134985.14,,1306.226524,1306.226524
2022-03-29T00:00:00+00:00,1inch,1.721694628,2582541941,720247865,2582541941,106746164.3,0.041333758,2731.637865,761.8293856,2731.637865,761.8293856,20719718.23,353506.1615,2330.293089,2330.293089
2022-03-28T00:00:00+00:00,1inch,1.749687085,2624530628,724124793.4,2624530628,119414373.1,0.045499325,2832.869,781.6066834,2832.869,781.6066834,20263113,,951.1959816,951.1959816
2022-03-27T00:00:00+00:00,1inch,1.628375848,2442563772,674452852.8,2442563772,49990598.26,0.020466445,2598.834908,717.603216,2598.834908,717.603216,20226568.95,327153.6333,1987.022956,1987.022956
2022-03-26T00:00:00+00:00,1inch,1.573470349,2360205524,651254374.5,2360205524,61772421.58,0.026172476,2448.597289,675.6444217,2448.597289,675.6444217,23494547.95,,1613.719154,1613.719154
2022-03-25T00:00:00+00:00,1inch,1.628034844,2442052266,675279537,2442052266,77664269.55,0.03180287,2536.484823,701.3921531,2536.484823,701.3921531,25731447.48,217603.1219,1010.543288,1010.543288
2022-03-24T00:00:00+00:00,1inch,1.610608534,2415912801,665862410.2,2415912801,71576561.86,0.02962713,2412.511495,664.9249583,2412.511495,664.9249583,25731447.48,,3189.244083,3189.244083
2022-03-23T00:00:00+00:00,1inch,1.54825936,2322389041,640522290.4,2322389041,66687169.55,0.0287149,2346.983187,647.3054341,2346.983187,647.3054341,25123647.07,356088.9084,2468.462696,2468.462696
2022-03-22T00:00:00+00:00,1inch,1.533010332,2299515498,634914553.4,2299515498,65191244.98,0.028349992,2335.410144,644.8253513,2335.410144,644.8253513,25323810.13,,3012.788953,3012.788953
2022-03-21T00:00:00+00:00,1inch,1.554750704,2332126056,644369388.9,2332126056,72036156.19,0.03088862,2429.033417,671.1450159,2429.033417,671.1450159,25323810.13,370651.1893,2461.070371,2461.070371
2022-03-20T00:00:00+00:00,1inch,1.633638867,2450458301,676549183.9,2450458301,113669962.5,0.046387226,2571.330025,709.9207643,2571.330025,709.9207643,24759682.95,,1902.792088,1902.792088
2022-03-19T00:00:00+00:00,1inch,1.590330756,2385496134,659518378.1,2385496134,122078187.2,0.051175177,2488.539668,688.0068353,2488.539668,688.0068353,23495136.36,402292.5111,3433.439927,3433.439927
2022-03-18T00:00:00+00:00,1inch,1.48144537,2222168055,612642037,2222168055,58157700.15,0.026171603,2374.920702,654.7552755,2374.920702,654.7552755,23495136.36,,4529.012511,4529.012511
2022-03-17T00:00:00+00:00,1inch,1.511779636,2267669454,622232715.5,2267669454,122959828.5,0.054222995,2504.747914,687.2853947,2504.747914,687.2853947,22963935.96,264057.0733,2426.585584,2426.585584
2022-03-16T00:00:00+00:00,1inch,1.351685383,2027528074,560187179.7,2027528074,33660654.67,0.016601819,2259.120982,624.1741496,2259.120982,624.1741496,21888066.96,,3602.391038,3602.391038
2022-03-15T00:00:00+00:00,1inch,1.331066208,1996599311,550678140.6,1996599311,29202431.81,0.014626085,2308.799804,636.7855461,2308.799804,636.7855461,22202396.24,228128.4742,1401.56684,1401.56684
2022-03-14T00:00:00+00:00,1inch,1.311257414,1966886121,542677818.6,1966886121,45850523.58,0.023311224,2282.19681,629.674272,2282.19681,629.674272,22202396.24,,1099.652558,1099.652558
2022-03-13T00:00:00+00:00,1inch,1.336366856,2004550284,553437042.3,2004550284,33140969.24,0.01653287,2247.05488,620.3902274,2247.05488,620.3902274,22240159.63,263335.0065,1555.329517,1555.329517
2022-03-12T00:00:00+00:00,1inch,1.321633885,1982450828,548566098.1,1982450828,35365857.63,0.017839463,2205.07542,610.1687881,2205.07542,610.1687881,22407337.86,,1095.68643,1095.68643
2022-03-11T00:00:00+00:00,1inch,1.371718472,2057577708,567437375.8,2057577708,70728692.74,0.034374737,2254.51761,621.7493276,2254.51761,621.7493276,22407337.86,271589.1085,1536.759613,1536.759613
2022-03-10T00:00:00+00:00,1inch,1.374243158,2061364737,568429925.8,2061364737,40384548.93,0.019591171,2231.73716,615.4108321,2231.73716,615.4108321,21941294.14,,3198.581248,3198.581248
2022-03-09T00:00:00+00:00,1inch,1.290894816,1936342224,533943370.5,1936342224,30738998.28,0.015874776,2112.564236,582.5363174,2112.564236,582.5363174,21941294.14,275074.7644,1577.573281,1577.573281
2022-03-08T00:00:00+00:00,1inch,1.274400354,1911600531,527854373.9,1911600531,43563475.37,0.022789006,2109.007774,582.3648614,2109.007774,582.3648614,22295762.74,,1376.631312,1376.631312
2022-03-07T00:00:00+00:00,1inch,1.303560723,1955341085,539342523.7,1955341085,31700833.36,0.016212431,2142.039732,590.8396873,2142.039732,590.8396873,22575598.67,382985.5104,2010.01812,2010.01812
2022-03-06T00:00:00+00:00,1inch,1.35866557,2037998356,560575302.3,2037998356,29950362.73,0.01469597,2210.19765,607.9407338,2210.19765,607.9407338,19814644.99,,1200.55728,1200.55728
2022-03-05T00:00:00+00:00,1inch,1.344769684,2017154526,560137371.2,2017154526,57581036.22,0.028545674,2135.176818,592.9106146,2135.176818,592.9106146,19814644.99,134271.4074,667.8402039,667.8402039
2022-03-04T00:00:00+00:00,1inch,1.439355759,2159033639,598973424.7,2159033639,44727851.11,0.020716607,2230.17624,618.7102767,2230.17624,618.7102767,20301216.29,,2882.195943,2882.195943
2022-03-03T00:00:00+00:00,1inch,1.494228651,2241342976,621998636.9,2241342976,53829201.93,0.024016495,2350.362956,652.2529441,2350.362956,652.2529441,20383259.18,316912.0809,3255.484677,3255.484677
2022-03-02T00:00:00+00:00,1inch,1.518543384,2277815077,630786752.7,2277815077,58110962.11,0.025511712,1869.634195,517.750758,1869.634195,517.750758,19104443.84,,1053.894383,1053.894383
2022-03-01T00:00:00+00:00,1inch,1.502325178,2253487768,621872603.4,2253487768,67330050.31,0.029878152,1814.115101,500.6232992,1814.115101,500.6232992,18407442.71,249022.8399,1907.387501,1907.387501
2022-02-28T00:00:00+00:00,1inch,1.387046477,2080569715,576448418,2080569715,60365666.41,0.029014008,1677.954291,464.8986714,1677.954291,464.8986714,19360922.31,,4208.396432,4208.396432
2022-02-27T00:00:00+00:00,1inch,1.430329906,2145494858,593485661.6,2145494858,34357778.63,0.016013918,1717.207616,475.0130694,1717.207616,475.0130694,19360922.31,710985.051,15349.73085,15349.73085
2022-02-26T00:00:00+00:00,1inch,1.461681187,2192521781,608149746.5,2192521781,61653420.46,0.028119867,1952.385842,541.5421482,1952.385842,541.5421482,19030932.87,,719.8136082,719.8136082
2022-02-25T00:00:00+00:00,1inch,1.336778102,2005167153,555199269.8,2005167153,96964746.5,0.048357438,1690.494483,468.0713533,1690.494483,468.0713533,18118373.85,255507.9187,2090.298525,2090.298525
2022-02-24T00:00:00+00:00,1inch,1.394593261,2091889891,580372902,2091889891,41176462.7,0.019683858,1751.464056,485.9253259,1751.464056,485.9253259,19505145.95,,4028.121492,4028.121492
2022-02-23T00:00:00+00:00,1inch,1.422121064,2133181595,592198086.7,2133181595,50002916.32,0.023440534,1719.761338,477.4274146,1719.761338,477.4274146,22042925.98,173269.8477,1517.682376,1517.682376
2022-02-22T00:00:00+00:00,1inch,1.365853579,2048780369,569061788.8,2048780369,64866421.53,0.031660993,1586.72862,440.7239745,1586.72862,440.7239745,23146147.53,,4292.259037,4292.259037
2022-02-21T00:00:00+00:00,1inch,1.494516184,2241774276,622191203.7,2241774276,41793599.67,0.01864309,1597.238779,443.3041852,1597.238779,443.3041852,23094616.71,386303.1764,2179.501244,2179.501244
2022-02-20T00:00:00+00:00,1inch,1.588245681,2382368522,659221583.1,2382368522,36425099.1,0.015289448,1610.646007,445.6794156,1610.646007,445.6794156,24002923.56,,2053.088747,2053.088747
2022-02-19T00:00:00+00:00,1inch,1.588610451,2382915676,661094969.1,2382915676,62279479.79,0.02613583,1556.690612,431.8744228,1556.690612,431.8744228,24564452.8,157697.8662,929.7841124,929.7841124
2022-02-18T00:00:00+00:00,1inch,1.657932758,2486899137,690218313.7,2486899137,62009535.62,0.02493448,1575.681657,437.3174289,1575.681657,437.3174289,26083657.04,,1857.034954,1857.034954
2022-02-17T00:00:00+00:00,1inch,1.81335373,2720030595,755673629.9,2720030595,59100735.71,0.021727967,1690.422619,469.6299368,1690.422619,469.6299368,26420672.27,312062.0793,2378.42908,2378.42908
2022-02-16T00:00:00+00:00,1inch,1.796169477,2694254215,747958012.6,2694254215,40766284.02,0.015130823,1652.503455,458.7552254,1652.503455,458.7552254,26062876.82,,1487.50437,1487.50437
2022-02-15T00:00:00+00:00,1inch,1.702697648,2554046471,707836389.5,2554046471,56943236.08,0.022295301,1546.729532,428.6654374,1546.729532,428.6654374,25294979.56,327445.9022,1952.821382,1952.821382
2022-02-14T00:00:00+00:00,1inch,1.665129147,2497693720,691947014.9,2497693720,35980822.94,0.014405619,1490.578825,412.9415709,1490.578825,412.9415709,25620762.99,,1758.77034,1758.77034
2022-02-13T00:00:00+00:00,1inch,1.684829593,2527244390,700094868.3,2527244390,42557808.85,0.01683961,1436.461862,397.9273166,1436.461862,397.9273166,26368666.43,131153.8493,824.5044467,824.5044467
2022-02-12T00:00:00+00:00,1inch,1.71069631,2566044465,708508324,2566044465,56410608.11,0.021983488,1362.106691,376.0901036,1362.106691,376.0901036,26814462.58,,1151.94832,1151.94832
2022-02-11T00:00:00+00:00,1inch,1.802830355,2704245533,844805615.5,2704245533,71933466.83,0.026600198,1392.212547,434.9268449,1392.212547,434.9268449,28258127.69,379908.4081,3667.977839,3667.977839
2022-02-10T00:00:00+00:00,1inch,1.92962495,2894437425,902543101.6,2894437425,58393308.93,0.020174321,1485.696038,463.2695456,1485.696038,463.2695456,28233709.83,,2146.537929,2146.537929
2022-02-09T00:00:00+00:00,1inch,1.862146995,2793220493,873124965.3,2793220493,82270473.02,0.029453626,1387.897777,433.8390763,1387.897777,433.8390763,28175604.95,272793.9975,2251.317658,2251.317658
2022-02-08T00:00:00+00:00,1inch,1.940003226,2910004838,909332109.5,2910004838,67192266.19,0.023090087,1429.291329,446.6317315,1429.291329,446.6317315,28232300.4,,2472.087738,2472.087738
2022-02-07T00:00:00+00:00,1inch,1.862538437,2793807656,872530850.7,2793807656,56831762.4,0.020342045,1341.32713,418.9083307,1341.32713,418.9083307,27395280.13,283673.2839,2597.65289,2597.65289
2022-02-06T00:00:00+00:00,1inch,1.791908486,2687862730,841316402.5,2687862730,58898933.11,0.021912925,1246.16801,390.0577123,1246.16801,390.0577123,27366262.41,,712.4792805,712.4792805
2022-02-05T00:00:00+00:00,1inch,1.761711364,2642567046,819701884.4,2642567046,62191836.91,0.02353463,1172.920351,363.8299447,1172.920351,363.8299447,26784297.76,260728.0326,1923.816839,1923.816839
2022-02-04T00:00:00+00:00,1inch,1.652424377,2478636566,770763364.3,2478636566,42626697.98,0.017197639,1064.951724,331.160197,1064.951724,331.160197,24935628.28,,2795.466248,2795.466248
2022-02-03T00:00:00+00:00,1inch,1.624870316,2437305473,760769074.6,2437305473,49494510.8,0.020307061,1046.621336,326.6874643,1046.621336,326.6874643,25111356.38,249603.2344,3123.073715,3123.073715
2022-02-02T00:00:00+00:00,1inch,1.708706069,2563059103,801871964.7,2563059103,51149441.33,0.019956403,1083.347745,338.9333411,1083.347745,338.9333411,24779888.7,,2653.130626,2653.130626
2022-02-01T00:00:00+00:00,1inch,1.687805201,2531707801,788689974.5,2531707801,43594016.57,0.017219213,1070.491821,333.4848385,1070.491821,333.4848385,23755839.44,283994.7685,1652.020288,1652.020288
2022-01-31T00:00:00+00:00,1inch,1.661327572,2491991359,780702174.4,2491991359,44014943.29,0.017662559,1044.205056,327.1332202,1044.205056,327.1332202,24027303.72,,25737.32768,25737.32768
2022-01-30T00:00:00+00:00,1inch,1.714464263,2571696394,801508636.5,2571696394,65058547.28,0.025297911,1206.347016,375.9765554,1206.347016,375.9765554,23964261.04,310843.4972,3081.670831,3081.670831
2022-01-29T00:00:00+00:00,1inch,1.650834069,2476251103,771913770.7,2476251103,69092079.46,0.027901887,1156.766521,360.5950972,1156.766521,360.5950972,23074731.05,,1716.081681,1716.081681
2022-01-28T00:00:00+00:00,1inch,1.592649089,2388973634,745542418.1,2388973634,61462398.62,0.025727533,1071.800974,334.4838464,1071.800974,334.4838464,26321424.09,512281.5733,5012.265211,5012.265211
2022-01-27T00:00:00+00:00,1inch,1.62273382,2434100730,764296004.6,2434100730,99106030.99,0.040715665,1067.438708,335.1706565,1067.438708,335.1706565,27358762.93,,4613.286576,4613.286576
2022-01-26T00:00:00+00:00,1inch,1.597249059,2395873589,749265609.4,2395873589,65793111.06,0.027461011,1049.98197,328.3626416,1049.98197,328.3626416,25851171.79,678763.6638,6082.918361,6082.918361
2022-01-25T00:00:00+00:00,1inch,1.58658741,2379881115,744819408.7,2379881115,90452644.66,0.038007211,1028.73457,321.9578781,1028.73457,321.9578781,25398805.67,,2788.780264,2788.780264
2022-01-24T00:00:00+00:00,1inch,1.687405865,2531108798,788166180.6,2531108798,76609837.81,0.030267303,1065.85487,331.8983217,1065.85487,331.8983217,26842345.96,894591.0885,7937.30898,7937.30898
2022-01-23T00:00:00+00:00,1inch,1.611055163,2416582745,753231487.3,2416582745,126096273.4,0.05217958,1017.792892,317.2387353,1017.792892,317.2387353,26085353.35,,5832.520916,5832.520916
2022-01-22T00:00:00+00:00,1inch,1.831483354,2747225031,858730614.8,2747225031,127638637.4,0.046460933,1145.788975,358.1519751,1145.788975,358.1519751,28366323.5,1150060.216,13832.90135,13832.90135
2022-01-21T00:00:00+00:00,1inch,2.04293539,3064403085,959917347.1,3064403085,80849464.03,0.02638343,1340.343611,419.8596096,1340.343611,419.8596096,32551770.17,,8600.953167,8600.953167
2022-01-20T00:00:00+00:00,1inch,2.09414825,3141222375,983807737,3141222375,68484286.54,0.021801795,1411.1133,441.9503036,1411.1133,441.9503036,32858813.06,753613.577,6437.159627,6437.159627
2022-01-19T00:00:00+00:00,1inch,2.192094406,3288141609,970876771.2,3288141609,71598382.44,0.021774726,1473.025551,434.9345195,1473.025551,434.9345195,33066242.88,,4967.690567,4967.690567
2022-01-18T00:00:00+00:00,1inch,2.246519225,3369778838,994928638.8,3369778838,77014884.03,0.022854581,1514.620588,447.1923745,1514.620588,447.1923745,34442328.54,465783.1991,4471.454508,4471.454508
2022-01-17T00:00:00+00:00,1inch,2.433042054,3649563080,1074446417,3649563080,85877988.7,0.023531033,1639.684125,482.7297662,1639.684125,482.7297662,35126395.85,,4189.545833,4189.545833
2022-01-16T00:00:00+00:00,1inch,2.386516565,3579774848,1052047691,3579774848,59305685.21,0.016566876,1595.507938,468.8983284,1595.507938,468.8983284,34867116.28,360894.5297,3258.191967,3258.191967
2022-01-15T00:00:00+00:00,1inch,2.365094252,3547641378,1041742667,3547641378,99955498.19,0.028175198,1531.864245,449.8223397,1531.864245,449.8223397,34974852.2,,4024.940442,4024.940442
2022-01-14T00:00:00+00:00,1inch,2.346497034,3519745551,1043105604,3519745551,267967882,0.076132743,1453.647992,430.8005639,1453.647992,430.8005639,34904096.71,775770.6095,8867.542966,8867.542966
2022-01-13T00:00:00+00:00,1inch,2.248295117,3372442675,994071541.6,3372442675,62264748.4,0.018462804,1388.196095,409.1889366,1388.196095,409.1889366,33882993.47,,11400.64897,11400.64897
2022-01-12T00:00:00+00:00,1inch,2.148976295,3223464442,945722485.6,3223464442,56960629.01,0.017670624,1332.643806,390.9803367,1332.643806,390.9803367,32250262.02,584720.2545,6122.9328,6122.9328
2022-01-11T00:00:00+00:00,1inch,2.078401498,3117602247,915647902.7,3117602247,80498030.59,0.025820494,1258.233412,369.5464313,1258.233412,369.5464313,32218409.96,,4160.107436,4160.107436
2022-01-10T00:00:00+00:00,1inch,2.155729157,3233593736,942440586.5,3233593736,51521971.42,0.015933347,1282.104563,373.6732177,1282.104563,373.6732177,32510049.6,757771.8116,7612.046113,7612.046113
2022-01-09T00:00:00+00:00,1inch,2.126501649,3189752474,939993334.5,3189752474,87244361.23,0.027351452,1206.784017,355.6291411,1206.784017,355.6291411,33075533.26,,4240.624233,4240.624233
2022-01-08T00:00:00+00:00,1inch,2.17993239,3269898585,957912034,3269898585,141841734.1,0.043378022,1149.698406,336.8024757,1149.698406,336.8024757,33411668.29,667687.7142,6454.596451,6454.596451
2022-01-07T00:00:00+00:00,1inch,2.346282962,3519424444,1034089150,3519424444,118895085.4,0.033782537,1238.30375,363.8425808,1238.30375,363.8425808,34451265.69,,8885.484115,8885.484115
2022-01-06T00:00:00+00:00,1inch,2.338253256,3507379883,1030361985,3507379883,119417651.4,0.034047538,1251.972593,367.7916303,1251.972593,367.7916303,36143299.86,779459.5307,8872.56656,8872.56656
2022-01-05T00:00:00+00:00,1inch,2.491738213,3737607320,1108541791,3737607320,100789061,0.026966199,1320.324202,391.5966635,1320.324202,391.5966635,37471891.71,,8249.767597,8249.767597
2022-01-04T00:00:00+00:00,1inch,2.564295355,3846443033,1128806178,3846443033,107841424.6,0.028036662,1351.065569,396.4938902,1351.065569,396.4938902,36772299.55,432654.6202,2903.57375,2903.57375
2022-01-03T00:00:00+00:00,1inch,2.555689091,3833533637,1081305864,3833533637,70742085.91,0.018453493,1208.143924,340.7751788,1208.143924,340.7751788,36126407.71,,6276.799345,6276.799345
2022-01-02T00:00:00+00:00,1inch,2.535982562,3803973842,1064489490,3803973842,63664895.37,0.016736418,1178.403692,329.7599821,1178.403692,329.7599821,36185667.51,367457.6871,2578.880158,2578.880158
2022-01-01T00:00:00+00:00,1inch,2.394582171,3591873256,1013679600,3591873256,83023957.34,0.023114389,1109.114653,313.0085104,1109.114653,313.0085104,36049047.82,,3478.146654,3478.146654
2021-12-31T00:00:00+00:00,1inch,2.467605342,3701408013,1041429273,3701408013,105767969.2,0.028575064,1094.937514,308.0719487,1094.937514,308.0719487,36221403.28,438678.4441,4106.009051,4106.009051
2021-12-30T00:00:00+00:00,1inch,2.403654092,3605481138,1011353683,3605481138,103450477,0.028692558,1066.3519,299.1165061,1066.3519,299.1165061,36158813.49,,3834.28844,3834.28844
2021-12-29T00:00:00+00:00,1inch,2.554131402,3831197103,1084633017,3831197103,134841027.7,0.035195534,1115.105179,315.6924225,1115.105179,315.6924225,36796140.58,923422.9253,9212.790966,9212.790966
2021-12-28T00:00:00+00:00,1inch,2.79989534,4199843010,1186219389,4199843010,139717622.4,0.033267344,1210.402655,341.870659,1210.402655,341.870659,37444190.94,,9376.467621,9376.467621
2021-12-27T00:00:00+00:00,1inch,2.763105306,4144657959,1165170468,4144657959,92762624.23,0.02238125,1215.368671,341.6715438,1215.368671,341.6715438,37174546.55,542148.0427,4741.0735,4741.0735
2021-12-26T00:00:00+00:00,1inch,2.742024146,4113036219,1160934082,4113036219,100374791.6,0.024404062,1135.585446,320.5271673,1135.585446,320.5271673,36125944.51,,8765.295284,8765.295284
2021-12-25T00:00:00+00:00,1inch,2.752514828,4128772242,1160629059,4128772242,190107129,0.04604447,1148.444674,322.8364715,1148.444674,322.8364715,36828696.75,686113.7001,7996.391631,7996.391631
2021-12-24T00:00:00+00:00,1inch,2.792459615,4188689422,1176015992,4188689422,234382225.6,0.055955981,1166.901144,327.6190395,1166.901144,327.6190395,36419713.36,,7904.579032,7904.579032
2021-12-23T00:00:00+00:00,1inch,2.482684383,3724026574,1048887003,3724026574,98446632.93,0.026435534,1040.606156,293.0908924,1040.606156,293.0908924,34767833.7,939812.9389,7814.363298,7814.363298
2021-12-22T00:00:00+00:00,1inch,2.44655912,3669838680,1035005209,3669838680,52467158.3,0.014296857,1025.67383,289.2709596,1025.67383,289.2709596,34180586.51,,4372.43882,4372.43882
2021-12-21T00:00:00+00:00,1inch,2.409235804,3613853705,1019200102,3613853705,70544977.11,0.019520706,1003.080024,282.8944794,1003.080024,282.8944794,33625632.22,458430.5389,3486.202481,3486.202481
2021-12-20T00:00:00+00:00,1inch,2.436688144,3655032216,1029058507,3655032216,64961796.52,0.017773249,1003.546607,282.5442055,1003.546607,282.5442055,33931648.19,,6961.781024,6961.781024
2021-12-19T00:00:00+00:00,1inch,2.473516348,3710274522,1041049337,3710274522,92312553.37,0.024880249,991.3199678,278.150037,991.3199678,278.150037,36795934.29,521683.5858,4338.942573,4338.942573
2021-12-18T00:00:00+00:00,1inch,2.455827292,3683740938,1003970756,3683740938,107829161.9,0.029271646,977.0374035,266.2828352,977.0374035,266.2828352,38246003.38,,4551.15422,4551.15422
2021-12-17T00:00:00+00:00,1inch,2.58625089,3879376335,1053837589,3879376335,81004210.95,0.02088073,1027.647831,279.1618597,1027.647831,279.1618597,39346693.98,747776.5599,5708.664543,5708.664543
2021-12-16T00:00:00+00:00,1inch,2.547441438,3821162157,1036728775,3821162157,97759298.09,0.025583656,990.7137439,268.7929494,990.7137439,268.7929494,38632907.29,,9393.608752,9393.608752
2021-12-15T00:00:00+00:00,1inch,2.547133036,3820699554,1039175186,3820699554,123154388.5,0.032233466,962.2089192,261.7069515,962.2089192,261.7069515,37877942.19,1336958.939,12978.5056,12978.5056
2021-12-14T00:00:00+00:00,1inch,2.403932407,3605898610,983010312.4,3605898610,148080447.5,0.041066171,927.7833381,252.9246348,927.7833381,252.9246348,37480322.74,,9551.368315,9551.368315
2021-12-13T00:00:00+00:00,1inch,2.543549657,3815324485,1038271250,3815324485,58255558.71,0.015268835,961.6717143,261.7014874,961.6717143,261.7014874,38771702.54,1113698.018,10507.0594,10507.0594
2021-12-12T00:00:00+00:00,1inch,2.581210525,3871815788,1051330381,3871815788,84028684.04,0.021702655,983.2090557,266.9748789,983.2090557,266.9748789,38689135.6,,11126.4369,11126.4369
2021-12-11T00:00:00+00:00,1inch,2.486625389,3729938084,1020177387,3729938084,104876671.9,0.028117537,930.4659495,254.4922463,930.4659495,254.4922463,39542847.18,776316.8659,7925.70244,7925.70244
2021-12-10T00:00:00+00:00,1inch,2.511098329,3766647493,1023078440,3766647493,144424292.1,0.038342928,931.5498038,253.023019,931.5498038,253.023019,40072267.31,,17896.05606,17896.05606
2021-12-09T00:00:00+00:00,1inch,2.724679664,4087019497,1103659567,4087019497,108605781,0.026573345,1042.270623,281.4549687,1042.270623,281.4549687,40021507.08,2065809.753,21307.75852,21307.75852
2021-12-08T00:00:00+00:00,1inch,2.674313755,4011470633,1071721470,4011470633,130019726.2,0.032411985,1041.624183,278.2847248,1041.624183,278.2847248,40035896.07,,6284.515449,6284.515449
2021-12-07T00:00:00+00:00,1inch,2.666336398,3999504597,1065852557,3999504597,150806019.8,0.037706175,1024.396185,272.9976341,1024.396185,272.9976341,38787173.31,623880.7296,5432.981106,5432.981106
2021-12-06T00:00:00+00:00,1inch,2.624268405,3936402608,1046462854,3936402608,141943304.9,0.036059143,1003.151089,266.6801281,1003.151089,266.6801281,39035208.34,,11364.66635,11364.66635
2021-12-05T00:00:00+00:00,1inch,2.65969257,3989538855,1062133156,3989538855,284452938,0.071299704,1009.463569,268.7490373,1009.463569,268.7490373,38916191.9,1231365.622,9620.943843,9620.943843
2021-12-04T00:00:00+00:00,1inch,3.472883437,5209325156,628926728.7,5209325156,171107494.4,0.032846384,1320.357648,159.4080215,1320.357648,159.4080215,44856499.94,,30600.33515,30600.33515
2021-12-03T00:00:00+00:00,1inch,3.472883437,5209325156,628926728.7,5209325156,171107494.4,0.032846384,1394.833562,168.3995687,1394.833562,168.3995687,46715464.64,1076692.819,10947.74736,10947.74736
2021-12-02T00:00:00+00:00,1inch,3.690301956,5535452934,667555663.3,5535452934,495261959,0.089470901,1494.622223,180.2460506,1494.622223,180.2460506,47477999.83,,3464.828201,3464.828201
2021-12-01T00:00:00+00:00,1inch,3.546867348,5320301022,643168255.5,5320301022,116727963.6,0.021940105,1405.12536,169.8648296,1405.12536,169.8648296,47091156.36,1884362.745,15535.81134,15535.81134
2021-11-30T00:00:00+00:00,1inch,3.757474573,5636211860,679439297.7,5636211860,87794606.16,0.015576882,1500.675346,180.9048043,1500.675346,180.9048043,45359681.63,,4162.24431,4162.24431
2021-11-29T00:00:00+00:00,1inch,3.648064823,5472097235,658968597.3,5472097235,99922028.23,0.01826028,1443.780152,173.8649261,1443.780152,173.8649261,44631120.1,700894.8898,8470.767224,8470.767224
2021-11-28T00:00:00+00:00,1inch,3.691983569,5537975353,665407163,5537975353,94517784.26,0.017067209,1435.099513,172.4322401,1435.099513,172.4322401,45280062.35,,12105.80154,12105.80154
2021-11-27T00:00:00+00:00,1inch,3.66831865,5502477976,663509135.9,5502477976,246709935.2,0.044836151,1151.220002,138.8183637,1151.220002,138.8183637,45322593.31,378812.7236,4315.939724,4315.939724
2021-11-26T00:00:00+00:00,1inch,4.219899551,6329849326,763238747.2,6329849326,209135397,0.033039554,576.6985198,69.53698786,576.6985198,69.53698786,48373995.57,,22724.96853,22724.96853
2021-11-25T00:00:00+00:00,1inch,3.993853093,5990779640,723122129.2,5990779640,216992595.4,0.036221094,553.7663863,66.84284057,553.7663863,66.84284057,63981363.65,640167.0284,6484.607248,6484.607248
2021-11-24T00:00:00+00:00,1inch,4.044488562,6066732843,731612720,6066732843,163822241.1,0.027003372,557.6275514,67.24664167,557.6275514,67.24664167,69154176.12,,7527.980357,7527.980357
2021-11-23T00:00:00+00:00,1inch,4.023586671,6035380006,689544332.7,6035380006,134071522.1,0.022214264,553.7518001,63.26634198,553.7518001,63.26634198,69129101.83,801118.221,6980.963958,6980.963958
2021-11-22T00:00:00+00:00,1inch,4.023586671,6035380006,732578927.1,6035380006,185017358.5,0.030655461,555.1341171,67.38259322,555.1341171,67.38259322,70630261.77,,7752.304933,7752.304933
2021-11-21T00:00:00+00:00,1inch,3.997311173,5995966760,722461714.5,5995966760,116520778,0.019433193,549.0469084,66.15536522,549.0469084,66.15536522,69810236.88,646397.5414,6476.944166,6476.944166
2021-11-20T00:00:00+00:00,1inch,3.919757839,5879636758,706980767.5,5879636758,118391200.6,0.020135802,529.1878223,63.63073574,529.1878223,63.63073574,67204777.49,,6828.931325,6828.931325
2021-11-19T00:00:00+00:00,1inch,3.548780953,5323171430,640552427.1,5323171430,131904910.5,0.024779384,473.9028791,57.02608744,473.9028791,57.02608744,65922237.26,1475038.692,15509.86128,15509.86128
2021-11-18T00:00:00+00:00,1inch,3.934997858,5902496787,706266408.5,5902496787,112915747.1,0.019130167,527.6775121,63.1395348,527.6775121,63.1395348,66629180.36,,6679.263861,6679.263861
2021-11-17T00:00:00+00:00,1inch,3.871246256,5806869384,699846436.3,5806869384,158892332.1,0.027362822,517.1431597,62.32631965,517.1431597,62.32631965,66629180.36,567712.9299,4949.347637,4949.347637
2021-11-16T00:00:00+00:00,1inch,4.275669611,6413504417,759635259.4,6413504417,97553753.56,0.015210678,561.9188855,66.55540725,561.9188855,66.55540725,71172974.38,,12670.79188,12670.79188
2021-11-15T00:00:00+00:00,1inch,4.275669611,6413504417,769267688.6,6413504417,92744451.54,0.014460807,565.4509721,67.82300815,565.4509721,67.82300815,71197336.3,1166678.777,19057.09601,19057.09601
2021-11-14T00:00:00+00:00,1inch,4.28259376,6423890639,772544714.3,6423890639,105058585.7,0.016354355,568.7639485,68.40022765,568.7639485,68.40022765,70323265.7,,5828.562853,5828.562853
2021-11-13T00:00:00+00:00,1inch,4.172681223,6259021834,753135191.7,6259021834,110185033.1,0.017604194,549.3473959,66.10183943,549.3473959,66.10183943,70323265.7,912064.7198,16414.99261,16414.99261
2021-11-12T00:00:00+00:00,1inch,4.301822875,6452734313,776164220.6,6452734313,176466656.2,0.027347578,572.2890647,68.83753063,572.2890647,68.83753063,70123515.86,,8005.811601,8005.811601
2021-11-11T00:00:00+00:00,1inch,4.070829034,6106243552,732221287.2,6106243552,248677651.2,0.040725145,540.1201727,64.76772253,540.1201727,64.76772253,71506620.07,1367252.658,17134.50895,17134.50895
2021-11-10T00:00:00+00:00,1inch,4.457059483,6685589224,809830463.3,6685589224,130380156.5,0.01950167,597.0562595,72.32187486,597.0562595,72.32187486,71479677.3,,10876.45518,10876.45518
2021-11-09T00:00:00+00:00,1inch,4.607618341,6911427511,830447080.4,6911427511,130942221.3,0.018945756,619.0024732,74.3766459,619.0024732,74.3766459,69697871.33,477956.3754,7521.227536,7521.227536
2021-11-08T00:00:00+00:00,1inch,4.57594201,6863913015,825860734.4,6863913015,114889423.2,0.016738182,617.9880412,74.35584577,617.9880412,74.35584577,69657643.05,,15354.37412,15354.37412
2021-11-07T00:00:00+00:00,1inch,4.426180153,6639270229,796266910.7,6639270229,124528392.1,0.018756337,601.2787046,72.11309678,601.2787046,72.11309678,71144082.32,696209.3499,10793.25574,10793.25574
2021-11-06T00:00:00+00:00,1inch,4.530948025,6796422038,797921761.2,6796422038,108910031.2,0.016024613,617.5812009,72.50601519,617.5812009,72.50601519,71192095.58,,7113.092687,7113.092687
2021-11-05T00:00:00+00:00,1inch,4.530948025,6796422038,803039863.7,6796422038,189808894,0.027927767,613.6306253,72.50430461,613.6306253,72.50430461,73501489.41,1033369.193,13751.23435,13751.23435
2021-11-04T00:00:00+00:00,1inch,4.422394111,6633591166,799712887.4,6633591166,133781070.1,0.020167217,604.3883332,72.86206324,604.3883332,72.86206324,72917196.83,,9047.820732,9047.820732
2021-11-03T00:00:00+00:00,1inch,4.629742186,6944613279,834819587,6944613279,144038299.8,0.020741011,630.9263935,75.84435448,630.9263935,75.84435448,70829188.86,874676.1479,12708.61228,12708.61228
2021-11-02T00:00:00+00:00,1inch,4.576683443,6865025165,826237976.4,6865025165,175180147.5,0.025517772,628.405944,75.63160266,628.405944,75.63160266,72475918.32,,8302.225713,8302.225713
2021-11-01T00:00:00+00:00,1inch,4.588487614,6882731421,829227929,6882731421,187608758.3,0.027257893,630.9366638,76.01492358,630.9366638,76.01492358,72475918.32,896369.5888,10494.89023,10494.89023
2021-10-31T00:00:00+00:00,1inch,4.694289961,7041434942,847790297.8,7041434942,141374167.2,0.020077466,645.7105517,77.7436908,645.7105517,77.7436908,73615874.2,,12939.48231,12939.48231
2021-10-30T00:00:00+00:00,1inch,5.153367091,7730050637,903884947.1,7730050637,263560620.1,0.034095588,713.8611912,83.47272423,713.8611912,83.47272423,72323753.86,628397.1123,7078.321808,7078.321808
2021-10-29T00:00:00+00:00,1inch,5.153367091,7730050637,931943483.3,7730050637,503687772.2,0.065159699,712.0960149,85.85108581,712.0960149,85.85108581,72323753.86,,14316.65403,14316.65403
2021-10-28T00:00:00+00:00,1inch,5.615125067,8422687601,1007477416,8422687601,2338983773,0.277700407,780.350207,93.34137126,780.350207,93.34137126,67725467.12,4061206.613,90305.98954,90305.98954
2021-10-27T00:00:00+00:00,1inch,3.948586531,5922879796,715521845,5922879796,130766399.5,0.022078179,599.8416835,72.46472035,599.8416835,72.46472035,66301090.4,,530578.5843,530578.5843
2021-10-26T00:00:00+00:00,1inch,4.053224342,6079836513,732558368.4,6079836513,139062714,0.022872772,1561.014684,188.0863684,1561.014684,188.0863684,70454022.22,787748.6722,9325.53733,9325.53733
2021-10-25T00:00:00+00:00,1inch,3.835179501,5752769251,691808863.3,5752769251,130643809.8,0.022709725,1491.628699,179.3782976,1491.628699,179.3782976,80602758.09,,11690.84922,11690.84922
2021-10-24T00:00:00+00:00,1inch,4.012525159,6018787739,725011829.3,6018787739,110263608.4,0.018319903,1548.304571,186.505851,1548.304571,186.505851,83196633.82,729062.0584,9186.507577,9186.507577
2021-10-23T00:00:00+00:00,1inch,4.046376121,6069564182,731273075.1,6069564182,180417654,0.029724977,1582.134596,190.6186995,1582.134596,190.6186995,90851977.3,,4675.979344,4675.979344
2021-10-22T00:00:00+00:00,1inch,4.141921917,6212882875,750180444.5,6212882875,245892846.7,0.039577898,1613.456636,194.8183541,1613.456636,194.8183541,88613059.95,1355646.923,11892.7826,11892.7826
2021-10-21T00:00:00+00:00,1inch,4.207564858,6311347288,761896541.1,6311347288,228695788.1,0.036235653,1671.181588,201.7425778,1671.181588,201.7425778,85476173.37,,22613.78268,22613.78268
2021-10-20T00:00:00+00:00,1inch,3.74104649,5611569736,678193856,5611569736,156238017.8,0.027842124,1557.798172,188.2698066,1557.798172,188.2698066,85714250.34,1734559.528,17185.53106,17185.53106
2021-10-19T00:00:00+00:00,1inch,3.442755765,5164133647,624923523.6,5164133647,188517804.5,0.036505214,1499.613506,181.4716311,1499.613506,181.4716311,81796221.52,,11533.55265,11533.55265
2021-10-18T00:00:00+00:00,1inch,3.502597424,5253896136,637422307.3,5253896136,188109466.5,0.035803804,1570.762864,190.5708189,1570.762864,190.5708189,81588352.26,1390380.954,10326.49563,10326.49563
2021-10-17T00:00:00+00:00,1inch,3.25336775,4880051625,589134526.6,4880051625,168258708.9,0.034478879,1497.428072,180.7740258,1497.428072,180.7740258,91418748.95,,20647.28289,20647.28289
2021-10-16T00:00:00+00:00,1inch,3.25336775,4880051625,589134526.6,4880051625,168258708.9,0.034478879,1520.808111,183.5965345,1520.808111,183.5965345,93294296.97,777180.9509,6615.612964,6615.612964
2021-10-15T00:00:00+00:00,1inch,3.354556421,5031834631,606514697.2,5031834631,239715242.8,0.04763973,1553.338043,187.2323758,1553.338043,187.2323758,89397330.35,,14996.83629,14996.83629
2021-10-14T00:00:00+00:00,1inch,2.892116924,4338175386,535648097.4,4338175386,88765351.67,0.020461448,1358.112048,167.6903467,1358.112048,167.6903467,88365660.18,1738781.075,14243.82981,14243.82981
2021-10-13T00:00:00+00:00,1inch,2.892116924,4338175386,523115042.9,4338175386,84353231.1,0.019444403,1420.018575,171.2316843,1420.018575,171.2316843,78797814.24,,6371.605721,6371.605721
2021-10-12T00:00:00+00:00,1inch,2.903181246,4354771869,522370055.8,4354771869,72850529.54,0.016728897,1404.130151,168.430303,1404.130151,168.430303,78366324.78,1132367.833,10556.86001,10556.86001
2021-10-11T00:00:00+00:00,1inch,2.962632301,4443948451,534769887.2,4443948451,67210130.97,0.015123967,1466.021791,176.416157,1466.021791,176.416157,77531055.86,,7982.64431,7982.64431
2021-10-10T00:00:00+00:00,1inch,3.199980334,4799970502,579282101.5,4799970502,60447140.37,0.012593232,1497.18535,180.6870845,1497.18535,180.6870845,77094057.94,1093142.847,8145.164292,8145.164292
2021-10-09T00:00:00+00:00,1inch,3.157617688,4736426532,569925056.4,4736426532,97344406.27,0.020552289,1404.346512,168.9823034,1404.346512,168.9823034,98608201.68,,2547.837931,2547.837931
2021-10-08T00:00:00+00:00,1inch,3.137930835,4706896253,566598292.2,4706896253,112873537.1,0.02398046,1333.376266,160.5067702,1333.376266,160.5067702,99787310.76,773591.18,9837.889192,9837.889192
2021-10-07T00:00:00+00:00,1inch,3.124157124,4686235685,563988319.1,4686235685,136345909.3,0.029094975,1289.179812,155.1527503,1289.179812,155.1527503,93476053.6,,7649.618771,7649.618771
2021-10-06T00:00:00+00:00,1inch,3.275500703,4913251055,592431868.7,4913251055,142191780.9,0.028940467,1290.593369,155.6176619,1290.593369,155.6176619,93476053.6,1959659.119,13130.48679,13130.48679
2021-10-05T00:00:00+00:00,1inch,3.081771992,4622657988,556855419.8,4622657988,146898169.2,0.031777858,1244.48798,149.9137246,1244.48798,149.9137246,93829982.9,,5254.334159,5254.334159
2021-10-04T00:00:00+00:00,1inch,3.081771992,4622657988,556855419.8,4622657988,146898169.2,0.031777858,1223.728454,147.412987,1223.728454,147.412987,94721139.53,1548155.009,11706.18478,11706.18478
2021-10-03T00:00:00+00:00,1inch,3.059450134,4589175201,551723106.1,4589175201,160543182,0.034983014,1213.316376,145.8681899,1213.316376,145.8681899,102266845.5,,5701.491357,5701.491357
2021-10-02T00:00:00+00:00,1inch,2.919038479,4378557718,525733465.7,4378557718,148317363.2,0.033873566,1147.347638,137.7620415,1147.347638,137.7620415,83537714.99,1039143.576,6964.10249,6964.10249
2021-10-01T00:00:00+00:00,1inch,2.552189858,3828284787,460783005,3828284787,81525821.6,0.021295652,984.1929303,118.4601985,984.1929303,118.4601985,81232494.69,,10171.17001,10171.17001
2021-09-30T00:00:00+00:00,1inch,2.502943145,3754414718,450464357.3,3754414718,94021207.08,0.02504284,957.6070976,114.8961684,957.6070976,114.8961684,74939879.51,995902.5917,6447.864806,6447.864806
2021-09-29T00:00:00+00:00,1inch,2.375269148,3562903722,429537844.7,3562903722,79007094.51,0.022174917,892.6402197,107.6152448,892.6402197,107.6152448,70466689.19,,9358.070348,9358.070348
2021-09-28T00:00:00+00:00,1inch,2.521022053,3781533079,457448282.1,3781533079,124459722.1,0.032912504,965.4889607,116.7942359,965.4889607,116.7942359,75318492.29,1080329.28,9061.306906,9061.306906
2021-09-27T00:00:00+00:00,1inch,2.681672613,4022508919,484443766.7,4022508919,150293406.3,0.037363101,1036.306646,124.8057631,1036.306646,124.8057631,78732183.16,,12219.99267,12219.99267
2021-09-26T00:00:00+00:00,1inch,2.505318058,3757977087,451997837.2,3757977087,59183131.39,0.015748667,961.4069111,115.6350436,961.4069111,115.6350436,73679144.84,2318699.147,22749.83897,22749.83897
2021-09-25T00:00:00+00:00,1inch,2.545227849,3817841774,458689059.6,3817841774,98840353.89,0.025889065,1029.077138,123.6369794,1029.077138,123.6369794,65165249.53,,6090.112294,6090.112294
2021-09-24T00:00:00+00:00,1inch,2.779080372,4168620558,501984533.8,4168620558,105166286.2,0.025228078,1102.093185,132.713862,1102.093185,132.713862,61257714.79,1279498.956,14292.95395,14292.95395
2021-09-23T00:00:00+00:00,1inch,2.617629015,3926443522,471693805.1,3926443522,87593784.13,0.022308683,1047.508562,125.83991,1047.508562,125.83991,35038233.52,,4852.663897,4852.663897
2021-09-22T00:00:00+00:00,1inch,2.303854159,3455781238,415170327.2,3455781238,93783440.96,0.02713813,909.0594316,109.212498,909.0594316,109.212498,34475333.68,428109.7581,5894.979519,5894.979519
2021-09-21T00:00:00+00:00,1inch,2.570742099,3856113149,462516842,3856113149,108524031,0.028143373,1002.853219,120.2860201,1002.853219,120.2860201,32303954.88,,5600.346342,5600.346342
2021-09-20T00:00:00+00:00,1inch,2.970894997,4456342496,537300029.2,4456342496,62078065.56,0.013930273,1144.803218,138.0286194,1144.803218,138.0286194,34358970.66,951369.4757,7807.383894,7807.383894
2021-09-19T00:00:00+00:00,1inch,3.128215323,4692322984,564437143.7,4692322984,79786708.37,0.017003669,1190.672349,143.2253709,1190.672349,143.2253709,38728979.31,,3715.280723,3715.280723
2021-09-18T00:00:00+00:00,1inch,3.104736961,4657105442,562915384.3,4657105442,93909241.55,0.020164723,1143.888728,138.2645445,1143.888728,138.2645445,39797519.66,362856.8128,3139.122498,3139.122498
2021-09-17T00:00:00+00:00,1inch,3.340201566,5010302349,602184539.5,5010302349,190647625.5,0.038051122,1178.263126,141.614575,1178.263126,141.614575,39606633.16,,3035.142689,3035.142689
2021-09-16T00:00:00+00:00,1inch,3.293163931,4939745897,591434565.9,4939745897,124125220.8,0.025127855,1090.654935,130.5838482,1090.654935,130.5838482,41560358.72,1472633.401,16392.10141,16392.10141
2021-09-15T00:00:00+00:00,1inch,3.073453851,4610180777,553394002.5,4610180777,90436641.74,0.019616724,1021.78555,122.6524561,1021.78555,122.6524561,40531874.41,,9207.247787,9207.247787
2021-09-14T00:00:00+00:00,1inch,2.853316912,4279975368,514814162.7,4279975368,63000200.54,0.014719758,959.1470444,115.3704029,959.1470444,115.3704029,40322669.31,1072288.863,11166.46198,11166.46198
2021-09-13T00:00:00+00:00,1inch,2.992365888,4488548831,540852673.3,4488548831,63327000.83,0.014108569,1027.545985,123.815294,1027.545985,123.815294,39090579.99,,2416.607706,2416.607706
2021-09-12T00:00:00+00:00,1inch,2.908114081,4362171122,525086875.9,4362171122,51466539.51,0.011798377,975.9577261,117.4787919,975.9577261,117.4787919,41575162.15,816644.7079,10311.47124,10311.47124
2021-09-11T00:00:00+00:00,1inch,2.875417439,4313126159,518283911.8,4313126159,78901390.92,0.018293319,981.6519269,117.9595454,981.6519269,117.9595454,40871839.95,,4602.805834,4602.805834
2021-09-10T00:00:00+00:00,1inch,3.03315842,4549737630,548470966,4549737630,102157756.3,0.022453549,1003.160508,120.9310201,1003.160508,120.9310201,40930143.72,1786100.908,22820.05074,22820.05074
2021-09-09T00:00:00+00:00,1inch,2.91656501,4374847515,528235660.2,4374847515,149480148.4,0.034168082,988.149547,119.3129193,988.149547,119.3129193,43809704,,22302.78825,22302.78825
2021-09-08T00:00:00+00:00,1inch,2.939270605,4408905908,531456681.2,4408905908,220036217.3,0.049907216,1023.061257,123.3214661,1023.061257,123.3214661,43017809.18,1300530.092,15913.31771,15913.31771
2021-09-07T00:00:00+00:00,1inch,3.721858139,5582787209,673370822.7,5582787209,129832540.7,0.023255864,1331.048041,160.5450612,1331.048041,160.5450612,43445660.45,,18755.14534,18755.14534
2021-09-06T00:00:00+00:00,1inch,3.828871496,5743307244,692161837.4,5743307244,151008728.7,0.026292992,1376.455626,165.885267,1376.455626,165.885267,49988123.69,1752962.7,22250.92519,22250.92519
2021-09-05T00:00:00+00:00,1inch,3.699044839,5548567258,669398571.4,5548567258,133803139,0.024114899,1351.705024,163.0744244,1351.705024,163.0744244,50886719.04,,5277.320873,5277.320873
2021-09-04T00:00:00+00:00,1inch,3.576772225,5365158337,641925379.5,5365158337,158642448.1,0.029569015,1293.58763,154.7739466,1293.58763,154.7739466,50426332.12,702228.1402,10606.16351,10606.16351
2021-09-03T00:00:00+00:00,1inch,3.362713395,5044070092,608081167.9,5044070092,106653282.6,0.02114429,1199.589795,144.6149538,1199.589795,144.6149538,50343148.53,,12115.61451,12115.61451
2021-09-02T00:00:00+00:00,1inch,3.358503778,5037755668,605644309.5,5037755668,128118318.2,0.025431626,1215.192166,146.0916862,1215.192166,146.0916862,48463378.68,906704.2545,8580.93862,8580.93862
2021-09-01T00:00:00+00:00,1inch,3.062175289,4593262934,552720022.5,4593262934,97606643.24,0.021249958,1116.778506,134.3850439,1116.778506,134.3850439,49202621.63,,13208.89347,13208.89347
2021-08-31T00:00:00+00:00,1inch,3.018412537,4527618805,543474185.2,4527618805,74377100.76,0.016427421,1072.516911,128.7399137,1072.516911,128.7399137,45729598.17,1232300.739,12791.35527,12791.35527
2021-08-30T00:00:00+00:00,1inch,3.161407736,4742111604,570871246.4,4742111604,62735484.78,0.013229441,1129.713703,135.9987118,1129.713703,135.9987118,46291640.49,,12461.07229,12461.07229
2021-08-29T00:00:00+00:00,1inch,3.29109067,4936636005,594327029.7,4936636005,101413698.9,0.020543078,1183.698027,142.5067053,1183.698027,142.5067053,46737563.73,360816.0413,3012.043766,3012.043766
2021-08-28T00:00:00+00:00,1inch,3.210462647,4815693971,578983071.3,4815693971,130160700.1,0.027028441,1155.581071,138.9336369,1155.581071,138.9336369,46364130.15,,6078.440218,6078.440218
2021-08-27T00:00:00+00:00,1inch,2.963940808,4445911212,536116463.5,4445911212,88044207.97,0.019803411,1077.826991,129.9712853,1077.826991,129.9712853,44935149.28,1283975.297,14534.31191,14534.31191
2021-08-26T00:00:00+00:00,1inch,3.173727764,4760591646,573813783.7,4760591646,86529014.15,0.018176105,1190.781088,143.5297653,1190.781088,143.5297653,44935149.28,,5859.98712,5859.98712
2021-08-25T00:00:00+00:00,1inch,3.082039393,4623059089,559617357.7,4623059089,117237765.6,0.025359348,1145.345104,138.6430475,1145.345104,138.6430475,44986310.4,1232663.442,12246.87111,12246.87111
2021-08-24T00:00:00+00:00,1inch,3.404946826,5107420239,614578268.3,5107420239,81052382.82,0.015869535,1295.197698,155.8517454,1295.197698,155.8517454,46203633.26,1261404.508,11397.35845,11397.35845
2021-08-23T00:00:00+00:00,1inch,3.375627857,5063441785,609373007,5063441785,85766342.74,0.016938349,1317.243454,158.5270728,1317.243454,158.5270728,47804848.29,987464.9862,9364.808066,9364.808066
2021-08-22T00:00:00+00:00,1inch,3.365416676,5048125014,608155779.3,5048125014,113848832.7,0.022552697,1328.819822,160.0850716,1328.819822,160.0850716,47266450.47,1184968.83,9602.335467,9602.335467
2021-08-21T00:00:00+00:00,1inch,3.442703386,5164055079,619687846.1,5164055079,141403110,0.027382185,1379.711727,165.5657377,1379.711727,165.5657377,47717536.49,1241324.251,9637.061524,9637.061524
2021-08-20T00:00:00+00:00,1inch,3.386902338,5080353507,602886031.8,5080353507,177651125.2,0.034968261,1325.441985,157.2903259,1325.441985,157.2903259,47827976.93,2393293.472,11903.69588,11903.69588
2021-08-19T00:00:00+00:00,1inch,3.157347868,4736021802,570733718.6,4736021802,160918051.9,0.033977473,1249.525868,150.5792361,1249.525868,150.5792361,46697172.17,2642631.589,14789.53482,14789.53482
2021-08-18T00:00:00+00:00,1inch,3.045312849,4567969274,553213745.3,4567969274,192175449.2,0.042070215,1249.410514,151.312548,1249.410514,151.312548,45509315.27,2925200.195,18510.50388,18510.50388
2021-08-17T00:00:00+00:00,1inch,3.043885432,4565828148,557970414.8,4565828148,127893757.2,0.028011076,1320.450808,161.3666702,1320.450808,161.3666702,44295354.02,2102354.308,26550.77504,26550.77504
2021-08-16T00:00:00+00:00,1inch,3.053077987,4579616980,550926011.4,4579616980,67666924.3,0.014775673,1439.855631,173.2140315,1439.855631,173.2140315,45338519.51,2095512.566,14925.44037,14925.44037
2021-08-15T00:00:00+00:00,1inch,3.04194921,4562923814,549118340.2,4562923814,75348829.13,0.016513278,1474.505131,177.4471464,1474.505131,177.4471464,46222633.43,602321.0351,4993.417399,4993.417399
2021-08-14T00:00:00+00:00,1inch,3.063317196,4594975794,552763726.1,4594975794,130999768.6,0.028509349,1495.813614,179.9425163,1495.813614,179.9425163,46473545.87,447475.0655,3178.608921,3178.608921
2021-08-13T00:00:00+00:00,1inch,2.798522852,4197784278,505386429.2,4197784278,147664864.1,0.035176859,1371.220606,165.0862073,1371.220606,165.0862073,46815070.74,821129.6347,11029.45777,11029.45777
2021-08-12T00:00:00+00:00,1inch,2.958432016,4437648024,533074625.3,4437648024,128124458.3,0.028872154,1501.575388,180.3774731,1501.575388,180.3774731,43546524.07,715776.215,3866.159703,3866.159703
2021-08-11T00:00:00+00:00,1inch,2.798998495,4198497742,1823543507,4198497742,173137417.7,0.041237945,1432.536536,622.1969999,1432.536536,622.1969999,46604859.64,1945477.691,16634.25228,16634.25228
2021-08-10T00:00:00+00:00,1inch,2.768621268,4152931902,1800821120,4152931902,186815432.1,0.044983986,1509.601561,654.6031666,1509.601561,654.6031666,44570398.33,1496022.429,13639.78107,13639.78107
2021-08-09T00:00:00+00:00,1inch,2.485504257,3728256385,947657640.3,3728256385,76620591.88,0.02055132,1418.142748,360.4671116,1418.142748,360.4671116,44921365.62,1948057.116,12298.68142,12298.68142
2021-08-08T00:00:00+00:00,1inch,2.714640059,4071960089,1033130069,4071960089,154599842.3,0.037966935,1589.642689,403.3211588,1589.642689,403.3211588,42105241.92,1192010.273,6125.50357,6125.50357
2021-08-07T00:00:00+00:00,1inch,2.511561372,3767342057,955295404.7,3767342057,151900077.6,0.040320225,1487.825068,377.2719411,1487.825068,377.2719411,43842952.23,2436557.514,16908.24595,16908.24595
2021-08-06T00:00:00+00:00,1inch,2.40943987,3614159805,915946613.4,3614159805,136449711.4,0.0377542,1523.133806,386.0120545,1523.133806,386.0120545,41676060.3,2416295.694,16503.77423,16503.77423
2021-08-05T00:00:00+00:00,1inch,2.347564507,3521346760,894247218.9,3521346760,137261623.3,0.038979866,1556.209388,395.1999084,1556.209388,395.1999084,40117134.02,1555275.131,8898.57621,8898.57621
2021-08-04T00:00:00+00:00,1inch,2.233788692,3350683038,402818194.4,3350683038,107122196.6,0.031970257,1411.795839,169.7257079,1411.795839,169.7257079,38931051.69,1766717.517,15474.97231,15474.97231
2021-08-03T00:00:00+00:00,1inch,2.318811309,3478216963,418985676.7,3478216963,76951987.84,0.022123976,1557.210554,187.5814317,1557.210554,187.5814317,35339882.35,1149406.516,7089.042368,7089.042368
2021-08-02T00:00:00+00:00,1inch,2.326251401,3489377101,419220179.1,3489377101,91852710.17,0.026323526,1568.982635,188.5004579,1568.982635,188.5004579,37060930.75,989427.0357,5804.746715,5804.746715
2021-08-01T00:00:00+00:00,1inch,2.396716832,3595075247,432485738.2,3595075247,79651262.03,0.022155659,1630.414151,196.1379996,1630.414151,196.1379996,37522175.17,2607270.918,22426.64351,22426.64351
2021-07-31T00:00:00+00:00,1inch,2.311083105,3466624657,416434660.4,3466624657,103374211.2,0.029819845,1683.547773,202.2392715,1683.547773,202.2392715,37247709.55,1607109.587,10764.29684,10764.29684
2021-07-30T00:00:00+00:00,1inch,2.250475674,3375713511,406348628,3375713511,86816917.15,0.025718094,1714.204079,206.3458505,1714.204079,206.3458505,34801735.21,1391618.478,10159.19918,10159.19918
2021-07-29T00:00:00+00:00,1inch,2.179509766,3269264648,393038579.5,3269264648,75116274.19,0.022976505,1691.004502,203.2964837,1691.004502,203.2964837,33728626.68,466047.5851,2741.596702,2741.596702
2021-07-28T00:00:00+00:00,1inch,2.200619547,3300929321,396255565.1,3300929321,104157892.5,0.031554112,1693.835559,203.3341829,1693.835559,203.3341829,32598923.98,325072.2933,2472.966184,2472.966184
2021-07-27T00:00:00+00:00,1inch,2.130861703,3196292555,386325851.4,3196292555,157672125.7,0.049329692,1611.889319,194.824004,1611.889319,194.824004,32545430.66,726907.3325,3747.090114,3747.090114
2021-07-26T00:00:00+00:00,1inch,2.05442704,3081640560,369937001.4,3081640560,73996080.52,0.024011912,1541.888452,185.09673,1541.888452,185.09673,32075422.43,1809967.391,9131.255619,9131.255619
2021-07-25T00:00:00+00:00,1inch,2.04646212,3069693180,368654682.5,3069693180,57243485.3,0.01864795,1500.992634,180.2616517,1500.992634,180.2616517,30836012.48,888039.9389,4345.033062,4345.033062
2021-07-24T00:00:00+00:00,1inch,2.109192257,3163788386,379968262.3,3163788386,81753482.05,0.025840376,1505.330733,180.7889255,1505.330733,180.7889255,30703012.87,727881.0599,2956.544828,2956.544828
2021-07-23T00:00:00+00:00,1inch,2.064306915,3096460373,372238003.4,3096460373,62102592.23,0.020055995,1399.303206,168.2158881,1399.303206,168.2158881,30512324.22,1360929.465,5541.671463,5541.671463
2021-07-22T00:00:00+00:00,1inch,1.827304779,2740957168,328253808.3,2740957168,41223213.13,0.015039714,1126.666025,134.9281987,1126.666025,134.9281987,29706589.96,1083176.507,4837.425578,4837.425578
2021-07-21T00:00:00+00:00,1inch,1.722354105,2583531157,310853630.2,2583531157,47472101.65,0.01837489,1030.674215,124.0119828,1030.674215,124.0119828,28434714.57,953186.95,17289.36778,17289.36778
2021-07-20T00:00:00+00:00,1inch,1.813544345,2720316518,327583491,2720316518,41894063.54,0.015400437,1137.559025,136.9861023,1137.559025,136.9861023,26121874.29,1056731.455,8277.512719,8277.512719
2021-07-19T00:00:00+00:00,1inch,2.039920546,3059880819,368350748,3059880819,24802935.75,0.00810585,1308.342864,157.4992952,1308.342864,157.4992952,27044433.57,707434.9632,3395.504863,3395.504863
2021-07-18T00:00:00+00:00,1inch,2.011518624,3017277935,363344856.4,3017277935,29201395.07,0.009678059,1284.335241,154.6614577,1284.335241,154.6614577,29523429.76,331138.886,1666.90619,1666.90619
2021-07-17T00:00:00+00:00,1inch,1.968362189,2952543284,355027157.4,2952543284,53271177.13,0.018042471,1226.517988,147.4820698,1226.517988,147.4820698,29517645.21,503527.6793,3010.192939,3010.192939
2021-07-16T00:00:00+00:00,1inch,2.137645086,3206467629,374442522.3,3206467629,35200193.82,0.010977873,1306.451633,152.5638495,1306.451633,152.5638495,29461077.44,1057035.517,7616.019275,7616.019275
2021-07-15T00:00:00+00:00,1inch,2.29510878,3442663170,401378874.2,3442663170,34182637.57,0.009929126,1390.341733,162.099448,1390.341733,162.099448,30831828.25,381428.8786,3069.269034,3069.269034
2021-07-14T00:00:00+00:00,1inch,2.308724415,3463086622,399999319.3,3463086622,27780436.41,0.008021872,1194.813875,138.0054238,1194.813875,138.0054238,32227938.67,441506.0323,2283.259874,2283.259874
2021-07-13T00:00:00+00:00,1inch,2.430794286,3646191429,419496606.3,3646191429,32891551.48,0.009020797,1235.725674,142.1710123,1235.725674,142.1710123,31617757.62,355195.141,2024.982102,2024.982102
2021-07-12T00:00:00+00:00,1inch,2.521550819,3782326229,435996469.9,3782326229,24353472.71,0.006438755,1217.719368,140.3689988,1217.719368,140.3689988,32965545.32,376778.3677,1784.112015,1784.112015
2021-07-11T00:00:00+00:00,1inch,2.496497408,3744746111,431830974.9,3744746111,30266434.15,0.008082373,1173.584807,135.3336798,1173.584807,135.3336798,34953932.41,264778.9372,1363.414759,1363.414759
2021-07-10T00:00:00+00:00,1inch,2.592841276,3889261913,448329084.2,3889261913,42138344.18,0.010834535,1185.177992,136.6196918,1185.177992,136.6196918,34398791.24,312061.7041,3274.67461,3274.67461
2021-07-09T00:00:00+00:00,1inch,2.515315919,3772973878,434861354,3772973878,47761563.79,0.012658864,1112.096208,128.1767853,1112.096208,128.1767853,35383199.67,685016.7993,6573.080942,6573.080942
2021-07-08T00:00:00+00:00,1inch,2.759160832,4138741248,477084654.5,4138741248,56484411.33,0.013647727,1182.552869,136.3162838,1182.552869,136.3162838,35439007.39,656481.8285,3624.843716,3624.843716
2021-07-07T00:00:00+00:00,1inch,2.836762789,4255144183,489796965.1,4255144183,118830797,0.027926386,1194.261008,137.4678253,1194.261008,137.4678253,38976435.4,672929.6157,3381.290416,3381.290416
2021-07-06T00:00:00+00:00,1inch,2.509723691,3764585536,433920331,3764585536,53075287.7,0.014098574,1021.957236,117.7946464,1021.957236,117.7946464,39086620.01,1576101.194,7155.129025,7155.129025
2021-07-05T00:00:00+00:00,1inch,2.538350137,3807525206,440245418.1,3807525206,48678829.67,0.0127849,981.3262249,113.4659263,981.3262249,113.4659263,36201200.71,1068397.392,18289.98967,18289.98967
2021-07-04T00:00:00+00:00,1inch,2.467592348,3701388523,425675838.2,3701388523,36038500.61,0.009736481,958.3249165,110.2115489,958.3249165,110.2115489,38749439.88,708894.4904,3607.667996,3607.667996
2021-07-03T00:00:00+00:00,1inch,2.403302814,3604954221,415092159.7,3604954221,33930223.19,0.009412109,911.0480973,104.9025588,911.0480973,104.9025588,36799076.06,970401.5435,6269.803118,6269.803118
2021-07-02T00:00:00+00:00,1inch,2.390774209,3586161314,412675062.7,3586161314,37768614.5,0.010531767,886.8541308,102.0541331,886.8541308,102.0541331,36808218.71,774286.5254,4193.855912,4193.855912
2021-07-01T00:00:00+00:00,1inch,2.534191914,3801287870,437666770.9,3801287870,52219187.82,0.013737236,924.5090349,106.4446834,924.5090349,106.4446834,37424560.13,799271.4151,10036.09522,10036.09522
2021-06-30T00:00:00+00:00,1inch,2.53906196,3808592940,440106002.2,3808592940,66741912.61,0.017524034,902.5954347,104.3003741,902.5954347,104.3003741,40091329.72,699426.5416,3132.46359,3132.46359
2021-06-29T00:00:00+00:00,1inch,2.467777184,3701665776,426435321.7,3701665776,88049564.52,0.023786471,854.2849621,98.41441789,854.2849621,98.41441789,40179791.19,974343.9171,7107.355438,7107.355438
2021-06-28T00:00:00+00:00,1inch,2.507280014,3760920022,433013645.7,3760920022,47190876.29,0.012547695,848.8465464,97.73197397,848.8465464,97.73197397,38659097.86,957539.0449,4054.869253,4054.869253
2021-06-27T00:00:00+00:00,1inch,2.330748593,3496122890,402091611.6,3496122890,56335004.22,0.016113565,744.6053186,85.63759398,744.6053186,85.63759398,38097979.63,948793.1115,5374.072785,5374.072785
2021-06-26T00:00:00+00:00,1inch,2.387349297,3581023946,414561167.3,3581023946,71833422.58,0.020059464,734.6311391,85.04538009,734.6311391,85.04538009,35427026.98,1128877.669,5077.674073,5077.674073
2021-06-25T00:00:00+00:00,1inch,2.696852772,4045279157,465868234.6,4045279157,60717572.24,0.015009489,755.200215,86.97144925,755.200215,86.97144925,36186786.98,1086627.443,13080.08616,13080.08616
2021-06-24T00:00:00+00:00,1inch,2.612703921,3919055882,450506858.7,3919055882,98892999.93,0.025233884,698.7631331,80.3248521,698.7631331,80.3248521,40645495.03,974898.7375,9153.375105,9153.375105
2021-06-23T00:00:00+00:00,1inch,2.387914689,3581872033,412265266.5,3581872033,144103840.2,0.040231432,602.429397,69.33824369,602.429397,69.33824369,40384067.72,2344920.838,12395.46422,12395.46422
2021-06-22T00:00:00+00:00,1inch,2.674328232,4011492348,469369555.8,4011492348,173429051.8,0.043233051,617.5970613,72.26269757,617.5970613,72.26269757,38298005.87,3079788.587,24221.9178,24221.9178
2021-06-21T00:00:00+00:00,1inch,3.461388327,5192082491,597641118.4,5192082491,89332329.57,0.017205491,788.2131787,90.72825914,788.2131787,90.72825914,41989090.73,2656522.686,11108.62182,11108.62182
2021-06-20T00:00:00+00:00,1inch,3.03064453,4545966794,523337298.1,4545966794,50999803.27,0.011218692,645.7356864,74.33788778,645.7356864,74.33788778,51577015.03,2063536.7,7498.554989,7498.554989
2021-06-19T00:00:00+00:00,1inch,3.148849486,4723274229,545009803.2,4723274229,64901360.76,0.013740756,623.5539829,71.950731,623.5539829,71.950731,48984315.22,887698.3873,3808.621789,3808.621789
2021-06-18T00:00:00+00:00,1inch,3.4195855,5129378250,587292311.3,5129378250,104111786.7,0.020297155,484.0369244,55.42019914,484.0369244,55.42019914,50367054.09,1008153.215,4291.207907,4291.207907
2021-06-17T00:00:00+00:00,1inch,3.574329047,5361493571,617018770.6,5361493571,116131013.5,0.021660198,462.0748505,53.1771329,462.0748505,53.1771329,54162577,1403254.859,6589.948448,6589.948448
2021-06-16T00:00:00+00:00,1inch,3.77515682,5662735231,653543681.5,5662735231,105425480.8,0.018617413,398.6035163,46.00335331,398.6035163,46.00335331,56664873.2,2235357.722,7008.496701,7008.496701
2021-06-15T00:00:00+00:00,1inch,3.694478819,5541718229,639926934,5541718229,322112082.8,0.058124948,297.9636242,34.40718936,297.9636242,34.40718936,60727260.97,1927482.73,9467.027311,9467.027311
2021-06-14T00:00:00+00:00,1inch,3.018184533,4527276800,518109483.6,4527276800,79045728.33,0.017459884,236.6451417,27.08208435,236.6451417,27.08208435,60140971.79,5325499.154,38936.22997,38936.22997
2021-06-13T00:00:00+00:00,1inch,2.747778201,4121667301,476804384.1,4121667301,67507491.29,0.016378685,214.8690749,24.85657124,214.8690749,24.85657124,55495289.64,1478567.272,6718.049878,6718.049878
2021-06-12T00:00:00+00:00,1inch,2.729423898,4094135847,470522135.5,4094135847,69042152.98,0.016863669,193.9090753,22.28516972,193.9090753,22.28516972,52201951.86,1719746.793,15225.53377,15225.53377
2021-06-11T00:00:00+00:00,1inch,3.014994458,4522491687,524323882.5,4522491687,102803042.3,0.022731505,200.7635421,23.2759123,200.7635421,23.2759123,51892010.51,1597745.061,8985.2252,8985.2252
2021-06-10T00:00:00+00:00,1inch,3.173716457,4760574685,543410493.5,4760574685,160359740.7,0.033684954,198.4016822,22.64717249,198.4016822,22.64717249,57330298.94,1902793.494,9068.702761,9068.702761
2021-06-09T00:00:00+00:00,1inch,3.108175197,4662262796,539006228.9,4662262796,121703258.1,0.026103903,185.2639096,21.41844114,185.2639096,21.41844114,59692333.02,2969048.686,12709.20101,12709.20101
2021-06-08T00:00:00+00:00,1inch,3.363660921,5045491382,581643590.6,5045491382,94366895.32,0.018703212,181.9637719,20.97675997,181.9637719,20.97675997,58959926.99,2611294.028,15674.98067,15674.98067
2021-06-07T00:00:00+00:00,1inch,3.889105216,5833657824,666637108,5833657824,162829780.8,0.027912124,193.4257045,22.10358512,193.4257045,22.10358512,62418252.12,1811195.802,8988.892973,8988.892973
2021-06-06T00:00:00+00:00,1inch,3.674678245,5512017367,621864645.7,5512017367,216557054.3,0.039288166,173.4664848,19.57045251,173.4664848,19.57045251,66870213.45,2744451.874,13633.21581,13633.21581
2021-06-05T00:00:00+00:00,1inch,3.389356459,5084034688,584677707.7,5084034688,182921773.5,0.035979647,145.8730334,16.77579246,145.8730334,16.77579246,63700308.47,3383879.303,23825.26694,23825.26694
2021-06-04T00:00:00+00:00,1inch,3.500334836,5250502254,606064203,5250502254,97562031.25,0.018581466,139.6460481,16.1193095,139.6460481,16.1193095,63825756.07,3434006.095,16792.92906,16792.92906
2021-06-03T00:00:00+00:00,1inch,3.38968805,5084532076,585782616.3,5084532076,125769093.1,0.024735628,131.1691615,15.11183595,131.1691615,15.11183595,65770497.58,2105266.597,11640.3505,11640.3505
2021-06-02T00:00:00+00:00,1inch,3.116632837,4674949256,522647756.7,4674949256,78002610.71,0.016685232,117.6539449,13.15341986,117.6539449,13.15341986,70401348.71,2242642.325,13638.21916,13638.21916
2021-06-01T00:00:00+00:00,1inch,3.206416013,4809624020,535443777,4809624020,117543125.6,0.024439151,119.5284159,13.30680863,119.5284159,13.30680863,65648426.88,1568321.693,9968.763096,9968.763096
2021-05-31T00:00:00+00:00,1inch,2.881314132,4321971198,483784868.5,4321971198,83984211.51,0.019431923,105.0863731,11.7629653,105.0863731,11.7629653,68677040.37,2339945.55,19201.78514,19201.78514
2021-05-30T00:00:00+00:00,1inch,2.571789106,3857683659,435381354.7,3857683659,96069061.91,0.024903302,92.41410456,10.42993195,92.41410456,10.42993195,61654168.37,1612975.699,12768.45447,12768.45447
2021-05-29T00:00:00+00:00,1inch,2.760911766,4141367649,462278560.1,4141367649,121595299.1,0.029361146,96.80006568,10.80526985,96.80006568,10.80526985,56602405.42,2017505.335,15393.84791,15393.84791
2021-05-28T00:00:00+00:00,1inch,3.276214464,4914321697,551282315.2,4914321697,99494513.98,0.020245828,110.5204066,12.39803769,110.5204066,12.39803769,59864516.85,3167285.33,26531.62455,26531.62455
2021-05-27T00:00:00+00:00,1inch,3.405476017,5108214025,568053440.9,5108214025,174444263.2,0.034149756,109.2125646,12.14486567,109.2125646,12.14486567,69811922.68,2237086.076,20603.81301,20603.81301
2021-05-26T00:00:00+00:00,1inch,2.88345712,4325185680,482587789.2,4325185680,124626037.4,0.028814032,91.24087134,10.18030985,91.24087134,10.18030985,71850395.84,4058932.143,46012.74211,46012.74211
2021-05-25T00:00:00+00:00,1inch,2.933155448,4399733172,492787352,4399733172,160890900.7,0.036568331,92.96514322,10.41246025,92.96514322,10.41246025,67445841.38,2762068.425,34482.50034,34482.50034
2021-05-24T00:00:00+00:00,1inch,2.377898376,3566847564,396287685.6,3566847564,173158874.2,0.048546755,75.10126616,8.34398062,75.10126616,8.34398062,75922417.8,4653357.083,37788.13784,37788.13784
2021-05-23T00:00:00+00:00,1inch,2.73073908,4096108620,458296545.1,4096108620,130217382.1,0.03179051,84.7320366,9.480314915,84.7320366,9.480314915,62144223.27,5395901.575,59074.70013,59074.70013
2021-05-22T00:00:00+00:00,1inch,3.065238445,4597857667,510480801.9,4597857667,181747135.4,0.039528656,93.29894595,10.35858963,93.29894595,10.35858963,72559503.9,3641266.364,32021.3665,32021.3665
2021-05-21T00:00:00+00:00,1inch,3.59747117,5396206755,596844439,5396206755,237057076.5,0.043930318,103.0421159,11.39691577,103.0421159,11.39691577,75014330.78,5557807.942,49567.78232,49567.78232
2021-05-20T00:00:00+00:00,1inch,3.312480336,4968720504,558132199.3,4968720504,403505522.8,0.081209141,94.31172117,10.59395639,94.31172117,10.59395639,91450460.04,6278278.891,52918.49879,52918.49879
2021-05-19T00:00:00+00:00,1inch,5.302843074,7954264611,874464390.8,7954264611,223679732.1,0.028120731,150.1515635,16.50714452,150.1515635,16.50714452,84521009.45,13278311.88,260498.5202,260498.5202
2021-05-18T00:00:00+00:00,1inch,4.708246492,7062369739,791926319.5,7062369739,226440458,0.032062957,137.3530528,15.40184125,137.3530528,15.40184125,125578316.5,6028177.555,89732.65052,89732.65052
2021-05-17T00:00:00+00:00,1inch,5.058799181,7588198772,841657309.1,7588198772,270223097.5,0.035610967,147.7404689,16.38687246,147.7404689,16.38687246,127818122.1,7041207.442,227696.4838,227696.4838
2021-05-16T00:00:00+00:00,1inch,5.75325595,8629883925,883652520.9,8629883925,245068294.3,0.028397635,174.8886374,17.90763198,174.8886374,17.90763198,139501999.2,12779585.86,380045.0389,380045.0389
2021-05-15T00:00:00+00:00,1inch,5.75325595,8629883925,962438479.3,8629883925,177926916.4,0.020617533,187.845896,20.94931056,187.845896,20.94931056,171386633,7049766.384,54687.82344,54687.82344
2021-05-14T00:00:00+00:00,1inch,5.553435159,8330152739,924667908.9,8330152739,362112540.4,0.043470096,180.078692,19.9891878,180.078692,19.9891878,195330341.1,6749040.492,43280.3162,43280.3162
2021-05-13T00:00:00+00:00,1inch,5.623345633,8435018449,943211109.4,8435018449,331212714.4,0.039266389,181.6220246,20.30913297,181.6220246,20.30913297,194793760.2,19159031.81,170760.0271,170760.0271
2021-05-12T00:00:00+00:00,1inch,6.516352973,9774529459,1052735606,9774529459,279129066.5,0.028556778,215.7753468,23.23941951,215.7753468,23.23941951,314064713,21753122.18,135214.2409,135214.2409
2021-05-11T00:00:00+00:00,1inch,6.200132668,9300199002,1006629273,9300199002,353650010.7,0.038026069,209.8033404,22.70856612,209.8033404,22.70856612,333285726.4,15035965.31,133679.0901,133679.0901
2021-05-10T00:00:00+00:00,1inch,7.069892754,10604839131,1139763943,10604839131,420999667.2,0.039698826,241.1158549,25.91412788,241.1158549,25.91412788,350126914.1,18532337.62,108514.3506,108514.3506
2021-05-09T00:00:00+00:00,1inch,7.454141359,11181212039,1205021006,11181212039,530644792.3,0.047458611,251.9071997,27.14852971,251.9071997,27.14852971,393353696.3,35851339.21,230344.3692,230344.3692
2021-05-08T00:00:00+00:00,1inch,6.585821942,9878732912,1065857284,9878732912,384248260.1,0.038896513,219.6677791,23.70086371,219.6677791,23.70086371,358856788.2,41842008.67,222201.4743,222201.4743
2021-05-07T00:00:00+00:00,1inch,6.617718404,9926577606,1076090568,9926577606,1009851039,0.101732045,215.0864624,23.31644628,215.0864624,23.31644628,389466789.4,33312898.82,146238.9084,146238.9084
2021-05-06T00:00:00+00:00,1inch,5.98139656,8972094840,954415103.9,8972094840,321592838.4,0.035843674,194.4242573,20.6820649,194.4242573,20.6820649,386631474.1,67651827.36,274948.2336,274948.2336
2021-05-05T00:00:00+00:00,1inch,5.222558364,7833837546,838390161.5,7833837546,262026359,0.033448021,176.5227478,18.89175442,176.5227478,18.89175442,338797460.1,28500146.61,257062.5727,257062.5727
2021-05-04T00:00:00+00:00,1inch,5.863427031,8795140547,931806678.4,8795140547,207921867.6,0.02364054,210.3226293,22.28276281,210.3226293,22.28276281,354084434,23626044.68,115697.4741,115697.4741
2021-05-03T00:00:00+00:00,1inch,5.363370514,8045055772,850695296.6,8045055772,115263519.6,0.014327249,194.7867472,20.59701938,194.7867472,20.59701938,328152238.7,15716261.54,94157.78097,94157.78097
2021-05-02T00:00:00+00:00,1inch,5.509215342,8263823012,872226295.1,8263823012,139953236,0.016935653,202.403673,21.36321234,202.403673,21.36321234,332179624.4,9712614.95,56408.75568,56408.75568
2021-05-01T00:00:00+00:00,1inch,5.665324229,8497986343,899156017.9,8497986343,204960361.3,0.024118697,208.3740181,22.04766457,208.3740181,22.04766457,332452388.1,10418713.32,85512.55084,85512.55084
2021-04-30T00:00:00+00:00,1inch,5.464205219,8196307828,866933353.1,8196307828,340849625.2,0.041585752,200.6655869,21.22464087,200.6655869,21.22464087,326237721.5,14261993.65,71490.07711,71490.07711
2021-04-29T00:00:00+00:00,1inch,5.551676698,8327515048,875954482.3,8327515048,480299344.7,0.057676191,205.2414043,21.58892863,205.2414043,21.58892863,338356713.3,24481287.67,101032.9684,101032.9684
2021-04-28T00:00:00+00:00,1inch,5.130118127,7695177190,810916651.4,7695177190,258069214,0.033536488,192.0777018,20.24112024,192.0777018,20.24112024,321297206.8,32705641.86,158299.0293,158299.0293
2021-04-27T00:00:00+00:00,1inch,4.544625228,6816937841,716218863,6816937841,153022615.4,0.022447412,176.3269911,18.52572519,176.3269911,18.52572519,294320487.8,25227572.92,222540.5543,222540.5543
2021-04-26T00:00:00+00:00,1inch,3.978819276,5968228914,627173438.2,5968228914,94554280.45,0.015842938,163.5509594,17.18681019,163.5509594,17.18681019,261002704.6,12848825.42,74187.31117,74187.31117
2021-04-25T00:00:00+00:00,1inch,3.935190406,5902785609,626517588.6,5902785609,129542675.7,0.021946024,162.9578939,17.29623833,162.9578939,17.29623833,262997223.1,9145356.165,39444.10928,39444.10928
2021-04-24T00:00:00+00:00,1inch,4.27735429,6416031436,673870134.4,6416031436,327756117.1,0.051083933,176.3727936,18.52427927,176.3727936,18.52427927,271138374,10629248.86,48678.25188,48678.25188
2021-04-23T00:00:00+00:00,1inch,4.612725093,6919087640,736067408.8,6919087640,294377496.4,0.04254571,189.2861308,20.13666527,189.2861308,20.13666527,295134701.2,23308897.53,109816.0819,109816.0819
2021-04-22T00:00:00+00:00,1inch,5.045825242,7568737863,798293736.2,7568737863,305836490.2,0.040407859,210.3490541,22.1860415,210.3490541,22.1860415,298914992.4,21547479.37,138825.8981,138825.8981
2021-04-21T00:00:00+00:00,1inch,5.008304342,7512456514,788079136,7512456514,280156896.1,0.037292315,213.9641473,22.4454784,213.9641473,22.4454784,287283991.1,21528417.13,294292.0678,294292.0678
2021-04-20T00:00:00+00:00,1inch,4.849782514,7274673770,761592373.8,7274673770,222282312.3,0.03055564,224.8039649,23.5349365,224.8039649,23.5349365,282984940.7,16204051.91,76327.60534,76327.60534
2021-04-19T00:00:00+00:00,1inch,5.275457655,7913186483,831395182.8,7913186483,487660918.1,0.061626365,240.4645849,25.2642975,240.4645849,25.2642975,281128883.2,15792661.98,77623.77763,77623.77763
2021-04-18T00:00:00+00:00,1inch,6.474073384,9711110075,1007886236,9711110075,304006314.2,0.031305001,263.9439548,27.39393098,263.9439548,27.39393098,324344782.6,26533378.02,128237.7192,128237.7192
2021-04-17T00:00:00+00:00,1inch,5.817229922,8725844883,913614259.6,8725844883,224889343,0.025772787,243.5111243,25.49612542,243.5111243,25.49612542,294351172.7,15690536.55,84979.98456,84979.98456
2021-04-16T00:00:00+00:00,1inch,6.094856705,9142285057,955726118,9142285057,323581013.7,0.035393888,258.0917854,26.98067919,258.0917854,26.98067919,296966576.9,11164392.76,56418.75886,56418.75886
2021-04-15T00:00:00+00:00,1inch,5.883046432,8824569647,922358092.9,8824569647,325262451.3,0.036858732,250.1561812,26.14672301,250.1561812,26.14672301,297408338,17812208.74,90961.33984,90961.33984
2021-04-14T00:00:00+00:00,1inch,5.642252303,8463378454,869800164.9,8463378454,244196987.2,0.02885337,243.9833755,25.07471235,243.9833755,25.07471235,272866479.4,15508464.64,81620.20814,81620.20814
2021-04-13T00:00:00+00:00,1inch,5.535183015,8302774522,855543711.7,8302774522,248774657.1,0.029962834,243.1907587,25.0591322,243.1907587,25.0591322,275204635,12690843.44,58933.50572,58933.50572
2021-04-12T00:00:00+00:00,1inch,5.675246056,8512869083,875617340.6,8512869083,208472169.6,0.024489061,251.8160281,25.90131231,251.8160281,25.90131231,283546885.2,14117196.36,73671.30833,73671.30833
2021-04-11T00:00:00+00:00,1inch,5.74523158,8617847370,885523061.5,8617847370,345118540.6,0.040046954,258.5602685,26.56824503,258.5602685,26.56824503,278685712.8,11306402.52,52712.50655,52712.50655
2021-04-10T00:00:00+00:00,1inch,6.104218306,9156327459,946099932.8,9156327459,523711983.7,0.057196729,271.2151895,28.0239729,271.2151895,28.0239729,286461754.4,19109530.51,104306.7439,104306.7439
2021-04-09T00:00:00+00:00,1inch,6.210334894,9315502341,963059144,9315502341,798729610.7,0.085741979,278.0799859,28.74858096,278.0799859,28.74858096,281809238.4,27012098.42,142817.8525,142817.8525
2021-04-08T00:00:00+00:00,1inch,5.541179055,8311768582,846543566.8,8311768582,767812327.9,0.092376529,251.3990151,25.60468531,251.3990151,25.60468531,257918368.6,78330155.73,280029.9602,280029.9602
2021-04-07T00:00:00+00:00,1inch,5.225707458,7838561188,790010528.6,7838561188,454930891.2,0.058037551,249.3710834,25.13290089,249.3710834,25.13290089,255949337.6,38834275.83,322448.3603,322448.3603
2021-04-06T00:00:00+00:00,1inch,5.267277765,7900916648,793864839.7,7900916648,368653108,0.046659536,266.8027604,26.80769081,266.8027604,26.80769081,268348937,24971270.74,145850.303,145850.303
2021-04-05T00:00:00+00:00,1inch,4.583263686,6874895529,691949014.2,6874895529,140189549.5,0.020391517,219.3761218,22.07991243,219.3761218,22.07991243,243382776.2,18508246.76,124758.4203,124758.4203
2021-04-04T00:00:00+00:00,1inch,4.246245081,6369367621,641364821.6,6369367621,180498230,0.028338485,188.9824331,19.02962613,188.9824331,19.02962613,235254509.3,5866432.834,39531.52097,39531.52097
2021-04-03T00:00:00+00:00,1inch,4.680863504,7021295256,703465554.7,7021295256,143407177.6,0.020424604,187.8915082,18.82490327,187.8915082,18.82490327,246803003.4,9815326.253,71914.2468,71914.2468
2021-04-02T00:00:00+00:00,1inch,4.460199152,6690298728,674023059.2,6690298728,131388966.7,0.019638729,166.6799735,16.79239601,166.6799735,16.79239601,238484436.4,6752646.147,53947.8086,53947.8086
2021-04-01T00:00:00+00:00,1inch,4.321349938,6482024908,652071832,6482024908,128556663.8,0.019832794,148.4922198,14.93786204,148.4922198,14.93786204,223902034.8,6895884.766,52497.32134,52497.32134
2021-03-31T00:00:00+00:00,1inch,4.499757437,6749636156,677431040,6749636156,121647998.4,0.018022897,142.4999685,14.30208972,142.4999685,14.30208972,227102171.1,9070032.653,90883.40327,90883.40327
2021-03-30T00:00:00+00:00,1inch,4.578651891,6867977836,683960920.1,6867977836,204053518.5,0.029710859,126.0859579,12.55651515,126.0859579,12.55651515,245727237.3,5952104.951,48442.85,48442.85
2021-03-29T00:00:00+00:00,1inch,4.08390171,6125852565,610474176.4,6125852565,107371084.6,0.017527533,104.7948848,10.44337426,104.7948848,10.44337426,229735784.2,9320061.421,57598.09819,57598.09819
2021-03-28T00:00:00+00:00,1inch,4.001966709,6002950063,599426216.3,6002950063,98435601.61,0.016397871,88.99460617,8.886580679,88.99460617,8.886580679,227783810.5,6525490.914,39219.85931,39219.85931
2021-03-27T00:00:00+00:00,1inch,4.012968817,6019453226,598992171.5,6019453226,108118512,0.017961517,81.37782626,8.097858566,81.37782626,8.097858566,216222639.4,5482398.914,38305.61343,38305.61343
2021-03-26T00:00:00+00:00,1inch,3.666186519,5499279778,547163398.4,5499279778,152714310.7,0.027769875,68.14242167,6.779985839,68.14242167,6.779985839,199514690.7,7694117.914,51358.58827,51358.58827
2021-03-25T00:00:00+00:00,1inch,4.109396926,6164095389,612578056.1,6164095389,266338541.4,0.04320805,60.05567377,5.968237928,60.05567377,5.968237928,201770831.4,7997622.4,52600.43877,52600.43877
2021-03-24T00:00:00+00:00,1inch,4.122582453,6183873679,616530922.8,6183873679,243544297.8,0.039383776,54.91880513,5.475393476,54.91880513,5.475393476,219995006.4,10020140.98,63619.33891,63619.33891
2021-03-23T00:00:00+00:00,1inch,4.243946115,6365919173,633336697.6,6365919173,284840565.3,0.044744609,55.16860517,5.488649991,55.16860517,5.488649991,223500280.7,8482369.378,61253.1927,61253.1927
2021-03-22T00:00:00+00:00,1inch,4.635004677,6952507015,690164916.4,6952507015,227901602.5,0.032779773,57.37229055,5.695261008,57.37229055,5.695261008,229073574.2,10342993.61,64852.08713,64852.08713
2021-03-21T00:00:00+00:00,1inch,4.68123363,7021850445,697751152,7021850445,245669150.9,0.034986383,56.11558335,5.576124589,56.11558335,5.576124589,228827605.4,9464164.597,60667.43846,60667.43846
2021-03-20T00:00:00+00:00,1inch,5.009545381,7514318071,746840713.5,7514318071,281451106.2,0.037455309,57.7500764,5.739723533,57.7500764,5.739723533,212286055.2,15380492.41,122855.675,122855.675
2021-03-19T00:00:00+00:00,1inch,4.886168916,7329253375,729360291.9,7329253375,308800491.2,0.042132599,51.22444268,5.097528023,51.22444268,5.097528023,203149306.3,18014003.63,407532.6057,407532.6057
2021-03-18T00:00:00+00:00,1inch,4.781806922,7172710383,711291326.6,7172710383,406216470.7,0.056633608,50.42350672,5.000313838,50.42350672,5.000313838,121110370,6788586.224,46799.97843,46799.97843
2021-03-17T00:00:00+00:00,1inch,4.527877763,6791816645,659319898.3,6791816645,443559699,0.065307961,45.68295034,4.43470131,45.68295034,4.43470131,102119682.2,6494351.969,50086.44194,50086.44194
2021-03-16T00:00:00+00:00,1inch,4.099634258,6149451386,591850839.3,6149451386,348451939.3,0.056663907,40.35579046,3.884022648,40.35579046,3.884022648,101888850.4,4653470.867,43987.25766,43987.25766
2021-03-15T00:00:00+00:00,1inch,4.043797925,6065696887,584489718.5,6065696887,295317609.6,0.04868651,38.49894763,3.709753304,38.49894763,3.709753304,98986227.9,5030685.83,41030.1114,41030.1114
2021-03-14T00:00:00+00:00,1inch,4.00979521,6014692815,579164774.9,6014692815,255351692.9,0.042454652,36.68733928,3.532684918,36.68733928,3.532684918,113584625.4,4093394.6,35133.32912,35133.32912
2021-03-13T00:00:00+00:00,1inch,3.968915274,5953372911,572502524.3,5953372911,283381811.3,0.047600212,35.34336203,3.398773146,35.34336203,3.398773146,108115036.4,3809064.778,30473.91328,30473.91328
2021-03-12T00:00:00+00:00,1inch,3.936734808,5905102212,568087175.6,5905102212,277093168.3,0.046924364,33.91194421,3.262422886,33.91194421,3.262422886,116428503.7,4132013.348,33262.90199,33262.90199
2021-03-11T00:00:00+00:00,1inch,4.179986308,6269979463,603144557.8,6269979463,296880787.1,0.047349563,33.94339955,3.265206343,33.94339955,3.265206343,278187763,9926829.636,89254.15851,89254.15851
2021-03-10T00:00:00+00:00,1inch,4.391286623,6586929934,633304394,6586929934,326329368,0.049541952,34.28897154,3.296734071,34.28897154,3.296734071,288288641.1,12448983.58,82138.287,82138.287
2021-03-09T00:00:00+00:00,1inch,4.391286623,6586929934,633304394,6586929934,326329368,0.049541952,33.57173591,3.227775014,33.57173591,3.227775014,414413398.3,13407891.95,105676.8159,105676.8159
2021-03-08T00:00:00+00:00,1inch,4.100262694,6150394041,591520950.8,6150394041,278300755.2,0.045249256,30.90545526,2.972366348,30.90545526,2.972366348,541977467.7,20787226.55,141698.9091,141698.9091
2021-03-07T00:00:00+00:00,1inch,3.758319018,5637478526,541798563.4,5637478526,169087364.7,0.029993438,28.04257831,2.695075213,28.04257831,2.695075213,1456940693,30019137.29,167873.335,167873.335
2021-03-06T00:00:00+00:00,1inch,3.712760778,5569141168,534568013.7,5569141168,223143705,0.040067884,27.25885127,2.616509358,27.25885127,2.616509358,1495276047,55548883.25,292363.1511,292363.1511
2021-03-05T00:00:00+00:00,1inch,3.994310341,5991465511,577190033,5991465511,231205502.9,0.03858914,29.23035555,2.81591705,29.23035555,2.81591705,1495276047,58459293.94,325629.5487,325629.5487
2021-03-04T00:00:00+00:00,1inch,3.994310341,5991465511,577190033,5991465511,231205502.9,0.03858914,29.14779579,2.807963625,29.14779579,2.807963625,1559138702,69524423.49,350838.5972,350838.5972
2021-03-03T00:00:00+00:00,1inch,4.146997747,6220496620,596597914.7,6220496620,278014019.3,0.044693219,30.26330507,2.902505347,30.26330507,2.902505347,1538982522,60264796.94,307149.6767,307149.6767
2021-03-02T00:00:00+00:00,1inch,4.11707898,6175618470,476704744.3,6175618470,298699804,0.048367594,29.99939472,2.315695806,29.99939472,2.315695806,1641228481,71406702.42,352371.5373,352371.5373
2021-03-01T00:00:00+00:00,1inch,4.007826681,6011740022,384931770.9,6011740022,302469329.2,0.050313109,29.15770503,1.866968131,29.15770503,1.866968131,1501366120,66414490.63,367898.2718,367898.2718
2021-02-28T00:00:00+00:00,1inch,3.817314871,5725972306,367018706.2,5725972306,335587512,0.058607952,27.50026971,1.762689875,27.50026971,1.762689875,1532347367,125771096,694298.1688,694298.1688
2021-02-27T00:00:00+00:00,1inch,4.45905924,6688588860,428807823.3,6688588860,625498680.8,0.093517287,32.90199979,2.109358971,32.90199979,2.109358971,1482394786,73951720.21,386898.6723,386898.6723
2021-02-26T00:00:00+00:00,1inch,4.006890683,6010336025,384523831.1,6010336025,381361859.5,0.063451005,29.59228577,1.89322844,29.59228577,1.89322844,1392782827,147805635.5,821754.0657,821754.0657
2021-02-25T00:00:00+00:00,1inch,3.78324356,5674865340,363820654.4,5674865340,396928576.5,0.069945021,28.89056593,1.852199827,28.89056593,1.852199827,1477623797,107486103.8,592654.0511,592654.0511
2021-02-24T00:00:00+00:00,1inch,3.78324356,5674865340,363820654.4,5674865340,396928576.5,0.069945021,29.36258596,1.88246145,29.36258596,1.88246145,1422743448,113417344.3,610194.3198,610194.3198
2021-02-23T00:00:00+00:00,1inch,3.680891868,5521337802,354157920.9,5521337802,408618492,0.074007153,29.33188458,1.881449683,29.33188458,1.881449683,1689701322,302862497.7,1914496.764,1914496.764
2021-02-22T00:00:00+00:00,1inch,4.700867697,7051301545,452881657.3,7051301545,340329325.5,0.048264753,41.93322007,2.693231325,41.93322007,2.693231325,1827403836,159787032.2,898570.1575,898570.1575
2021-02-21T00:00:00+00:00,1inch,5.211750014,7817625021,501374050.6,7817625021,591469537.3,0.075658469,48.74093746,3.125941853,48.74093746,3.125941853,1800966862,58677079.21,300574.4343,300574.4343
2021-02-20T00:00:00+00:00,1inch,5.16681611,7750224166,496401085.3,7750224166,432475141.8,0.05580163,48.31999468,3.094890843,48.31999468,3.094890843,1773120535,114160997.4,553181.9987,553181.9987
2021-02-19T00:00:00+00:00,1inch,4.690510877,7035766315,451238450.9,7035766315,265746329.9,0.037770773,44.87465684,2.878033427,44.87465684,2.878033427,1774095261,61483301.62,400297.5821,400297.5821
2021-02-18T00:00:00+00:00,1inch,4.976120679,7464181019,478825039.8,7464181019,256100649,0.034310616,48.03873028,3.081670565,48.03873028,3.081670565,1949921469,74802154.8,484133.723,484133.723
2021-02-17T00:00:00+00:00,1inch,4.780855326,7171282988,459878176.1,7171282988,244106840.5,0.034039493,47.35896177,3.037023221,47.35896177,3.037023221,2028386958,81487418.56,1223846.909,1223846.909
2021-02-16T00:00:00+00:00,1inch,4.933613764,7400420647,474707288,7400420647,319445238.6,0.043165822,53.10719212,3.406613265,53.10719212,3.406613265,2145122848,75855164.63,336883.4439,336883.4439
2021-02-15T00:00:00+00:00,1inch,5.055412124,7583118186,485964890.2,7583118186,383096595.8,0.050519666,55.01961653,3.525937648,55.01961653,3.525937648,2205434892,122537558.8,592362.7745,592362.7745
2021-02-14T00:00:00+00:00,1inch,5.569623987,8354435980,536135235.2,8354435980,574395468.7,0.068753351,62.60554444,4.017630678,62.60554444,4.017630678,2320007705,78676580.86,365011.9874,365011.9874
2021-02-13T00:00:00+00:00,1inch,5.464006788,8196010182,525479880,8196010182,438880963.9,0.053548123,62.76837138,4.024338127,62.76837138,4.024338127,2231873021,88986393.83,483421.3598,483421.3598
2021-02-12T00:00:00+00:00,1inch,5.464211031,8196316546,526136223.7,8196316546,450230484.1,0.054930832,64.87021987,4.164135477,64.87021987,4.164135477,2275615859,103475750.7,583722.8972,583722.8972
2021-02-11T00:00:00+00:00,1inch,5.220314828,7830472242,503103442.2,7830472242,359527786.3,0.045913934,64.80528601,4.163703217,64.80528601,4.163703217,2118473238,90630269.27,417259.8452,417259.8452
2021-02-10T00:00:00+00:00,1inch,5.088228789,7632343184,490086926.1,7632343184,382610666.7,0.050130171,63.89487371,4.102808469,63.89487371,4.102808469,2177766825,110388789.4,513443.4321,513443.4321
2021-02-09T00:00:00+00:00,1inch,5.09399427,7640991406,490187552,7640991406,371651587.5,0.048639184,66.73355983,4.281114661,66.73355983,4.281114661,2135412548,130910168.9,932535.7166,932535.7166
2021-02-08T00:00:00+00:00,1inch,5.060728502,7591092753,487315657.8,7591092753,363081033.8,0.047829877,72.96301379,4.683913135,72.96301379,4.683913135,1961898443,159313471.1,716207.8613,716207.8613
2021-02-07T00:00:00+00:00,1inch,4.867985908,7301978862,467399545.8,7301978862,360438738.3,0.049361789,76.32591529,4.88562057,76.32591529,4.88562057,1781654016,155920167.3,430704.6475,430704.6475
2021-02-06T00:00:00+00:00,1inch,5.391285483,8086928224,518338832.6,8086928224,450428677.6,0.055698365,89.2497037,5.720538867,89.2497037,5.720538867,1927751446,145824613.1,343664.8543,343664.8543
2021-02-05T00:00:00+00:00,1inch,5.855759145,8783638718,562861145.7,8783638718,563666246.2,0.064172294,98.19692567,6.29252134,98.19692567,6.29252134,1692755797,111063538.3,313776.3323,313776.3323
2021-02-04T00:00:00+00:00,1inch,5.210505709,7815758563,500516515.1,7815758563,473040902.9,0.060523991,88.22948884,5.650163823,88.22948884,5.650163823,1536042976,155193376,445851.898,445851.898
2021-02-03T00:00:00+00:00,1inch,4.83442138,7251632069,464773908.9,7251632069,321813213.1,0.044378039,84.38394661,5.408362744,84.38394661,5.408362744,,102534013.2,349122.7471,349122.7471
2021-02-02T00:00:00+00:00,1inch,4.791487481,7187231221,461979137.5,7187231221,476338287.7,0.066275631,85.15741869,5.473728287,85.15741869,5.473728287,,120872521.8,374939.0392,374939.0392
2021-02-01T00:00:00+00:00,1inch,4.769052831,7153579246,460028507.2,7153579246,743420685.2,0.103922898,86.83433837,5.584095693,86.83433837,5.584095693,,104061156.4,350089.1917,350089.1917
2021-01-31T00:00:00+00:00,1inch,5.0104945,7515741750,480733939.8,7515741750,1002868989,0.133435797,93.28689379,5.966966065,93.28689379,5.966966065,,124206764.1,333670.1468,333670.1468
2021-01-30T00:00:00+00:00,1inch,3.836783629,5755175443,368125737,5755175443,499462287.4,0.086784893,72.99054089,4.668788453,72.99054089,4.668788453,,100614938.5,379723.6027,379723.6027
2021-01-29T00:00:00+00:00,1inch,3.039421336,4559132004,291726350.6,4559132004,414103948.9,0.090829559,59.79160311,3.825900666,59.79160311,3.825900666,,140026670,540732.3409,540732.3409
2021-01-28T00:00:00+00:00,1inch,3.038674922,4558012383,292513943.9,4558012383,435112903.7,0.095461106,64.42870437,4.134761565,64.42870437,4.134761565,,81754482.96,275847.7646,275847.7646
2021-01-27T00:00:00+00:00,1inch,2.469703757,3704555636,237305706.5,3704555636,299595364,0.080872146,53.44185169,3.423367772,53.44185169,3.423367772,,90616515.49,371322.9547,371322.9547
2021-01-26T00:00:00+00:00,1inch,2.416156674,3624235011,232535687.2,3624235011,309629378.8,0.08543303,54.9054163,3.522803757,54.9054163,3.522803757,,87091773.11,254532.0739,254532.0739
2021-01-25T00:00:00+00:00,1inch,2.528300157,3792450236,243018977,3792450236,380354990.5,0.100292678,58.71289094,3.762302945,58.71289094,3.762302945,,103744904.8,324469.0621,324469.0621
2021-01-24T00:00:00+00:00,1inch,2.172687348,3259031022,209068845.6,3259031022,219691075.8,0.067409937,52.90450919,3.393856821,52.90450919,3.393856821,,56494725.24,182830.8958,182830.8958
2021-01-23T00:00:00+00:00,1inch,1.87996054,2819940810,180829166.7,2819940810,175851746.2,0.062360084,46.00206501,2.949889959,46.00206501,2.949889959,,45144521.74,208968.2408,208968.2408
2021-01-22T00:00:00+00:00,1inch,1.711384464,2567076696,164822790,2567076696,191773426,0.074704985,42.5262712,2.730459388,42.5262712,2.730459388,,77213761.3,239149.7399,239149.7399
2021-01-21T00:00:00+00:00,1inch,1.727108583,2590662875,166518530.4,2590662875,161212757,0.062228381,44.23230141,2.843093903,44.23230141,2.843093903,,81944108.13,300776.0897,300776.0897
2021-01-20T00:00:00+00:00,1inch,1.810006501,2715009751,174128195.6,2715009751,193080816.2,0.071116067,49.44350624,3.171078308,49.44350624,3.171078308,,59403706.2,246863.6223,246863.6223
2021-01-19T00:00:00+00:00,1inch,1.922348793,2883523189,184903255.6,2883523189,204252750.7,0.07083444,55.23553693,3.541927681,55.23553693,3.541927681,,66760119.14,280656.398,280656.398
2021-01-18T00:00:00+00:00,1inch,1.897764113,2846646169,182803504.6,2846646169,324050880.1,0.113836023,59.2830915,3.806991191,59.2830915,3.806991191,,38163634.83,148279.8379,148279.8379
2021-01-17T00:00:00+00:00,1inch,1.891987286,2837980928,181449572.1,2837980928,369800073.8,0.130303932,59.79366057,3.822976404,59.79366057,3.822976404,,59814645.76,198278.212,198278.212
2021-01-16T00:00:00+00:00,1inch,1.5207071,2281060651,146128927.9,2281060651,197934571.2,0.086773042,50.72174891,3.24932824,50.72174891,3.24932824,,58888710.2,207530.3987,207530.3987
2021-01-15T00:00:00+00:00,1inch,1.34677219,2020158285,123875261.1,2020158285,138608217.9,0.068612553,48.61709653,2.981180027,48.61709653,2.981180027,,69234970.27,220354.7888,220354.7888
2021-01-14T00:00:00+00:00,1inch,1.318228714,1977343071,117270650.2,1977343071,100252714.8,0.050700719,53.8891425,3.196013315,53.8891425,3.196013315,,39747820.94,121246.2279,121246.2279
2021-01-13T00:00:00+00:00,1inch,1.214329653,1821494479,96334279.58,1821494479,86682573.47,0.047588711,51.14762454,2.705069721,51.14762454,2.705069721,,43815618.01,124498.2445,124498.2445
2021-01-12T00:00:00+00:00,1inch,1.139472199,1709208299,90266079.33,1709208299,63998163.97,0.037443162,50.30890933,2.656895596,50.30890933,2.656895596,,71567639.11,115012.6817,115012.6817
2021-01-11T00:00:00+00:00,1inch,1.097757852,1646636778,86873338.76,1646636778,66207666.93,0.040207815,50.86420479,2.683496052,50.86420479,2.683496052,,134286767,300123.0627,300123.0627
2021-01-10T00:00:00+00:00,1inch,1.270651078,1905976617,100946576.6,1905976617,62304058.63,0.032688784,145.7139342,7.71747286,145.7139342,7.71747286,,52932539.55,92897.33872,92897.33872
2021-01-09T00:00:00+00:00,1inch,1.214555409,1821833113,96255476.71,1821833113,66303130.37,0.036393636,296.8198395,15.68230094,296.8198395,15.68230094,,22420280.95,44177.88662,44177.88662
2021-01-08T00:00:00+00:00,1inch,1.251795098,1877692647,99002066.49,1877692647,103044625.6,0.054878324,1640.912482,86.51774125,1640.912482,86.51774125,,912404.029,5171.791776,5171.791776
2021-01-07T00:00:00+00:00,1inch,1.467688683,2201533024,116608299.7,2201533024,113304444.4,0.051466157,5491.590034,290.872301,5491.590034,290.872301,,34252.18418,1098.333504,1098.333504
2021-01-06T00:00:00+00:00,1inch,1.325634259,1988451389,104884933,1988451389,92065185.51,0.046299943,,,,,,,,
2021-01-05T00:00:00+00:00,1inch,1.111353346,1667030019,87986257.59,1667030019,55368742.94,0.033214005,,,,,,,,
2021-01-04T00:00:00+00:00,1inch,1.086207576,1629311364,85861954.69,1629311364,77933898.39,0.047832416,,,,,,,,
2021-01-03T00:00:00+00:00,1inch,1.063559899,1595339849,83877672.65,1595339849,56657713.25,0.03551451,,,,,,,,
2021-01-02T00:00:00+00:00,1inch,1.088899209,1633348814,85500547.55,1633348814,46268581.97,0.028327435,,,,,,,,
2021-01-01T00:00:00+00:00,1inch,1.198204508,1797306761,93381359.75,1797306761,99319255.14,0.055260046,,,,,,,,
2020-12-31T00:00:00+00:00,1inch,1.255945855,1883918783,97017971.64,1883918783,163933008.6,0.087017025,,,,,,,,
2020-12-30T00:00:00+00:00,1inch,1.020886105,1531329157,77947358.54,1531329157,116793453.1,0.076269333,,,,,,,,
2020-12-29T00:00:00+00:00,1inch,0.890860253,1336290379,66828512.76,1336290379,93897095.34,0.070266984,,,,,,,,
2020-12-28T00:00:00+00:00,1inch,1.15228533,1728427995,84111872.91,1728427995,148406450.6,0.085862096,,,,,,,,
2020-12-27T00:00:00+00:00,1inch,1.315632009,1973448013,96100715.95,1973448013,176097469.6,0.089233397,,,,,,,,
2020-12-26T00:00:00+00:00,1inch,1.845656944,2768485416,132083318,2768485416,412719574.3,0.149077749,,,,,,,,
2020-12-25T00:00:00+00:00,1inch,2.29340565,3440108475,121323747.3,3440108475,301856895.2,0.08774633,,,,,,,,
