datetime,project,price,market_cap,market_cap_circulating,market_cap_fully_diluted,volume,vol_mc,pe,pe_circulating,ps,ps_circulating,tvl,gmv,revenue,revenue_supply_side,revenue_protocol
2022-05-25T00:00:00+00:00,SpookySwap,4.268912776,58338961.99,41497997.82,58338961.99,1344135.084,0.023040093,3.760605469,2.675014985,0.56409082,0.401252248,240633144,47141538.34,94283.07669,80140.61519,14142.4615
2022-05-24T00:00:00+00:00,SpookySwap,4.352559436,59482077.26,42357758.36,59482077.26,2998554.534,0.050411059,3.803429066,2.708458359,0.57051436,0.406268754,237528154.8,68138255.5,136276.511,115835.0344,20441.47665
2022-05-23T00:00:00+00:00,SpookySwap,4.519876249,61768628.81,43523230.44,61768628.81,2522614.595,0.040839738,3.952591423,2.785063399,0.592888713,0.41775951,230796317.3,122692073.1,245384.1462,208576.5243,36807.62193
2022-05-22T00:00:00+00:00,SpookySwap,4.294512269,58688804.66,41712039.88,58688804.66,2755919.576,0.046958182,3.780204045,2.686713808,0.567030607,0.403007071,218367557.8,92034999.93,184069.9999,156459.4999,27610.49998
2022-05-21T00:00:00+00:00,SpookySwap,4.069923577,55619575.61,39955386.5,55619575.61,2060615.343,0.037048383,3.552942467,2.552324212,0.53294137,0.382848632,210041276.2,111305260.6,222610.5213,189218.9431,33391.57819
2022-05-20T00:00:00+00:00,SpookySwap,4.090518159,55901021.15,39535484.86,55901021.15,2703957.156,0.048370443,3.55799257,2.516357635,0.533698885,0.377453645,207989767,65906235.66,131812.4713,112040.6006,19771.8707
2022-05-19T00:00:00+00:00,SpookySwap,3.846553976,52567006.64,37292074.04,52567006.64,1500040.243,0.028535774,3.279643268,2.32664379,0.49194649,0.348996569,224378506.3,76443759.6,152887.5192,129954.3913,22933.12788
2022-05-18T00:00:00+00:00,SpookySwap,4.322441661,59070487.74,41705969.61,59070487.74,2100162.052,0.035553491,3.655552949,2.580956854,0.548332942,0.387143528,214635212,77772739.86,155545.4797,132213.6578,23331.82196
2022-05-17T00:00:00+00:00,SpookySwap,4.374084492,59776238.67,42420497.06,59776238.67,2472915.02,0.041369532,3.668668064,2.603488046,0.55030021,0.390523207,214635212,78420217.85,156840.4357,133314.3703,23526.06536
2022-05-16T00:00:00+00:00,SpookySwap,4.728148377,64614875.71,45673465.65,64614875.71,2518002.547,0.038969394,3.948916076,2.791318265,0.592337411,0.41869774,229855911.9,133347190.9,266694.3818,226690.2245,40004.15727
2022-05-15T00:00:00+00:00,SpookySwap,4.472738239,61124440.77,42628430.64,61124440.77,2967190.07,0.048543431,3.733147508,2.603512075,0.559972126,0.390526811,214198257.7,135778982.4,271557.9649,230824.2701,40733.69473
2022-05-14T00:00:00+00:00,SpookySwap,3.775203789,51591934.99,36341737.73,51591934.99,3872620.483,0.075062517,3.120061501,2.197794225,0.468009225,0.329669134,214198257.7,126906027,253812.054,215740.2459,38071.80811
2022-05-13T00:00:00+00:00,SpookySwap,3.819693089,52199925.75,36460057.58,52199925.75,4446182.621,0.085176033,3.138279344,2.191992497,0.470741902,0.328798875,238524468.4,230476184.8,460952.3697,391809.5142,69142.85545
2022-05-12T00:00:00+00:00,SpookySwap,3.410688003,46610462.25,33362328.85,46610462.25,6890526.158,0.147832178,2.854255518,2.042987918,0.428138328,0.306448188,238524468.4,285757379.1,571514.7581,485787.5444,85727.21372
2022-05-11T00:00:00+00:00,SpookySwap,4.912843856,67138924.14,46751281.11,67138924.14,3310483.447,0.049307961,4.209184188,2.931008439,0.631377628,0.439651266,377889440,416760424.8,833520.8496,708492.7221,125028.1274
2022-05-10T00:00:00+00:00,SpookySwap,5.109419967,69825333.27,49147577.34,69825333.27,2373404.136,0.033990588,4.676663661,3.291737801,0.701499549,0.49376067,437078989.5,175042266.3,350084.5326,297571.8527,52512.67989
2022-05-09T00:00:00+00:00,SpookySwap,6.250412246,85418133.76,59784815.65,85418133.76,1546900.156,0.01810974,5.783508917,4.047922838,0.867526338,0.607188426,437301269.3,176408655.2,352817.3104,299894.7139,52922.59656
2022-05-08T00:00:00+00:00,SpookySwap,6.404030157,87517476.13,61104056.8,87517476.13,530666.0395,0.006063544,5.962403711,4.162906326,0.894360557,0.624435949,453995494.8,100940136.2,201880.2724,171598.2315,30282.04086
2022-05-07T00:00:00+00:00,SpookySwap,6.648213278,90854482.65,63283079.64,90854482.65,2816275.293,0.030997648,6.098375982,4.247715707,0.914756397,0.637157356,453995494.8,75999508.46,151999.0169,129199.1644,22799.85254
2022-05-06T00:00:00+00:00,SpookySwap,6.756973841,92340804.51,64724780.49,92340804.51,2839621.468,0.030751535,5.797055644,4.063351582,0.869558347,0.609502737,456095895.6,89183679.41,178367.3588,151612.255,26755.10382
2022-05-05T00:00:00+00:00,SpookySwap,8.135099082,111174264.1,76974023.07,111174264.1,2952314.106,0.026555733,6.875321037,4.760284447,1.031298155,0.714042667,509632672.2,120455538.2,240911.0763,204774.4149,36136.66145
2022-05-04T00:00:00+00:00,SpookySwap,6.887900706,94130051.05,65429947.8,94130051.05,3005159.857,0.031925616,5.802734572,4.033490006,0.870410186,0.605023501,476634888.2,107600196.5,215200.393,182920.3341,32280.05895
2022-05-03T00:00:00+00:00,SpookySwap,6.987613982,95492732.68,66749165.82,95492732.68,2897188.302,0.030339359,5.822488922,4.06990425,0.873373338,0.610485637,474208012.7,98839730.97,197679.4619,168027.5426,29651.91929
2022-05-02T00:00:00+00:00,SpookySwap,6.670361547,91157160.9,62159513.22,91157160.9,5135459.47,0.056336325,5.485674247,3.740647883,0.822851137,0.561097182,474208012.7,130840411.3,261680.8226,222428.6992,39252.12338
2022-05-01T00:00:00+00:00,SpookySwap,5.207553689,71166428.71,49122463.83,71166428.71,4828962.39,0.067854499,4.203144719,2.90121098,0.630471708,0.435181647,428345609.2,194623561.9,389247.1238,330860.0553,58387.06858
2022-04-30T00:00:00+00:00,SpookySwap,6.779654548,92650759.05,64353549.77,92650759.05,4287375.493,0.046274586,5.458321029,3.791251552,0.818748154,0.568687733,638470358.7,234817553.2,469635.1065,399189.8405,70445.26597
2022-04-29T00:00:00+00:00,SpookySwap,8.766816885,119807319.5,83169209.76,119807319.5,1681498.883,0.014035026,7.213941377,5.007855996,1.082091207,0.751178399,638470358.7,211011791.4,422023.5828,358720.0454,63303.53742
2022-04-28T00:00:00+00:00,SpookySwap,8.834682722,120734774.1,83369045.76,120734774.1,2055576.563,0.017025555,7.349500711,5.074932767,1.102425107,0.761239915,637338874.6,261988800.1,523977.6003,445380.9602,78596.64004
2022-04-27T00:00:00+00:00,SpookySwap,8.858689367,121062848.9,83443018.56,121062848.9,3231758.781,0.026694885,7.538410379,5.195877372,1.130761557,0.779381606,669353112.7,89247325.94,178494.6519,151720.4541,26774.19778
2022-04-26T00:00:00+00:00,SpookySwap,9.29769633,127062318,87851713.85,127062318,3187728.625,0.025087915,7.850043611,5.427571255,1.177506542,0.814135688,669648466.1,116192515.6,232385.0313,197527.2766,34857.75469
2022-04-25T00:00:00+00:00,SpookySwap,9.657770539,131983092.2,91658552.85,131983092.2,851856.7424,0.006454287,8.108692976,5.631259666,1.216303946,0.84468895,686034059.4,139787174.5,279574.3491,237638.1967,41936.15236
2022-04-24T00:00:00+00:00,SpookySwap,9.897938689,135265230.1,93252447.59,135265230.1,1124932.25,0.008316492,8.181786251,5.640559609,1.227267938,0.846083941,687229638.8,82779490.71,165558.9814,140725.1342,24833.84721
2022-04-23T00:00:00+00:00,SpookySwap,10.05572197,137421496.5,94365197.52,137421496.5,1740870.772,0.012668111,8.227889417,5.649963288,1.234183413,0.847494493,704035949.1,64828575.53,129657.1511,110208.5784,19448.57266
2022-04-22T00:00:00+00:00,SpookySwap,10.40904571,142250018.7,97801654.35,142250018.7,1662233.015,0.011685292,8.464166313,5.819397957,1.269624947,0.872909694,733023339.5,93794307.01,187588.614,159450.3219,28138.2921
2022-04-21T00:00:00+00:00,SpookySwap,10.97291643,149955875.9,102560092.6,149955875.9,1755609.686,0.011707508,8.845333746,6.049634552,1.326800062,0.907445183,732247623.7,128614967.8,257229.9355,218645.4452,38584.49033
2022-04-20T00:00:00+00:00,SpookySwap,10.80184406,147618000.9,101343502.7,147618000.9,1951431.21,0.013219466,8.557850732,5.875181641,1.28367761,0.881277246,717640337.2,127409072.9,254818.1458,216595.4239,38222.72187
2022-04-19T00:00:00+00:00,SpookySwap,10.2287745,139786432.3,95251903.49,139786432.3,1743510.776,0.012472675,8.162212771,5.561815194,1.224331916,0.834272279,705822224.4,155615478.3,311230.9566,264546.3131,46684.64348
2022-04-18T00:00:00+00:00,SpookySwap,9.809506993,134056722.6,91669866.05,134056722.6,906587.2641,0.006762714,7.85311145,5.370067691,1.177966717,0.805510154,747321881.6,113485749,226971.4979,192925.7732,34045.72469
2022-04-17T00:00:00+00:00,SpookySwap,10.05427243,137401687,93686172.05,137401687,869991.9835,0.006331742,8.050296936,5.489026521,1.20754454,0.823353978,760211573.8,115880189.4,231760.3789,196996.322,34764.05683
2022-04-16T00:00:00+00:00,SpookySwap,10.23719649,139901527.2,95096467.03,139901527.2,1551956.9,0.011093209,8.14683643,5.537719118,1.222025465,0.830657868,760211573.8,97945866.78,195891.7336,166507.9735,29383.76003
2022-04-15T00:00:00+00:00,SpookySwap,10.47602305,143165331,97270797.45,143165331,1263208.6,0.008823425,8.151662501,5.538482723,1.222749375,0.830772408,717238405.6,136389595.5,272779.1911,231862.3124,40916.87866
2022-04-14T00:00:00+00:00,SpookySwap,10.83550881,148078063.4,100713623.8,148078063.4,2025518.092,0.013678718,8.305548658,5.648925196,1.245832299,0.847338779,677587439.7,181675291,363350.5819,308847.9946,54502.58729
2022-04-13T00:00:00+00:00,SpookySwap,10.49429764,143415071.5,97296040.29,143415071.5,2343343.612,0.016339591,8.023037072,5.443010486,1.203455561,0.816451573,677587439.7,154577909.4,309155.8189,262782.446,46373.37283
2022-04-12T00:00:00+00:00,SpookySwap,9.874657834,134947074,92032125.79,134947074,3115253.462,0.023085002,7.518263915,5.127356897,1.127739587,0.769103535,660004746.1,144658463,289316.9261,245919.3871,43397.53891
2022-04-11T00:00:00+00:00,SpookySwap,11.11004819,151829918.5,102477259.2,151829918.5,4665800.602,0.030730443,8.445027935,5.699952453,1.26675419,0.854992868,749544659.9,178294753.1,356589.5061,303101.0802,53488.42592
2022-04-10T00:00:00+00:00,SpookySwap,12.2578458,167515720.7,111823962.9,167515720.7,2621280.705,0.015647968,9.258051737,6.180148523,1.388707761,0.927022278,732026612.6,127995594.9,255991.1898,217592.5114,38398.67847
2022-04-09T00:00:00+00:00,SpookySwap,11.82864765,161650298.8,110120884.7,161650298.8,2907937.265,0.017989062,8.77834835,5.980066191,1.316752252,0.897009929,769189438.2,129369162.7,258738.3254,219927.5766,38810.74881
2022-04-08T00:00:00+00:00,SpookySwap,13.0842149,178808880.8,120359245.5,178808880.8,2365233.065,0.013227716,9.571703252,6.442873399,1.435755488,0.96643101,760808625.2,150635547.1,301271.0942,256080.4301,45190.66413
2022-04-07T00:00:00+00:00,SpookySwap,12.61601485,172410459,116781918.2,172410459,2590127.628,0.015023031,9.14500022,6.194349656,1.371750033,0.929152448,823179881.4,163201554,326403.1079,277442.6417,48960.46619
2022-04-06T00:00:00+00:00,SpookySwap,13.76597885,188125867,126615355.5,188125867,2225144.248,0.011827955,9.733054164,6.550689347,1.459958125,0.982603402,880944695.6,367815894.8,735631.7896,625287.0212,110344.7684
2022-04-05T00:00:00+00:00,SpookySwap,14.77239851,201879598.1,136218912,201879598.1,1817468.522,0.009002735,10.23650282,6.907113398,1.535475423,1.03606701,924089451.3,157449452.5,314898.905,267664.0692,47234.83575
2022-04-04T00:00:00+00:00,SpookySwap,15.40860884,210574048.4,140955661.4,210574048.4,1779645.149,0.008451398,10.55974614,7.068563349,1.58396192,1.060284502,904797312.1,135070558,270141.1161,229619.9487,40521.16741
2022-04-03T00:00:00+00:00,SpookySwap,14.67346203,200527532.1,134874759.5,200527532.1,2537115.007,0.012652203,9.747399516,6.556098065,1.462109927,0.98341471,956304413.4,158276362.7,316552.7255,269069.8167,47482.90882
2022-04-02T00:00:00+00:00,SpookySwap,14.95225183,204337473.5,136987288.1,204337473.5,3786174.294,0.018529026,9.492931056,6.364035236,1.423939658,0.954605285,894633186.5,160171543.9,320343.0878,272291.6246,48051.46317
2022-04-01T00:00:00+00:00,SpookySwap,13.87000515,189547490.3,127616694.8,189547490.3,3164306.679,0.016694005,8.256282836,5.558709983,1.238442425,0.833806497,919085992.9,219848127,439696.254,373741.8159,65954.4381
2022-03-31T00:00:00+00:00,SpookySwap,13.97109954,190929046.3,127966657.9,190929046.3,3203472.978,0.016778343,8.065802423,5.405954722,1.209870364,0.810893208,910355586.1,206659158.4,413318.3168,351320.5692,61997.74751
2022-03-30T00:00:00+00:00,SpookySwap,13.81653525,188816770.8,126031652.3,188816770.8,2403326.16,0.012728351,7.73645667,5.16393969,1.160468501,0.774590953,910355586.1,131066567,262133.134,222813.1639,39319.9701
2022-03-29T00:00:00+00:00,SpookySwap,14.21064171,194202629.7,130242898.1,194202629.7,2522744.071,0.012990267,7.582589664,5.085299075,1.13738845,0.762794861,934652593.5,160015500.4,320031.0008,272026.3507,48004.65013
2022-03-28T00:00:00+00:00,SpookySwap,14.12082854,192975242.9,128949919.8,192975242.9,2059236.8,0.01067099,7.249973685,4.844577528,1.087496053,0.726686629,925060697.3,157763879.5,315527.7591,268198.5952,47329.16386
2022-03-27T00:00:00+00:00,SpookySwap,14.01339123,191507004.6,127176662.1,191507004.6,3590451.437,0.018748408,6.858403063,4.554553032,1.028760459,0.683182955,904432693.4,125124131.7,250248.2634,212711.0239,37537.2395
2022-03-26T00:00:00+00:00,SpookySwap,14.04712937,191968070,127690231.8,191968070,2108408.029,0.010983118,6.442255339,4.285155743,0.966338301,0.642773361,861017002.6,141827101.1,283654.2023,241106.0719,42548.13034
2022-03-25T00:00:00+00:00,SpookySwap,13.72450936,187559144.9,124560137.1,187559144.9,2085351.194,0.011118366,5.992842262,3.97991393,0.898926339,0.596987089,840924206.5,212188717.8,424377.4356,360720.8202,63656.61534
2022-03-24T00:00:00+00:00,SpookySwap,13.51921806,184753634,122899578.7,184753634,2169925.858,0.01174497,5.827315241,3.876376189,0.874097286,0.581456428,832007818,130746500.4,261493.0007,222269.0506,39223.95011
2022-03-23T00:00:00+00:00,SpookySwap,13.1797657,180114678,120517127.1,180114678,2177065.16,0.012087106,5.534848163,3.703440536,0.830227224,0.55551608,819860377.2,94337479.17,188674.9583,160373.7146,28301.24375
2022-03-22T00:00:00+00:00,SpookySwap,12.87921,176007283.8,116417427,176007283.8,4222280.045,0.023989235,5.31916656,3.518284423,0.797874984,0.527742663,813221560.8,135399141.1,270798.2822,230178.5399,40619.74233
2022-03-21T00:00:00+00:00,SpookySwap,12.5576653,171613054,113560453.9,171613054,2309965.818,0.013460315,5.133926964,3.397242007,0.770089045,0.509586301,813221560.8,212504402,425008.804,361257.4834,63751.3206
2022-03-20T00:00:00+00:00,SpookySwap,14.07164519,192303103.2,126893555.8,192303103.2,2125873.523,0.011054806,5.724423727,3.777331046,0.858663559,0.566599657,837169039.6,92480004.71,184960.0094,157216.008,27744.00141
2022-03-19T00:00:00+00:00,SpookySwap,13.63909458,186391866.5,122601089.5,186391866.5,2999202.045,0.016090842,5.428453958,3.57061916,0.814268094,0.535592874,754618671.5,139896711.7,279793.4235,237824.41,41969.01352
2022-03-18T00:00:00+00:00,SpookySwap,13.22590194,180745176,119024963.1,180745176,3121720.888,0.017271393,5.196095136,3.421751251,0.77941427,0.513262688,759338565.2,112743898.6,225487.7972,191664.6277,33823.16959
2022-03-17T00:00:00+00:00,SpookySwap,13.84766345,189242168.7,121376177.7,189242168.7,4199000.273,0.022188502,5.039326228,3.232124002,0.755898934,0.4848186,759338565.2,145491392.1,290982.7842,247335.3666,43647.41763
2022-03-16T00:00:00+00:00,SpookySwap,12.73798359,174077283.7,114586187.2,174077283.7,5371641.921,0.0308578,4.262841565,2.806010934,0.639426235,0.42090164,683879096.4,208418633,416837.266,354311.6761,62525.5899
2022-03-15T00:00:00+00:00,SpookySwap,11.03876225,150855724.9,99911259.29,150855724.9,3587724.849,0.023782491,3.686940467,2.44184876,0.55304107,0.366277314,692037865.1,211722719.9,423445.4398,359928.6239,63516.81597
2022-03-14T00:00:00+00:00,SpookySwap,11.38534553,155592132,101771415.9,155592132,3457057.86,0.022218719,3.779947498,2.472429706,0.566992125,0.370864456,729593174.4,194867297.7,389734.5955,331274.4061,58460.18932
2022-03-13T00:00:00+00:00,SpookySwap,12.07686363,165042418.4,108830745,165042418.4,4423475.542,0.026802052,3.963726346,2.613723766,0.594558952,0.392058565,775763010,175477888.6,350955.7771,298312.4106,52643.36657
2022-03-12T00:00:00+00:00,SpookySwap,11.93162553,163057594.5,107337199.8,163057594.5,5107854.327,0.031325461,3.599734785,2.369625609,0.539960218,0.355443841,767434235.5,152976958.3,305953.9165,260060.829,45893.08748
2022-03-11T00:00:00+00:00,SpookySwap,13.2642114,181268712.9,118346922.6,181268712.9,8215415.903,0.045321753,3.529736889,2.304498616,0.529460533,0.345674792,875690134.5,210976687.9,421953.3758,358660.3695,63293.00638
2022-03-10T00:00:00+00:00,SpookySwap,14.46914024,197735270.5,129266338.2,197735270.5,2787613.675,0.014097706,3.1407431,2.053211644,0.471111465,0.307981747,847870528.1,218759719.8,437519.4396,371891.5237,65627.91595
2022-03-09T00:00:00+00:00,SpookySwap,14.41024248,196930373.8,128198270.8,196930373.8,3194151.819,0.016219701,2.839901618,1.848726887,0.425985243,0.277309033,847870528.1,204768217.7,409536.4353,348105.97,61430.4653
2022-03-08T00:00:00+00:00,SpookySwap,14.09676429,192646380.8,125439944.8,192646380.8,5966572.819,0.030971632,2.715378076,1.768093823,0.407306711,0.265214073,827205696.3,199325669,398651.338,338853.6373,59797.70069
2022-03-07T00:00:00+00:00,SpookySwap,15.40055764,210464020.7,136639969.9,210464020.7,12426939.66,0.059045435,2.933164734,1.904304307,0.43997471,0.285645646,1094122860,297840521.6,595681.0431,506328.8867,89352.15647
2022-03-06T00:00:00+00:00,SpookySwap,18.53206999,253259268.5,164069223.9,253259268.5,2915972.59,0.011513784,3.505925512,2.27124749,0.525888827,0.340687123,1041356816,479072040.1,958144.0801,814422.4681,143721.612
2022-03-05T00:00:00+00:00,SpookySwap,18.00315603,246031130.3,159372042.4,246031130.3,3891739.948,0.015818079,3.444566399,2.231293176,0.51668496,0.334693976,1136854285,219637388.3,439274.7765,373383.5601,65891.21648
2022-03-04T00:00:00+00:00,SpookySwap,19.21936446,262651834.6,169931961.8,262651834.6,7237584.367,0.027555811,3.664639908,2.370969348,0.549695986,0.355645402,1180257467,313769196.4,627538.3928,533407.6339,94130.75892
2022-03-03T00:00:00+00:00,SpookySwap,23.60173249,322541276.2,208305655,322541276.2,7434930.256,0.023051097,4.518421909,2.918115928,0.677763286,0.437717389,1104546596,428022019.5,856044.039,727637.4332,128406.6059
2022-03-02T00:00:00+00:00,SpookySwap,22.81760521,311825392.8,201021952.3,311825392.8,6470792.891,0.020751334,4.40878431,2.8421753,0.661317647,0.426326295,1104923392,565788836.3,1131577.673,961841.0217,169736.6509
2022-03-01T00:00:00+00:00,SpookySwap,23.29555428,318357044.7,202708982,318357044.7,8256358.833,0.025934274,4.579287592,2.915791378,0.686893139,0.437368707,975027412.8,421831257,843662.514,717113.1369,126549.3771
2022-02-28T00:00:00+00:00,SpookySwap,20.65202353,282230553.5,181593771.7,282230553.5,6641315.855,0.023531527,4.097380892,2.636351171,0.614607134,0.395452676,1069332975,414650323.8,829300.6477,704905.5505,124395.0972
2022-02-27T00:00:00+00:00,SpookySwap,25.0598962,342468541.5,219436564.4,342468541.5,4950113.157,0.014454213,4.986744602,3.195254368,0.74801169,0.479288155,1069332975,472362414.3,944724.8287,803016.1044,141708.7243
2022-02-26T00:00:00+00:00,SpookySwap,22.16822873,302951013.9,194121067.2,302951013.9,5827640.788,0.019236248,4.384513224,2.809452179,0.657676984,0.421417827,1052557363,444740414.8,889480.8295,756058.7051,133422.1244
2022-02-25T00:00:00+00:00,SpookySwap,19.39495352,265051434.8,169867940.8,265051434.8,13015185.14,0.049104375,3.806414834,2.439480662,0.570962225,0.365922099,955547913.2,527386268.7,1054772.537,896556.6567,158215.8806
2022-02-24T00:00:00+00:00,SpookySwap,16.73951597,228762225.3,142054654.8,228762225.3,6128177.595,0.026788416,3.280094602,2.036842865,0.49201419,0.30552643,1091960835,656030351.8,1312060.704,1115251.598,196809.1056
2022-02-23T00:00:00+00:00,SpookySwap,15.4712989,211430770.8,130636384.1,211430770.8,5294780.247,0.025042619,3.051320321,1.88531429,0.457698048,0.282797144,1169281913,566179658.2,1132359.316,962505.4189,169853.8975
2022-02-22T00:00:00+00:00,SpookySwap,14.88535971,203423325.8,125563443.8,203423325.8,6040218.703,0.029692852,2.946176899,1.818533426,0.441926535,0.272780014,1220202184,327572930.8,655145.8616,556873.9823,98271.87924
2022-02-21T00:00:00+00:00,SpookySwap,18.79214446,256813446.1,158972441.4,256813446.1,2335778.346,0.009095234,3.632579561,2.248636316,0.544886934,0.337295447,1220202184,367755262.5,735510.5249,625183.9462,110326.5787
2022-02-20T00:00:00+00:00,SpookySwap,19.72202723,269521224.2,165798324.9,269521224.2,1468365.083,0.00544805,3.76643849,2.316957391,0.564965774,0.347543609,1288061639,249287403,498574.8061,423788.5852,74786.22091
2022-02-19T00:00:00+00:00,SpookySwap,19.95944259,272765742.4,167714604.7,272765742.4,2631857.277,0.009648782,3.788907257,2.329673357,0.568336089,0.349451004,1269415775,231085551.6,462171.1032,392845.4377,69325.66548
2022-02-18T00:00:00+00:00,SpookySwap,19.54782608,267140591.3,164770730.5,267140591.3,2268845.204,0.008493075,3.671123857,2.264327397,0.550668579,0.33964911,1269459351,259554859.6,519109.7191,441243.2613,77866.45787
2022-02-17T00:00:00+00:00,SpookySwap,21.84475529,298530425.8,183820066.7,298530425.8,3720915.545,0.012464108,4.067256538,2.504412628,0.610088481,0.375661894,1367431223,302726155.4,605452.3107,514634.4641,90817.84661
2022-02-16T00:00:00+00:00,SpookySwap,22.05303766,301376812.7,182145697.2,301376812.7,3757241.486,0.012466923,4.079332253,2.465461131,0.611899838,0.36981917,1367607913,266932161.5,533864.323,453784.6746,80079.64846
2022-02-15T00:00:00+00:00,SpookySwap,21.12417638,288682994.4,173942173.2,288682994.4,7036898.928,0.024375869,3.884330412,2.340452629,0.582649562,0.351067894,1246146664,896452436.3,1792904.873,1523969.142,268935.7309
2022-02-14T00:00:00+00:00,SpookySwap,19.40429862,265179144.9,156438504.4,265179144.9,2503483.769,0.009440726,3.675624298,2.168380052,0.551343645,0.325257008,1228411784,1074897870,2149795.739,1827326.378,322469.3609
2022-02-13T00:00:00+00:00,SpookySwap,19.43600158,265612397.6,158351617.8,265612397.6,4700105.776,0.017695355,3.817777941,2.276065872,0.572666691,0.341409881,1258986197,231141346,462282.692,392940.2882,69342.40379
2022-02-12T00:00:00+00:00,SpookySwap,21.36395707,291959837.3,175593937.8,291959837.3,3786393.024,0.012968883,4.141685028,2.490941185,0.621252754,0.373641178,1258986300,281444621.8,562889.2437,478455.8571,84433.38655
2022-02-11T00:00:00+00:00,SpookySwap,22.84585476,312211451.2,184735250.7,312211451.2,4432944.419,0.014198532,4.376324106,2.58946726,0.656448616,0.388420089,1339885337,329536277.3,659072.5545,560211.6713,98860.88318
2022-02-10T00:00:00+00:00,SpookySwap,24.90681682,340376558.6,204018137.3,340376558.6,3790540.214,0.011136314,4.747447428,2.845570168,0.712117114,0.426835525,1404587125,1211335486,2422670.972,2059270.326,363400.6458
2022-02-09T00:00:00+00:00,SpookySwap,24.62278886,336495032.6,201288209.9,336495032.6,3510711.358,0.010433174,4.902683946,2.9327401,0.735402592,0.439911015,1451555964,1867920913,3735841.826,3175465.552,560376.2739
2022-02-08T00:00:00+00:00,SpookySwap,26.7922445,366142813.4,217961252.6,366142813.4,4021872.08,0.010984435,5.814214338,3.461145198,0.872132151,0.51917178,1382071473,3495951481,6991902.962,5943117.518,1048785.444
2022-02-07T00:00:00+00:00,SpookySwap,25.13630544,343512750.2,203265821,343512750.2,3791433.399,0.011037242,6.584469075,3.896209126,0.987670361,0.584431369,1382071473,2026658890,4053317.78,3445320.113,607997.667
2022-02-06T00:00:00+00:00,SpookySwap,24.51878832,335073761.2,199472540.5,335073761.2,4939519.48,0.014741588,7.174701483,4.271166824,1.076205223,0.640675024,1343285621,658400697.4,1316801.395,1119281.186,197520.2092
2022-02-05T00:00:00+00:00,SpookySwap,26.33060637,359834066.6,212784223.6,359834066.6,5368355.451,0.014918975,7.809081916,4.617821341,1.171362287,0.692673201,1251811923,427732551,855465.102,727145.3367,128319.7653
2022-02-04T00:00:00+00:00,SpookySwap,23.97394635,327627950.9,192623377.4,327627950.9,5489216.216,0.01675442,6.984716625,4.10654739,1.047707494,0.615982109,1251811923,434939951.1,869879.9022,739397.9168,130481.9853
2022-02-03T00:00:00+00:00,SpookySwap,23.4300615,320195220.4,188527192.4,320195220.4,5980772.372,0.018678519,6.862406442,4.04050447,1.029360966,0.60607567,1294450962,249295817.4,498591.6349,423802.8896,74788.74523
2022-02-02T00:00:00+00:00,SpookySwap,26.88688174,367436125.8,217839178.6,367436125.8,7156672.8,0.019477325,7.842932633,4.649782323,1.176439895,0.697467348,1294450962,289301495.8,578602.9916,491812.5429,86790.44874
2022-02-01T00:00:00+00:00,SpookySwap,24.86606775,339819681.8,200074309.3,339819681.8,6153758.359,0.018108893,7.324859609,4.312629036,1.098728941,0.646894355,1234031668,232143385.5,464286.7709,394643.7553,69643.01564
2022-01-31T00:00:00+00:00,SpookySwap,25.34149562,346316879.2,202311651.1,346316879.2,3587186.701,0.010358105,7.489368684,4.375144948,1.123405303,0.656271742,1187445733,242472526.3,484945.0525,412203.2947,72741.75788
2022-01-30T00:00:00+00:00,SpookySwap,25.84694142,353224301.4,206584895.3,353224301.4,6861553.667,0.019425486,7.663950096,4.482297287,1.149592514,0.672344593,1255852751,224047770.7,448095.5413,380881.2101,67214.3312
2022-01-29T00:00:00+00:00,SpookySwap,27.66057299,378009390.5,220550354.4,378009390.5,8702070.004,0.023020777,8.251655046,4.814445064,1.237748257,0.72216676,1255791994,240541057,481082.114,408919.7969,72162.31709
2022-01-28T00:00:00+00:00,SpookySwap,25.27643475,345427757.2,202144843,345427757.2,12839052.52,0.037168561,7.562520256,4.425598227,1.134378038,0.663839734,1187596649,356628347.5,713256.695,606268.1908,106988.5043
2022-01-27T00:00:00+00:00,SpookySwap,28.53639556,389978381.7,216979221.8,389978381.7,12052975.11,0.030906778,8.593759141,4.781462918,1.289063871,0.717219438,1284617021,591246014.2,1182492.028,1005118.224,177373.8043
2022-01-26T00:00:00+00:00,SpookySwap,32.17229878,439666635.1,239593484.3,439666635.1,12772460.57,0.029050329,10.02348941,5.462235617,1.503523412,0.819335343,1230261457,596804219.6,1193608.439,1014567.173,179041.2659
2022-01-25T00:00:00+00:00,SpookySwap,29.69052063,405750654.9,220914329.9,405750654.9,11339985.03,0.027948162,9.571459508,5.211260999,1.435718926,0.78168915,1078038834,558454201.7,1116908.403,949372.1429,167536.2605
2022-01-24T00:00:00+00:00,SpookySwap,26.88157394,367363589.5,213907816.2,367363589.5,9648529.132,0.02626425,8.978573921,5.228028023,1.346786088,0.784204203,974134673,528349716.5,1056699.433,898194.518,158504.9149
2022-01-23T00:00:00+00:00,SpookySwap,21.59084124,295060436.4,157357601.3,295060436.4,11983601.02,0.040614056,7.402282834,3.947684362,1.110342425,0.592152654,1104624082,496811336.8,993622.6736,844579.2725,149043.401
2022-01-22T00:00:00+00:00,SpookySwap,22.05610212,301418691.6,158588957.1,301418691.6,10500382.5,0.034836534,7.76580913,4.085916385,1.164871369,0.612887458,1363954709,794901507.6,1589803.015,1351332.563,238470.4523
2022-01-21T00:00:00+00:00,SpookySwap,28.81531937,393790154.6,208205504.3,393790154.6,7736404.126,0.019646007,10.78232833,5.700853822,1.61734925,0.855128073,1363954709,611614976.3,1223229.953,1039745.46,183484.4929
2022-01-20T00:00:00+00:00,SpookySwap,29.64693613,405155029.1,225802670.5,405155029.1,9180501.313,0.022659231,11.64306144,6.488958986,1.746459216,0.973343848,1522670534,371579500,743159,631685.15,111473.85
2022-01-19T00:00:00+00:00,SpookySwap,33.09761492,452312005.4,236940638.4,452312005.4,8557210.902,0.018918823,13.28013481,6.956710376,1.992020222,1.043506556,1533334948,451188044.4,902376.0889,767019.6755,135356.4133
2022-01-18T00:00:00+00:00,SpookySwap,32.73318472,447331702.4,234741301,447331702.4,11931050.47,0.026671596,13.58878375,7.130835483,2.038317562,1.069625322,1664547469,438026078.2,876052.1563,744644.3329,131407.8234
2022-01-17T00:00:00+00:00,SpookySwap,38.67474153,528529017.7,275492947.4,528529017.7,16310623.29,0.030860412,16.29967248,8.496117833,2.444950872,1.274417675,1553543404,438753170.2,877506.3403,745880.3893,131625.951
2022-01-16T00:00:00+00:00,SpookySwap,33.55653714,458583636.6,237547885.5,458583636.6,8177259.052,0.017831554,14.64623686,7.586800573,2.196935529,1.138020086,1483358680,391761408.8,783522.8175,665994.3949,117528.4226
2022-01-15T00:00:00+00:00,SpookySwap,32.03363953,437771717.9,227424887.1,437771717.9,10486706.33,0.023954737,14.36934342,7.464955297,2.155401513,1.119743295,1489482201,280825942,561651.8839,477404.1014,84247.78259
2022-01-14T00:00:00+00:00,SpookySwap,31.24749257,427028233.4,222211761.3,427028233.4,13152244.14,0.030799472,14.22767384,7.403623966,2.134151076,1.110543595,1489482201,346518566.2,693037.1325,589081.5626,103955.5699
2022-01-13T00:00:00+00:00,SpookySwap,31.6899971,433075500.4,221173866.8,433075500.4,18995206.29,0.043861189,14.80949755,7.563285927,2.221424632,1.134492889,1276412165,491738793.8,983477.5876,835955.9495,147521.6381
2022-01-12T00:00:00+00:00,SpookySwap,26.45681108,361558780.2,187288079.7,361558780.2,11052282.05,0.030568424,12.82926516,6.645581763,1.924389774,0.996837264,1055283270,521522628.8,1043045.258,886588.4689,156456.7886
2022-01-11T00:00:00+00:00,SpookySwap,20.38813598,278624266.3,144031359.3,278624266.3,7306553.21,0.026223679,10.36474963,5.357928789,1.554712444,0.803689318,1132318966,430244002.6,860488.0051,731414.8044,129073.2008
2022-01-10T00:00:00+00:00,SpookySwap,21.65469041,295932999.1,152046081.3,295932999.1,4622194.368,0.015619057,11.45762101,5.886759437,1.718643151,0.883013915,1049598614,344498980.6,688997.9612,585648.267,103349.6942
2022-01-09T00:00:00+00:00,SpookySwap,20.64455946,282128549.6,144644439,282128549.6,6302046.246,0.022337499,11.1973122,5.74074812,1.67959683,0.861112218,1208088801,265228618.7,530457.2374,450888.6518,79568.58561
2022-01-08T00:00:00+00:00,SpookySwap,24.82895905,339312554.3,173627290.7,339312554.3,8985557.854,0.026481655,13.62644198,6.972692794,2.043966297,1.045903919,1271270990,437401779,874803.558,743583.0243,131220.5337
2022-01-07T00:00:00+00:00,SpookySwap,25.80002709,352583170.2,180303294.3,352583170.2,8745474.125,0.024804003,14.6823902,7.50825208,2.202358531,1.126237812,1289097892,478631330.7,957262.6613,813673.2621,143589.3992
2022-01-06T00:00:00+00:00,SpookySwap,25.94006398,354496914.3,180992342.4,354496914.3,14605484.52,0.041200597,15.39604783,7.860623457,2.309407175,1.179093518,1289097892,481970187.9,963940.3757,819349.3194,144591.0564
2022-01-05T00:00:00+00:00,SpookySwap,23.03345992,314775263.3,163354358.7,314775263.3,7534538.126,0.023936246,13.97269094,7.251205012,2.09590364,1.087680752,1317457599,661997666.5,1323995.333,1125396.033,198599.2999
2022-01-04T00:00:00+00:00,SpookySwap,23.05719249,315099592.6,160165282.8,315099592.6,7774137.189,0.024672,14.90340614,7.575408903,2.235510921,1.136311335,1161010928,364988876.8,729977.7537,620481.0906,109496.6631
2022-01-03T00:00:00+00:00,SpookySwap,19.8010208,270600750.3,137347338.5,270600750.3,7515335.816,0.027772783,12.88239558,6.538646863,1.932359338,0.980797029,1183275604,303088031.5,606176.0629,515249.6535,90926.40944
2022-01-02T00:00:00+00:00,SpookySwap,20.41174519,278946909.8,141264449.9,278946909.8,9528898.287,0.034160258,13.43395877,6.803232908,2.015093816,1.020484936,1052673509,160014873.3,320029.7466,272025.2846,48004.46199
2022-01-01T00:00:00+00:00,SpookySwap,18.91318447,258467578.9,130922060.6,258467578.9,8283143.62,0.032047128,12.40042019,6.281207766,1.860063029,0.942181165,967929675.3,189246323.1,378492.6462,321718.7492,56773.89693
2021-12-31T00:00:00+00:00,SpookySwap,17.89626996,244570425.3,123382027.2,244570425.3,9510572.136,0.038886845,11.65489792,5.879717183,1.748234688,0.881957577,966494934.5,199422116.3,398844.2325,339017.5976,59826.63488
2021-12-30T00:00:00+00:00,SpookySwap,18.25842463,249519631.1,123667377.3,249519631.1,10215627.67,0.040941178,11.87213884,5.884091233,1.780820826,0.882613685,1002835517,145079608,290159.216,246635.3336,43523.88241
2021-12-29T00:00:00+00:00,SpookySwap,19.37154112,264731480.9,133268790.1,264731480.9,11054110.1,0.041755933,12.52418886,6.304816829,1.878628329,0.945722524,986307258.7,202646116.2,405292.2323,344498.3975,60793.83485
2021-12-28T00:00:00+00:00,SpookySwap,20.05539032,274076964.1,137671323.4,274076964.1,11191779.2,0.040834439,12.91734511,6.488498597,1.937601767,0.97327479,986307258.7,272540218,545080.4359,463318.3705,81762.06539
2021-12-27T00:00:00+00:00,SpookySwap,21.42818046,292837514.2,146394410,292837514.2,10303727.69,0.035185819,14.03155953,7.014613151,2.104733929,1.052191973,930539959.1,162165269.5,324330.539,275680.9582,48649.58085
2021-12-26T00:00:00+00:00,SpookySwap,19.7018972,269246127.2,134553890.8,269246127.2,2393280.855,0.008888822,12.58831364,6.290922721,1.888247046,0.943638408,933288955.6,180099682.1,360199.3642,306169.4596,54029.90463
2021-12-25T00:00:00+00:00,SpookySwap,20.51084267,280301176,139956398.8,280301176,11126272.11,0.03969399,12.93341615,6.457747963,1.940012423,0.968662195,933288955.6,140551802.9,281103.6059,238938.065,42165.54088
2021-12-24T00:00:00+00:00,SpookySwap,18.59902531,254174279.9,126444959.1,254174279.9,17019870.63,0.06696142,11.44426514,5.693218203,1.716639771,0.85398273,732440723.9,229716931.1,459433.8622,390518.7829,68915.07933
2021-12-23T00:00:00+00:00,SpookySwap,16.20741813,221490576.2,110436975.6,221490576.2,5365294.123,0.024223577,9.906097089,4.939259362,1.485914563,0.740888904,686586119.5,200350503.4,400701.0069,340595.8559,60105.15103
2021-12-22T00:00:00+00:00,SpookySwap,14.83687291,202760705.2,100662932.8,202760705.2,3802289.786,0.018752597,9.087854891,4.511772265,1.363178234,0.67676584,623333545.7,146096035.3,292192.0706,248363.26,43828.81059
2021-12-21T00:00:00+00:00,SpookySwap,12.3787931,169168586.5,83841506.69,169168586.5,11505401.16,0.068011452,7.551737781,3.74271067,1.132760667,0.561406601,654261703.5,123590077.8,247180.1556,210103.1323,37077.02334
2021-12-20T00:00:00+00:00,SpookySwap,12.97306187,177289863.5,87688809.2,177289863.5,12197321.01,0.06879875,7.859893662,3.8875585,1.178984049,0.583133775,622099532.4,162453316.8,324906.6336,276170.6386,48735.99504
2021-12-19T00:00:00+00:00,SpookySwap,12.68734798,173385297.4,85401872.01,173385297.4,14463988.4,0.083421078,7.631943024,3.759155078,1.144791454,0.563873262,622099532.4,128418022.6,256836.0453,218310.6385,38525.40679
2021-12-18T00:00:00+00:00,SpookySwap,13.17515742,180051701.4,88583720.57,180051701.4,12528690.88,0.069583852,7.74570626,3.810813637,1.161855939,0.571622046,666037977,298330300.8,596660.6017,507161.5114,89499.09025
2021-12-17T00:00:00+00:00,SpookySwap,12.79991421,174923627.6,85727322.63,174923627.6,12037942.8,0.068818278,7.659484766,3.753793189,1.148922715,0.563068978,666037977,123072786.8,246145.5736,209223.7376,36921.83605
2021-12-16T00:00:00+00:00,SpookySwap,13.62276767,186168743,89746366.34,186168743,13010068.92,0.069883208,8.005984555,3.859444993,1.200897683,0.578916749,685158405.6,152535662.3,305071.3246,259310.6259,45760.69869
2021-12-15T00:00:00+00:00,SpookySwap,11.73300268,160343214.6,78263835.27,160343214.6,12664870.82,0.07898601,6.892730177,3.364355021,1.033909526,0.504653253,582057379.2,152931781,305863.562,259984.0277,45879.5343
2021-12-14T00:00:00+00:00,SpookySwap,11.13158144,152124192,74474738.56,152124192,12216397.69,0.080305424,6.567775425,3.215355502,0.985166314,0.482303325,582057379.2,128293925.9,256587.8518,218099.674,38488.17777
2021-12-13T00:00:00+00:00,SpookySwap,13.98054021,191058062.4,93034793.44,191058062.4,13268156.34,0.069445676,8.267370744,4.025755938,1.240105612,0.603863391,676155534.4,191436044.6,382872.0892,325441.2758,57430.81338
2021-12-12T00:00:00+00:00,SpookySwap,13.75439764,187967598.2,91295957.31,187967598.2,12463525.66,0.066306777,8.168108872,3.967254603,1.225216331,0.59508819,631468425.2,153362861.4,306725.7228,260716.8643,46008.85841
2021-12-11T00:00:00+00:00,SpookySwap,13.48585961,184297757.4,91412835.12,184297757.4,16434474.45,0.089173491,7.975496427,3.955895883,1.196324464,0.593384383,635058414,132014270.4,264028.5408,224424.2597,39604.28112
2021-12-10T00:00:00+00:00,SpookySwap,12.62125504,172482071.4,83697460.94,172482071.4,12517508.3,0.072572808,7.347549111,3.56542103,1.102132367,0.534813154,716639729.2,165466223.7,330932.4474,281292.5803,49639.86712
2021-12-09T00:00:00+00:00,SpookySwap,14.31586018,195640545.3,94516438.23,195640545.3,12730264.48,0.065069664,8.3256275,4.022216643,1.248844125,0.603332496,686241609,181696405,363392.8101,308883.8886,54508.92151
2021-12-08T00:00:00+00:00,SpookySwap,13.87827215,189660467.2,91338086.32,189660467.2,14229732.16,0.075027402,8.055793788,3.879568573,1.208369068,0.581935286,674282664.8,186281623.1,372563.2463,316678.7593,55884.48694
2021-12-07T00:00:00+00:00,SpookySwap,13.88423861,189742004.8,78312309.87,189742004.8,16609830.83,0.087539029,8.097241131,3.341978268,1.21458617,0.50129674,663970597.1,198689171.3,397378.3426,337771.5912,59606.75139
2021-12-06T00:00:00+00:00,SpookySwap,13.54672806,185129585.7,76604976.6,185129585.7,13800116.26,0.074543008,7.936597592,3.28409352,1.190489639,0.492614028,663970597.1,341182668.6,682365.3372,580010.5366,102354.8006
2021-12-05T00:00:00+00:00,SpookySwap,14.84993697,202939238.7,83853355.26,202939238.7,16744257.71,0.082508724,8.872800883,3.666191563,1.330920132,0.549928734,696734877.3,269868635.9,539737.2718,458776.681,80960.59077
2021-12-04T00:00:00+00:00,SpookySwap,16.81226523,229756416.6,94818925.33,229756416.6,19761271.31,0.08600966,10.15631906,4.191444454,1.523447858,0.628716668,820121197.1,326112253.9,652224.5078,554390.8316,97833.67617
2021-12-03T00:00:00+00:00,SpookySwap,18.24938913,249396151.8,103187129.7,249396151.8,2376043.54,0.009527186,11.28141048,4.667659698,1.692211573,0.700148955,820121197.1,234815477.2,469630.9545,399186.3113,70444.64317
2021-12-02T00:00:00+00:00,SpookySwap,19.04889593,260322211.8,107502363.8,260322211.8,18031550.35,0.069266277,11.91496434,4.920390093,1.787244651,0.738058514,823521251.4,182420201.3,364840.4027,310114.3423,54726.0604
2021-12-01T00:00:00+00:00,SpookySwap,19.21593655,262604988.9,108593241.2,262604988.9,18548239.86,0.070631712,12.02927407,4.97438326,1.80439111,0.746157489,793935437.5,229134116.7,458268.2333,389527.9983,68740.235
2021-11-30T00:00:00+00:00,SpookySwap,18.9770319,259340117.9,108078766.2,259340117.9,19685621.15,0.075906579,12.02277639,5.010435131,1.803416458,0.75156527,802020047.5,208735162.8,417470.3256,354849.7767,62620.54883
2021-11-29T00:00:00+00:00,SpookySwap,19.37297889,264751129.5,108706408.8,264751129.5,21127127.61,0.079799953,12.33551656,5.064944234,1.850327485,0.759741635,760538655.4,179157398.5,358314.797,304567.5774,53747.21955
2021-11-28T00:00:00+00:00,SpookySwap,19.37297889,264751129.5,108706408.8,264751129.5,21127127.61,0.079799953,12.38751198,5.086293471,1.858126797,0.762944021,741744557.7,225331997,450663.994,383064.3949,67599.59909
2021-11-27T00:00:00+00:00,SpookySwap,19.85154451,271291207.3,111845458.4,271291207.3,23123795.52,0.085236067,12.46311478,5.138179006,1.869467217,0.770726851,731550975.2,174068353.5,348136.707,295916.201,52220.50605
2021-11-26T00:00:00+00:00,SpookySwap,24.46412772,334326769.4,138366618.7,334326769.4,25947406.01,0.077610914,14.9391349,6.182806079,2.240870235,0.927420912,818232278.6,309000146.6,618000.2932,525300.2492,92700.04398
2021-11-25T00:00:00+00:00,SpookySwap,26.27964357,359137609,147930710.1,359137609,26104590.46,0.072686875,15.95911664,6.573645861,2.393867496,0.986046879,804706063,260516976.8,521033.9535,442878.8605,78155.09303
2021-11-24T00:00:00+00:00,SpookySwap,23.37820077,319486491.8,131813391,319486491.8,22293608,0.069779501,14.47489026,5.972034561,2.171233539,0.895805184,718496443.1,292612751.4,585225.5027,497441.6773,87783.82541
2021-11-23T00:00:00+00:00,SpookySwap,19.28117646,263496557.5,109834593.5,263496557.5,18895757.92,0.071711593,12.22306506,5.095001602,1.833459759,0.76425024,616917190.2,271974380.1,543948.7603,462356.4462,81592.31404
2021-11-22T00:00:00+00:00,SpookySwap,21.66340632,296052110.8,122450585.5,296052110.8,21837337.75,0.073761804,14.130114,5.84437898,2.119517101,0.876656847,642112789.1,186806190.1,373612.3802,317570.5231,56041.85703
2021-11-21T00:00:00+00:00,SpookySwap,21.30566147,291163169.7,120261216,291163169.7,18850308.34,0.06474139,14.02714698,5.793733299,2.104072046,0.869059995,632647640.9,171605474.9,343210.9499,291729.3074,51481.64248
2021-11-20T00:00:00+00:00,SpookySwap,22.07220449,301638746.6,124554679.5,301638746.6,21262543.9,0.070490095,14.64790085,6.048508743,2.197185127,0.907276311,632647640.9,167468026.9,334936.0539,284695.6458,50240.40808
2021-11-19T00:00:00+00:00,SpookySwap,19.0009502,259666985.5,107277864.7,259666985.5,3428204.114,0.01320231,12.74820241,5.266745527,1.912230362,0.790011829,527132531.3,208345069.4,416690.1388,354186.618,62503.52082
2021-11-18T00:00:00+00:00,SpookySwap,21.63304235,295637156.8,122109438.2,295637156.8,5493965.484,0.018583474,14.71306621,6.077058339,2.206959931,0.911558751,602173988.1,277610771.2,555221.5425,471938.3111,83283.23137
2021-11-17T00:00:00+00:00,SpookySwap,23.91704998,326850405.1,135001792.5,326850405.1,3648411.175,0.011162327,16.80151816,6.939673419,2.520227724,1.040951013,600644214,182869480.9,365738.9618,310878.1176,54860.84428
2021-11-16T00:00:00+00:00,SpookySwap,26.5765174,363194686.8,149262019.8,363194686.8,2490524.272,0.006857271,18.82941266,7.738318505,2.8244119,1.160747776,702287960.3,240895056.4,481790.1128,409521.5959,72268.51692
2021-11-15T00:00:00+00:00,SpookySwap,26.5765174,363194686.8,149262019.8,363194686.8,2490524.272,0.006857271,19.33703158,7.946934509,2.900554737,1.192040176,704677968,155072009.9,310144.0199,263622.4169,46521.60298
2021-11-14T00:00:00+00:00,SpookySwap,27.1310875,370773441.8,152961498.5,370773441.8,2915670.697,0.007863753,19.87149406,8.197926727,2.980724108,1.229689009,694733781.7,124494794.6,248989.5892,211641.1509,37348.43839
2021-11-13T00:00:00+00:00,SpookySwap,27.38677453,374267660.7,154576874.5,374267660.7,3648321.642,0.009747894,20.1498983,8.322141148,3.022484744,1.248321172,694733781.7,113483104.9,226966.2099,192921.2784,34044.93148
2021-11-12T00:00:00+00:00,SpookySwap,27.38677453,374267660.7,154576874.5,374267660.7,3648321.642,0.009747894,20.20471964,8.344782999,3.030707947,1.25171745,670905487.4,163828371.4,327656.7428,278508.2314,49148.51143
2021-11-11T00:00:00+00:00,SpookySwap,28.0912405,383894892.7,158478784.8,383894892.7,7965444.479,0.020749024,20.79484214,8.584488554,3.119226321,1.287673283,753900668.5,180433805,360867.6101,306737.4686,54130.14151
2021-11-10T00:00:00+00:00,SpookySwap,30.48598616,416621486.9,172399487.4,416621486.9,5086450.466,0.012208805,22.65466525,9.374582921,3.398199787,1.406187438,794673944.8,235850968.5,471701.937,400946.6464,70755.29055
2021-11-09T00:00:00+00:00,SpookySwap,35.34327036,483001132.8,196833045.4,483001132.8,8286698.134,0.017156685,26.70304354,10.88204773,4.005456531,1.632307159,742948843.1,172209312.3,344418.6247,292755.831,51662.7937
2021-11-08T00:00:00+00:00,SpookySwap,30.48030561,416543856.5,171414481.3,416543856.5,3002372.35,0.007207818,23.06496905,9.491604889,3.459745358,1.423740733,689125294.5,194370211.4,388740.4228,330429.3594,58311.06342
2021-11-07T00:00:00+00:00,SpookySwap,30.376344,415123117.2,171284682.7,415123117.2,4544581.362,0.010947551,22.50836462,9.287216088,3.376254694,1.393082413,689125294.5,155015051.3,310030.1026,263525.5872,46504.51539
2021-11-06T00:00:00+00:00,SpookySwap,27.74648906,379183519.6,148753498.5,379183519.6,5748061.276,0.015159048,19.94711877,7.82524437,2.992067815,1.173786655,692247610.2,168437744.3,336875.4886,286344.1653,50531.32329
2021-11-05T00:00:00+00:00,SpookySwap,27.74648906,379183519.6,148753498.5,379183519.6,5748061.276,0.015159048,19.99882003,7.845526747,2.999823004,1.176829012,700918370.1,212651916.6,425303.8333,361508.2583,63795.57499
2021-11-04T00:00:00+00:00,SpookySwap,26.74164501,365451320.7,151015847.2,365451320.7,6739499.871,0.01844158,19.77156804,8.170226589,2.965735206,1.225533988,675783796.3,199079904.2,398159.8084,338435.8372,59723.97126
2021-11-03T00:00:00+00:00,SpookySwap,25.2564773,345155018.8,141949591,345155018.8,5150242.4,0.014921534,19.12408168,7.86503288,2.868612252,1.179754932,668514646.6,180258581.1,360517.1622,306439.5879,54077.57433
2021-11-02T00:00:00+00:00,SpookySwap,26.832301,366690225.5,151655450.1,366690225.5,5148844.909,0.014041402,20.83877154,8.618482464,3.125815731,1.29277237,679357651.7,161637933.5,323275.867,274784.487,48491.38005
2021-11-01T00:00:00+00:00,SpookySwap,29.29841591,400392151.8,164839839,400392151.8,3789505.24,0.009464484,23.26551661,9.57831964,3.489827491,1.436747946,679357651.7,177367287.4,354734.5749,301524.3887,53210.18623
2021-10-31T00:00:00+00:00,SpookySwap,26.94351028,368210011.5,152153303.7,368210011.5,5890954.273,0.015998898,21.90881145,9.053252048,3.286321717,1.357987807,657938345.9,155595063.5,311190.127,264511.6079,46678.51904
2021-10-30T00:00:00+00:00,SpookySwap,27.60622241,377266635.4,156013980.9,377266635.4,6351351.562,0.01683518,23.0107078,9.515795438,3.451606171,1.427369316,657938345.9,178095833.6,356191.6672,302762.9171,53428.75008
2021-10-29T00:00:00+00:00,SpookySwap,30.43503287,415925159.2,175626041.5,415925159.2,21416215.07,0.05149055,26.07356072,11.00966401,3.911034108,1.651449602,640978255.3,153653357.1,307306.7142,261210.707,46096.00713
2021-10-28T00:00:00+00:00,SpookySwap,28.6715987,391826067.8,161285498.8,391826067.8,7594016.086,0.019381089,24.9065026,10.25214509,3.73597539,1.537821763,608491097.4,337188748.7,674377.4975,573220.8729,101156.6246
2021-10-27T00:00:00+00:00,SpookySwap,26.08599298,356491180,147172736.1,356491180,11792518.16,0.033079411,23.99890673,9.907635768,3.599836009,1.486145365,617269562.1,347252311.2,694504.6225,590328.9291,104175.6934
2021-10-26T00:00:00+00:00,SpookySwap,26.16473049,357567206.9,146792955.9,357567206.9,7705070.727,0.021548594,25.83304267,10.60530334,3.874956401,1.590795501,553277277,344202268.2,688404.5363,585143.8559,103260.6804
2021-10-25T00:00:00+00:00,SpookySwap,22.5942537,308773071,127425363.4,308773071,4934839.336,0.015982091,24.00514889,9.906514227,3.600772334,1.485977134,521380515.9,138264012.5,276528.0249,235048.8212,41479.20374
2021-10-24T00:00:00+00:00,SpookySwap,23.13094834,316107540.1,131923776.2,316107540.1,3642677.889,0.01152354,25.00928,10.43732983,3.751392,1.565599474,516129541.4,146969283,293938.566,249847.7811,44090.7849
2021-10-23T00:00:00+00:00,SpookySwap,24.00170698,328007327.6,135479555.2,328007327.6,4400927.15,0.013417161,26.64595978,11.00579918,3.996893967,1.650869878,473479308.4,100563664.5,201127.329,170958.2297,30169.09935
2021-10-22T00:00:00+00:00,SpookySwap,21.66490477,296072588.6,122391901.1,296072588.6,2594661.122,0.008763598,24.19400573,10.00143367,3.629100859,1.50021505,495153784,131675445.1,263350.8903,223848.2567,39502.63354
2021-10-21T00:00:00+00:00,SpookySwap,23.8131128,325429999.5,132995702.4,325429999.5,3471954.129,0.01066882,26.818224,10.95998692,4.0227336,1.643998038,491959931.2,125036516.6,250073.0331,212562.0782,37510.95497
2021-10-20T00:00:00+00:00,SpookySwap,24.28959379,331941588.8,136615953.1,331941588.8,3983723.199,0.012001278,27.44656049,11.29607783,4.116984073,1.694411674,491959931.2,104132804.9,208265.6098,177025.7683,31239.84147
2021-10-19T00:00:00+00:00,SpookySwap,22.5929814,308755683.9,129184587.8,308755683.9,3402819.949,0.011021076,25.78300528,10.78771042,3.867450792,1.618156563,459534998,130378258.3,260756.5167,221643.0392,39113.4775
2021-10-18T00:00:00+00:00,SpookySwap,24.45181451,334158497.1,137735173.8,334158497.1,3741250.127,0.011196035,28.60915339,11.79226849,4.291373009,1.768840273,470216873.2,96455365.64,192910.7313,163974.1216,28936.60969
2021-10-17T00:00:00+00:00,SpookySwap,21.51252035,293990103.1,121559794.5,293990103.1,2189423.713,0.00744727,25.52950321,10.55600556,3.829425481,1.583400834,447328969.4,136175781.2,272351.5625,231498.8281,40852.73437
2021-10-16T00:00:00+00:00,SpookySwap,19.57802505,267553290.4,110126492.3,267553290.4,3132144.516,0.011706619,23.82869726,9.808030543,3.574304588,1.471204581,416196682.2,97544865.39,195089.7308,165826.2712,29263.45962
2021-10-15T00:00:00+00:00,SpookySwap,21.7053053,296624702.2,122951987.1,296624702.2,2886471.317,0.009731055,26.52037484,10.99278908,3.978056226,1.648918361,423188989.9,120029170.9,240058.3417,204049.5905,36008.75126
2021-10-14T00:00:00+00:00,SpookySwap,20.95234633,286334765,118345174.5,286334765,3097669.348,0.010818349,26.09348558,10.78471245,3.914022837,1.617706867,417553457.9,100604220.9,201208.4419,171027.1756,30181.26628
2021-10-13T00:00:00+00:00,SpookySwap,21.87119903,298891806,123453732.6,298891806,5717277.895,0.019128252,27.47315447,11.34746219,4.120973171,1.702119328,414700273.9,99215407.42,198430.8148,168666.1926,29764.62223
2021-10-12T00:00:00+00:00,SpookySwap,25.4372447,347625386.1,143582562.7,347625386.1,6949320.205,0.019990831,32.37534691,13.37225491,4.856302036,2.005838237,428219788.5,146074593,292149.1859,248326.808,43822.37789
2021-10-11T00:00:00+00:00,SpookySwap,22.10734369,302118958.8,126142957.5,302118958.8,6993512.049,0.023148207,28.82007098,12.03317065,4.323010647,1.804975598,389509627.4,160342892,320685.7839,272582.9163,48102.86759
2021-10-10T00:00:00+00:00,SpookySwap,24.18919004,330569471,136537818.3,330569471,7643083.342,0.023120959,32.11567991,13.26500253,4.817351987,1.989750379,420461335.7,150288541.5,300577.0829,255490.5205,45086.56244
2021-10-09T00:00:00+00:00,SpookySwap,27.26751143,372637811.3,156411570.5,372637811.3,19042996.85,0.051103233,36.00335435,15.11210357,5.400503153,2.266815535,433262394.3,164203261.9,328406.5238,279145.5452,49260.97857
2021-10-08T00:00:00+00:00,SpookySwap,21.2757106,290753861.1,94300326.09,290753861.1,12124679.46,0.041700837,27.6961418,8.982701702,4.15442127,1.347405255,377562370.7,302932810.3,605865.6206,514985.7775,90879.84309
2021-10-07T00:00:00+00:00,SpookySwap,18.0835963,247130427,81699094.95,247130427,6486248.473,0.026246256,23.84900298,7.884265738,3.577350447,1.182639861,344560642.9,315359563.8,630719.1277,536111.2585,94607.86915
2021-10-06T00:00:00+00:00,SpookySwap,17.41968848,238057462.7,77128983.57,238057462.7,3575397.906,0.015019054,24.5900644,7.967012047,3.68850966,1.195051807,342546006.1,154524974,309049.948,262692.4558,46357.49221
2021-10-05T00:00:00+00:00,SpookySwap,17.89685328,244578396.9,79715225.97,244578396.9,2599298.663,0.010627671,25.91812542,8.447472263,3.887718812,1.267120839,350158947.3,77719697.09,155439.3942,132123.4851,23315.90913
2021-10-04T00:00:00+00:00,SpookySwap,19.33720713,264262272.6,85705708.05,264262272.6,3812586.937,0.014427284,27.81980145,9.022535671,4.172970218,1.353380351,346153143.7,75790123.08,151580.2462,128843.2092,22737.03692
2021-10-03T00:00:00+00:00,SpookySwap,19.1656622,261917939.6,85832665.74,261917939.6,3947733.699,0.015072407,27.48722362,9.007789544,4.123083544,1.351168432,371467364.7,52394103.18,104788.2064,89069.97541,15718.23095
2021-10-02T00:00:00+00:00,SpookySwap,19.60486997,267920153,86919075.91,267920153,3339419.147,0.012464233,28.10196163,9.116882434,4.215294245,1.367532365,374751136.3,52117304.39,104234.6088,88599.41746,15635.19132
2021-10-01T00:00:00+00:00,SpookySwap,17.23082896,235476508.6,76536875.29,235476508.6,1990729.279,0.008454046,24.39084145,7.927749571,3.658626217,1.189162436,353346237.8,63218792.61,126437.5852,107471.9474,18965.63778
2021-09-30T00:00:00+00:00,SpookySwap,17.16609039,234591791.3,76109151.76,234591791.3,4146098.563,0.017673673,24.0180063,7.792216754,3.602700945,1.168832513,307176248.8,39177692.82,78355.38564,66602.0778,11753.30785
2021-09-29T00:00:00+00:00,SpookySwap,16.82871252,229981185.3,74843982.2,229981185.3,4412772.421,0.019187537,22.36846867,7.279487966,3.355270301,1.091923195,289854789.3,52602437.53,105204.8751,89424.14381,15780.73126
2021-09-28T00:00:00+00:00,SpookySwap,17.42055041,238069241.8,78068488.41,238069241.8,5386241.409,0.022624684,23.38953444,7.669976954,3.508430166,1.150496543,290292311.4,91338853.35,182677.7067,155276.0507,27401.65601
2021-09-27T00:00:00+00:00,SpookySwap,16.04803253,219312412.6,77014613.17,219312412.6,4608098.349,0.021011571,22.14147406,7.775287498,3.321221109,1.166293125,294909683.1,88791703.62,177583.4072,150945.8962,26637.51109
2021-09-26T00:00:00+00:00,SpookySwap,18.11041679,247496955.9,80470300.38,247496955.9,3156854.684,0.012755125,25.67150133,8.346742755,3.8507252,1.252011413,278118165.5,60464413.85,120928.8277,102789.5035,18139.32415
2021-09-25T00:00:00+00:00,SpookySwap,17.84177351,243825676.9,79277970.31,243825676.9,3256313.725,0.013355089,25.66048136,8.343300448,3.849072203,1.251495067,288300555.9,67132509.13,134265.0183,114125.2655,20139.75274
2021-09-24T00:00:00+00:00,SpookySwap,19.43992807,265666056.9,86187798.54,265666056.9,3937935.077,0.014822876,28.43269023,9.224177924,4.264903535,1.383626689,280485410.6,75081964.55,150163.9291,127639.3397,22524.58936
2021-09-23T00:00:00+00:00,SpookySwap,19.28866209,263598856.1,85412044.34,263598856.1,5182185.463,0.019659362,28.79744863,9.331030475,4.319617294,1.399654571,287842825.9,53607953.92,107215.9078,91133.52166,16082.38618
2021-09-22T00:00:00+00:00,SpookySwap,13.63028336,186271452.4,60586766.54,186271452.4,4574643.442,0.024559015,20.61753291,6.706071366,3.092629937,1.005910705,276809767.1,80067481.6,160134.9632,136114.7187,24020.24448
2021-09-21T00:00:00+00:00,SpookySwap,16.39232245,224017478.6,71714504.61,224017478.6,5623070.141,0.025101033,25.37713084,8.123957014,3.806569625,1.218593552,227988629.3,102578815.4,205157.6308,174383.9862,30773.64462
2021-09-20T00:00:00+00:00,SpookySwap,22.73327387,310672920.8,101153301.4,310672920.8,6711945.72,0.021604541,36.32838046,11.82831001,5.449257068,1.774246501,263800827.5,113555560.1,227111.1202,193044.4522,34066.66803
2021-09-19T00:00:00+00:00,SpookySwap,19.49623455,266435541.4,85267791.5,266435541.4,4251613.475,0.015957381,32.41988797,10.37538849,4.862983195,1.556308273,308331273.3,70459604.79,140919.2096,119781.3281,21137.88144
2021-09-18T00:00:00+00:00,SpookySwap,17.39937942,237779919.1,77124033.96,237779919.1,3020993.098,0.012704997,29.50462098,9.569838356,4.425693147,1.435475753,283791880.7,46851688.16,93703.37632,79647.86987,14055.50645
2021-09-17T00:00:00+00:00,SpookySwap,17.35947598,237234598.7,76969370.98,237234598.7,788030.391,0.003321735,29.80075316,9.668679179,4.470112974,1.450301877,263670426.4,49905763.86,99811.52772,84839.79856,14971.72916
2021-09-16T00:00:00+00:00,SpookySwap,19.63390031,268316881.6,85753901.75,268316881.6,857132.0397,0.003194477,34.06956548,10.88861108,5.110434822,1.633291663,277608085.9,54782006.02,109564.012,93129.41024,16434.60181
2021-09-15T00:00:00+00:00,SpookySwap,16.05258586,219374638.3,70296738.87,219374638.3,4598814.86,0.020963293,28.31102121,9.072026194,4.246653182,1.360803929,329860857.1,85255030.24,170510.0605,144933.5514,25576.50907
2021-09-14T00:00:00+00:00,SpookySwap,17.82772845,243633736.9,79303346.96,243633736.9,522618.7505,0.0021451,32.62250604,10.61870145,4.893375907,1.592805217,323955267.4,60190430.19,120380.8604,102323.7313,18057.12906
2021-09-13T00:00:00+00:00,SpookySwap,19.77162224,270198989.5,89582027.71,270198989.5,150.4769027,5.57E-07,37.1073896,12.30261893,5.566108441,1.84539284,335245541.9,73990616.63,147981.2333,125784.0483,22197.18499
2021-09-12T00:00:00+00:00,SpookySwap,20.79034331,284120831.7,92236072.96,284120831.7,55.58909098,1.96E-07,40.28480124,13.0779283,6.042720187,1.961689245,359936113.8,58996140.31,117992.2806,100293.4385,17698.84209
2021-09-11T00:00:00+00:00,SpookySwap,19.84161324,271155486.5,88040722.24,271155486.5,1836372.248,0.006772396,39.45221238,12.80962933,5.917831857,1.921444399,358076756.9,74049098.24,148098.1965,125883.467,22214.72947
2021-09-10T00:00:00+00:00,SpookySwap,22.53490938,307962071.6,99757138.86,307962071.6,7601598.192,0.024683553,46.34349748,15.0118964,6.951524622,2.25178446,347545170.7,106595549.7,213191.0994,181212.4345,31978.66491
2021-09-09T00:00:00+00:00,SpookySwap,23.23262051,317496991.9,104776920.7,317496991.9,16755950.46,0.052775147,50.43764698,16.64488633,7.565647047,2.496732949,375800691.9,166425368.8,332850.7376,282923.1269,49927.61063
2021-09-08T00:00:00+00:00,SpookySwap,21.11606606,288572158.8,94055747.55,288572158.8,18739408.2,0.064938379,50.32317432,16.4020805,7.548476148,2.460312075,362482610.4,206076071.3,412152.1426,350329.3212,61822.82138
2021-09-07T00:00:00+00:00,SpookySwap,25.35679029,346525896.2,113037485.2,346525896.2,11503009.02,0.033195236,68.81733627,22.44836163,10.32260044,3.367254245,328125418.3,264516720,529033.4399,449678.4239,79355.01599
2021-09-06T00:00:00+00:00,SpookySwap,21.98345442,300425888.1,96378916.64,300425888.1,6398091.979,0.02129674,72.79206655,23.35225023,10.91880998,3.502837534,362162013.7,122493337.5,244986.6751,208238.6738,36748.00126
2021-09-05T00:00:00+00:00,SpookySwap,19.48557756,266289902.9,85520588.65,266289902.9,10353603.27,0.038880946,71.53866868,22.97506962,10.7308003,3.446260442,211856558.4,85315632.57,170631.2651,145036.5754,25594.68977
2021-09-04T00:00:00+00:00,SpookySwap,20.29814848,277394497.2,87922200.3,277394497.2,4031577.19,0.014533732,80.54347121,25.5288381,12.08152068,3.829325715,206047050.4,95411979.82,190823.9596,162200.3657,28623.59394
2021-09-03T00:00:00+00:00,SpookySwap,16.61380849,227044306.9,74047086.85,227044306.9,5013065.676,0.02207968,72.09326566,23.5121346,10.81398985,3.526820191,197347135.5,84182654.4,168365.3088,143110.5125,25254.79632
2021-09-02T00:00:00+00:00,SpookySwap,14.87781541,203320225.4,66555658.55,203320225.4,7166097.754,0.035245376,70.61851223,23.1165472,10.59277683,3.46748208,208821520.1,53850326.82,107700.6536,91545.55559,16155.09804
2021-09-01T00:00:00+00:00,SpookySwap,12.10671127,165450316.3,53675650.89,165450316.3,6640213.725,0.040134186,61.14345153,19.83625437,9.17151773,2.975438155,174161450.1,86214717.53,172429.4351,146565.0198,25864.41526
2021-08-31T00:00:00+00:00,SpookySwap,16.95531091,231711278.9,73615279.13,231711278.9,23294427.58,0.100532126,95.64445699,30.38649406,14.34666855,4.557974109,173266779.8,95218034.32,190436.0686,161870.6583,28565.4103
2021-08-30T00:00:00+00:00,SpookySwap,11.52530646,157504838,50522224.73,157504838,3127950.389,0.019859392,74.9130899,24.02958544,11.23696349,3.604437816,185981562.3,184738976.1,369477.9522,314056.2594,55421.69283
2021-08-29T00:00:00+00:00,SpookySwap,10.09427918,137948419.3,44477384.63,137948419.3,1166231.208,0.008454111,93.98986378,30.30424955,14.09847957,4.545637432,135967990.1,23431740.62,46863.48123,39833.95905,7029.522185
2021-08-28T00:00:00+00:00,SpookySwap,9.128001655,124743270.6,40731475.48,124743270.6,968292.6448,0.007762284,88.4306497,28.87459037,13.26459746,4.331188555,136160205.7,13937579.54,27875.15908,23693.88522,4181.273863
2021-08-27T00:00:00+00:00,SpookySwap,8.23593172,112552242.9,36505088.1,112552242.9,2334484.333,0.02074134,81.57025634,26.45641986,12.23553845,3.968462979,129491642.9,14015830.53,28031.66105,23826.9119,4204.749158
2021-08-26T00:00:00+00:00,SpookySwap,8.73041575,119309861.6,38452960.06,119309861.6,2802719.988,0.023491101,88.02773487,28.37089011,13.20416023,4.255633516,116979905.1,21132350.3,42264.7006,35924.99551,6339.705089
2021-08-25T00:00:00+00:00,SpookySwap,8.664597604,118410390.9,38606833.74,118410390.9,2278440.798,0.019241899,89.67831372,29.23895212,13.45174706,4.385842817,123431717,22314690.32,44629.38064,37934.97355,6694.407096
2021-08-24T00:00:00+00:00,SpookySwap,10.07345533,137663840.5,44543791.78,137663840.5,2441068.017,0.017732093,109.7363779,35.5073224,16.46045668,5.32609836,120031569.3,21253939.02,42507.87805,36131.69634,6376.181707
2021-08-23T00:00:00+00:00,SpookySwap,9.122788323,124672025.2,40258430.8,124672025.2,2134104.219,0.017117747,104.7350276,33.820481,15.71025414,5.07307215,130250447.2,19936880.44,39873.76088,33892.69675,5981.064132
2021-08-22T00:00:00+00:00,SpookySwap,9.10066351,124369667.5,40266874.6,124369667.5,2102285.122,0.01690352,109.8353317,35.5611269,16.47529976,5.334169035,122301421.2,21442006.5,42884.01301,36451.41106,6432.601951
2021-08-21T00:00:00+00:00,SpookySwap,8.089164776,110546525.8,35677073.13,110546525.8,2169418.655,0.019624485,103.3264557,33.34691422,15.49896835,5.002037133,117692692.1,24516249.41,49032.49883,41677.624,7354.874824
2021-08-20T00:00:00+00:00,SpookySwap,7.375935204,100799530.5,32201398.77,100799530.5,1569011.818,0.015565666,100.236433,32.02151176,15.03546496,4.803226764,108760866.4,19133800.17,38267.60034,32527.46029,5740.140051
2021-08-19T00:00:00+00:00,SpookySwap,6.166777156,84275176.61,27359294.19,84275176.61,1052533.504,0.012489247,87.55517629,28.4241211,13.13327644,4.263618165,102268042.4,25389074.44,50778.14887,43161.42654,7616.722331
2021-08-18T00:00:00+00:00,SpookySwap,5.767303284,78815966.68,25677917.19,78815966.68,2082424.772,0.026421357,88.56149876,28.85297139,13.28422481,4.327945709,89771653.33,18999118.63,37998.23726,32298.50167,5699.73559
2021-08-17T00:00:00+00:00,SpookySwap,5.434817576,74272216.99,10466174.07,74272216.99,2395546.314,0.032253599,89.12515976,12.55919742,13.36877396,1.883879613,83354789.14,25804431.11,51608.86223,43867.53289,7741.329334
2021-08-16T00:00:00+00:00,SpookySwap,3.783507432,51705412.57,7096047.914,51705412.57,337220.4722,0.006521957,68.28308847,9.371167223,10.24246327,1.405675083,82753274.91,18877797.49,37755.59498,32092.25573,5663.339247
2021-08-15T00:00:00+00:00,SpookySwap,3.778250224,51633567.56,7080171.681,51633567.56,531005.8397,0.010284121,72.69880563,9.968709295,10.90482084,1.495306394,74757596.35,5854072.428,11708.14486,9951.923128,1756.221729
2021-08-14T00:00:00+00:00,SpookySwap,3.932972017,53747995.59,7370109.296,53747995.59,626096.1158,0.011648734,75.95737635,10.41553568,11.39360645,1.562330351,73081679.62,7326127.439,14652.25488,12454.41665,2197.838232
2021-08-13T00:00:00+00:00,SpookySwap,3.519645164,48099470.81,6584990.121,48099470.81,408657.3712,0.008496089,68.70561336,9.406044964,10.305842,1.410906745,74407866.54,9234112.914,18468.22583,15697.99195,2770.233874
2021-08-12T00:00:00+00:00,SpookySwap,3.620154266,49473028.2,6806919.903,49473028.2,860194.9706,0.01738715,72.23668791,9.938937771,10.83550319,1.490840666,64944648.22,8095644.917,16191.28983,13762.59636,2428.693475
2021-08-11T00:00:00+00:00,SpookySwap,3.196132313,43678344.19,5972416.623,43678344.19,519699.9965,0.011898345,64.65988294,8.841355296,9.698982441,1.326203294,68474018.03,9556283.808,19112.56762,16245.68247,2866.885142
2021-08-10T00:00:00+00:00,SpookySwap,2.844042869,38866689.85,5328191.672,38866689.85,377346.921,0.009708749,58.76120193,8.055508405,8.81418029,1.208326261,63928821.4,7405688.946,14811.37789,12589.67121,2221.706684
2021-08-09T00:00:00+00:00,SpookySwap,2.837767302,38780927.95,5377462.448,38780927.95,314152.8076,0.008100704,59.15062491,8.201976617,8.872593736,1.230296493,60900472.1,7755655.449,15511.3109,13184.61426,2326.696635
2021-08-08T00:00:00+00:00,SpookySwap,2.869380636,39212955.77,5377014.839,39212955.77,168726.1747,0.004302817,60.50533285,8.296698533,9.075799928,1.24450478,58976298.26,8204253.713,16408.50743,13947.23131,2461.276114
2021-08-07T00:00:00+00:00,SpookySwap,2.862373378,39117194.58,5358553.694,39117194.58,208429.9663,0.005328346,60.3037926,8.260845751,9.04556889,1.239126863,61933589.22,7382116.603,14764.23321,12549.59822,2214.634981
2021-08-06T00:00:00+00:00,SpookySwap,2.699578701,36892442.52,5056633.256,36892442.52,225324.9653,0.006107619,56.64151847,7.763524624,8.49622777,1.164528694,60230867.9,7876061.32,15752.12264,13389.30424,2362.818396
2021-08-05T00:00:00+00:00,SpookySwap,2.583355119,35304131.06,4864348.534,35304131.06,449135.155,0.012721887,54.34138369,7.487379583,8.151207554,1.123106937,55034571.05,6531283.268,13062.56654,11103.18156,1959.384981
2021-08-04T00:00:00+00:00,SpookySwap,2.565304053,35057445.19,4777092.826,35057445.19,427313.5921,0.012188954,54.2757925,7.395875472,8.141368876,1.109381321,52373955.22,11975019.16,23950.03832,20357.53257,3592.505747
2021-08-03T00:00:00+00:00,SpookySwap,2.997884473,40969089.2,5666278.27,40969089.2,152059.2645,0.003711561,65.60919451,9.074157136,9.841379176,1.36112357,51310279.57,7693697.5,15387.395,13079.28575,2308.10925
2021-08-02T00:00:00+00:00,SpookySwap,2.95319092,40358307.11,5550108.511,40358307.11,268746.435,0.006659012,65.88988857,9.061233178,9.883483285,1.359184977,54188773,4817068.693,9634.137386,8189.016778,1445.120608
2021-08-01T00:00:00+00:00,SpookySwap,3.10918059,42490061.94,5869318.794,42490061.94,211190.6635,0.004970354,69.50640132,9.601191643,10.4259602,1.440178746,53535082.7,6009574.503,12019.14901,10216.27665,1802.872351
2021-07-31T00:00:00+00:00,SpookySwap,3.121764688,42662036.22,5849964.568,42662036.22,300054.2454,0.007033285,69.95949516,9.593085659,10.49392427,1.438962849,55741079.05,4587436.583,9174.873165,7798.64219,1376.230975
2021-07-30T00:00:00+00:00,SpookySwap,3.200632683,43739846.25,5943790.248,43739846.25,481733.9178,0.011013617,71.39483948,9.701816239,10.70922592,1.455272436,54370615.96,5022138.808,10044.27762,8537.635974,1506.641642
2021-07-29T00:00:00+00:00,SpookySwap,3.021673692,41294192.68,5662401.174,41294192.68,486008.8764,0.011769424,66.75743689,9.154008459,10.01361553,1.373101269,54021986.32,7277553.226,14555.10645,12371.84048,2183.265968
2021-07-28T00:00:00+00:00,SpookySwap,2.716649501,37125732.08,5093870.372,37125732.08,564722.5698,0.015211082,60.42854349,8.29115414,9.064281523,1.243673121,50232671.74,5213917.019,10427.83404,8863.658932,1564.175106
2021-07-27T00:00:00+00:00,SpookySwap,2.686348175,36711634.16,5113553.017,36711634.16,521987.0031,0.014218572,60.0452801,8.363689882,9.006792015,1.254553482,48581208.8,7093080.009,14186.16002,12058.23602,2127.924003
2021-07-26T00:00:00+00:00,SpookySwap,2.440146745,33347045.42,4532472.253,33347045.42,299272.8727,0.008974494,54.99408759,7.47470047,8.249113138,1.12120507,46397962.24,11230400.47,22460.80094,19091.6808,3369.120141
2021-07-25T00:00:00+00:00,SpookySwap,2.422613415,33107434.93,4539804.904,33107434.93,185614.8269,0.005606439,55.77144248,7.647571267,8.365716372,1.14713569,44554924.69,3659617.651,7319.235302,6221.350007,1097.885295
2021-07-24T00:00:00+00:00,SpookySwap,2.364322247,32310827.83,4430571.409,32310827.83,133663.9265,0.004136815,53.75027023,7.370421203,8.062540534,1.10556318,43958362.8,3095753.259,6191.506517,5262.78054,928.7259776
2021-07-23T00:00:00+00:00,SpookySwap,2.342199962,32008504.68,4372767.917,32008504.68,152249.7178,0.00475654,51.47373338,7.031965164,7.721060006,1.054794775,43191889.09,3508827.487,7017.654974,5965.006728,1052.648246
2021-07-22T00:00:00+00:00,SpookySwap,2.269041421,31008720.06,4230709.276,31008720.06,317479.2059,0.010238385,46.32198529,6.319991683,6.948297794,0.947998752,41804903.43,3761497.234,7522.994468,6394.545298,1128.44917
2021-07-21T00:00:00+00:00,SpookySwap,1.963063405,26827224.5,3668903.367,26827224.5,295565.9105,0.011017387,38.05208229,5.20402,5.707812343,0.780603,40614793.65,6324315.558,12648.63112,10751.33645,1897.294667
2021-07-20T00:00:00+00:00,SpookySwap,2.12024484,28975265.98,3995233.839,28975265.98,197803.2289,0.006826623,40.68898114,5.610371081,6.10334717,0.841555662,37153742.44,6937698.066,13875.39613,11794.08671,2081.30942
2021-07-19T00:00:00+00:00,SpookySwap,2.48936306,34019635.57,4603500.948,34019635.57,144372.7023,0.004243805,47.11486499,6.375533482,7.067229748,0.956330022,39440823.98,4841184.365,9682.36873,8230.013421,1452.35531
2021-07-18T00:00:00+00:00,SpookySwap,2.586730301,35350256.29,4814719.959,35350256.29,186519.5794,0.005276329,47.4953925,6.468892683,7.124308875,0.970333902,43045954.84,2972515.66,5945.031321,5053.276623,891.7546981
2021-07-17T00:00:00+00:00,SpookySwap,2.53768764,34680039.28,4805271.724,34680039.28,236002.8818,0.00680515,44.7278239,6.197494349,6.709173586,0.929624152,43753830.23,4252774.598,8505.549197,7229.716817,1275.83238
2021-07-16T00:00:00+00:00,SpookySwap,2.959030449,40438110.12,5560545.34,40438110.12,184334.2577,0.004558429,51.27563556,7.050786883,7.691345335,1.057618032,43420081.04,5577015.572,11154.03114,9480.926472,1673.104672
2021-07-15T00:00:00+00:00,SpookySwap,3.105889711,42445088.79,5821947.583,42445088.79,237670.3332,0.005599478,52.92895866,7.259959439,7.939343799,1.088993916,46658447.3,5108872.965,10217.74593,8685.084041,1532.66189
2021-07-14T00:00:00+00:00,SpookySwap,3.306550905,45187324.67,6214951.378,45187324.67,359540.3445,0.007956664,55.13175109,7.582682863,8.269762663,1.137402429,49036463.13,5195290.536,10390.58107,8831.993912,1558.587161
2021-07-13T00:00:00+00:00,SpookySwap,3.353296407,45826148.7,6287713.04,45826148.7,225200.7807,0.004914242,55.26179767,7.582359324,8.289269651,1.137353899,49139193.91,4929027.791,9858.055583,8379.347245,1478.708337
2021-07-12T00:00:00+00:00,SpookySwap,3.522419474,48137384.53,6600763.087,48137384.53,314389.6416,0.006531091,57.49102583,7.883366426,8.623653874,1.182504964,49722760.72,5444420.637,10888.84127,9255.515082,1633.326191
2021-07-11T00:00:00+00:00,SpookySwap,3.312525243,45268969.97,6190514.706,45268969.97,465045.8229,0.010272949,53.65268335,7.336984373,8.047902502,1.100547656,51448267.97,5571690.053,11143.38011,9471.873089,1671.507016
2021-07-10T00:00:00+00:00,SpookySwap,3.706437555,50652175.63,6946137.638,50652175.63,330171.438,0.006518406,59.95550787,8.221941202,8.99332618,1.23329118,49986779.9,5762406.261,11524.81252,9796.090644,1728.721878
2021-07-09T00:00:00+00:00,SpookySwap,3.671055542,50168645.04,6867733.364,50168645.04,382877.5019,0.007631809,58.75335072,8.042918971,8.813002608,1.206437846,52243242.69,5621281.159,11242.56232,9556.17797,1686.384348
2021-07-08T00:00:00+00:00,SpookySwap,3.932616151,53743132.31,7392185.736,53743132.31,436035.3522,0.008113322,61.48213721,8.456659635,9.222320582,1.268498945,50737333.48,8367886.636,16735.77327,14225.40728,2510.365991
2021-07-07T00:00:00+00:00,SpookySwap,3.612349312,49366365.7,6786259.088,49366365.7,299747.6902,0.006071901,55.72654542,7.660575575,8.358981814,1.149086336,54605462.04,8136099.763,16272.19953,13831.3696,2440.829929
2021-07-06T00:00:00+00:00,SpookySwap,3.406646966,46555237.44,6400025.077,46555237.44,188874.2379,0.004056992,53.09576677,7.299162405,7.964365016,1.094874361,51811292.89,7406351.728,14812.70346,12590.79794,2221.905518
2021-07-05T00:00:00+00:00,SpookySwap,3.654483855,49942176.37,6855523.061,49942176.37,339314.6483,0.00679415,56.63876128,7.774757978,8.495814193,1.166213697,47068653.4,5466828.942,10933.65788,9293.609201,1640.048683
2021-07-04T00:00:00+00:00,SpookySwap,3.512815749,48006140.02,6595320.969,48006140.02,212214.2542,0.004420565,53.18244893,7.30646789,7.977367339,1.095970184,40315608.5,5896239.262,11792.47852,10023.60675,1768.871779
2021-07-03T00:00:00+00:00,SpookySwap,3.347491615,45746820.41,6312458.81,45746820.41,317390.3518,0.006937976,49.46363368,6.825330098,7.419545053,1.023799515,45578448.5,4316286.016,8632.572032,7337.686227,1294.885805
2021-07-02T00:00:00+00:00,SpookySwap,3.138985625,42897377.55,5880686.437,42897377.55,254902.1397,0.005942138,45.44844321,6.230405187,6.817266482,0.934560778,43804287.69,4477372.267,8954.744534,7611.532853,1343.21168
2021-07-01T00:00:00+00:00,SpookySwap,3.650353152,49885726.18,6828330.893,49885726.18,221263.5017,0.004435407,52.52186306,7.189163866,7.878279459,1.07837458,42503721.95,5584642.016,11169.28403,9493.891427,1675.392605
2021-06-30T00:00:00+00:00,SpookySwap,3.6735988,50203401.2,6899898.845,50203401.2,257877.3146,0.00513665,52.43648921,7.206811943,7.865473381,1.081021791,44377397.72,5390505.595,10781.01119,9163.859511,1617.151678
2021-06-29T00:00:00+00:00,SpookySwap,3.559480405,48643859.21,6643533.168,48643859.21,507441.3303,0.010431765,50.67936451,6.921532225,7.601904677,1.038229834,44021564.36,6699112.738,13398.22548,11388.49166,2009.733821
2021-06-28T00:00:00+00:00,SpookySwap,3.571241103,48804580.91,6688497.016,48804580.91,214674.3635,0.004398652,50.91604044,6.977865155,7.637406066,1.046679773,41849143.91,6089482.586,12178.96517,10352.1204,1826.844776
2021-06-27T00:00:00+00:00,SpookySwap,3.583759823,48975661.74,6704065.296,48975661.74,211339.6608,0.004315198,50.07806821,6.854968923,7.511710232,1.028245338,39226944.68,4371697.9,8743.395801,7431.886431,1311.50937
2021-06-26T00:00:00+00:00,SpookySwap,3.672771595,50192096.62,6874134.075,50192096.62,379193.1664,0.007554838,50.12731657,6.865262027,7.519097486,1.029789304,37594928.69,5670742.07,11341.48414,9640.261519,1701.222621
2021-06-25T00:00:00+00:00,SpookySwap,4.376744966,59812596.7,8137682.765,59812596.7,351664.5402,0.005879439,57.74034971,7.855747361,8.661052457,1.178362104,37527661.71,7621353.287,15242.70657,12956.30059,2286.405986
2021-06-24T00:00:00+00:00,SpookySwap,4.543518349,62091721.75,8438544.225,62091721.75,678280.8951,0.010923854,57.18316798,7.771449692,8.577475197,1.165717454,42744892.36,5783370.541,11566.74108,9831.72992,1735.011162
2021-06-23T00:00:00+00:00,SpookySwap,3.81054832,52074953.35,7140696.013,52074953.35,856988.9625,0.016456836,45.04906988,6.177282801,6.757360482,0.92659242,43179724.73,8959668.852,17919.3377,15231.43705,2687.900656
2021-06-22T00:00:00+00:00,SpookySwap,4.165026793,56919256.15,7811246.343,56919256.15,1022137.343,0.017957672,45.69461732,6.270846399,6.854192598,0.94062696,37099695.97,16977657.69,33955.31537,28862.01807,5093.297306
2021-06-21T00:00:00+00:00,SpookySwap,5.191531701,70947472.23,9728325.66,70947472.23,576642.9856,0.008127745,55.40360368,7.596948594,8.310540553,1.139542289,39088012.53,13839018.19,27678.03639,23526.33093,4151.705458
2021-06-20T00:00:00+00:00,SpookySwap,5.042625738,68912523.33,9560331.474,68912523.33,962429.1838,0.013965955,51.36615342,7.126098849,7.704923013,1.068914827,50206139.31,8335063.488,16670.12698,14169.60793,2500.519046
2021-06-19T00:00:00+00:00,SpookySwap,4.661917568,63709765.49,8622525.96,63709765.49,751838.9054,0.011800999,44.90894688,6.078009507,6.736342032,0.911701426,48492351.87,9752209.495,19504.41899,16578.75614,2925.662848
2021-06-18T00:00:00+00:00,SpookySwap,4.948027475,67619743.47,9289263.943,67619743.47,1105274.077,0.016345434,39.80698383,5.468485394,5.971047574,0.820272809,45485013.36,11134820.29,22269.64058,18929.19449,3340.446086
2021-06-17T00:00:00+00:00,SpookySwap,3.550912086,48526764.56,6587672.451,48526764.56,290997.7755,0.005996645,27.3801162,3.716943399,4.10701743,0.55754151,45267572.89,11768322.41,23536.64483,20006.1481,3530.496724
2021-06-16T00:00:00+00:00,SpookySwap,3.716435485,50788807.34,6954296.568,50788807.34,511087.483,0.010062994,27.63891783,3.784480114,4.145837674,0.567672017,41002877.6,8013721.309,16027.44262,13623.32622,2404.116393
2021-06-15T00:00:00+00:00,SpookySwap,3.700657647,50573187.41,6910114.294,50573187.41,626612.9512,0.012390221,26.36701573,3.602681612,3.95505236,0.540402242,43351250.1,9337732.728,18675.46546,15874.14564,2801.319818
2021-06-14T00:00:00+00:00,SpookySwap,3.776737648,51612896.69,7077337.221,51612896.69,255576.5375,0.004951796,26.20805907,3.593738849,3.931208861,0.539060827,43934376.55,10119463.07,20238.92614,17203.08722,3035.83892
2021-06-13T00:00:00+00:00,SpookySwap,3.341069821,45659060.17,6334475.091,45659060.17,357283.3203,0.007825026,22.21721051,3.082287854,3.332581577,0.462343178,40658970.36,7921917.551,15843.8351,13467.25984,2376.575265
2021-06-12T00:00:00+00:00,SpookySwap,3.523970975,48158587.35,6627216.459,48158587.35,435711.3645,0.009047428,22.33609103,3.073722014,3.350413654,0.461058302,35244619.39,7207202.889,14414.40578,12252.24491,2162.160867
2021-06-11T00:00:00+00:00,SpookySwap,4.13513742,56510787.98,7753664.672,56510787.98,418993.2515,0.007414394,25.12808745,3.447744597,3.769213117,0.517161689,37333401.38,7267175.001,14534.35,12354.1975,2180.1525
2021-06-10T00:00:00+00:00,SpookySwap,4.700191006,64232810.29,8805906.087,64232810.29,535497.7551,0.008336826,27.8098966,3.812558359,4.171484491,0.571883754,41039324.5,5879814.35,11759.6287,9995.684394,1763.944305
2021-06-09T00:00:00+00:00,SpookySwap,4.807465627,65698825.25,9001368.392,65698825.25,56223.0707,0.00085577,27.72084906,3.798021861,4.158127359,0.569703279,44191279.13,8326286.135,16652.57227,14154.68643,2497.88584
2021-06-08T00:00:00+00:00,SpookySwap,4.482063228,61251876.08,8483514.374,61251876.08,51466.37178,0.000840242,25.35079559,3.511138801,3.802619338,0.52667082,41541370.39,11351405.53,22702.81106,19297.3894,3405.421659
2021-06-07T00:00:00+00:00,SpookySwap,5.340626204,72984997.71,10063672.25,72984997.71,67589.58811,0.000926075,29.66060961,4.089808361,4.449091441,0.613471254,42423393.67,11692128.66,23384.25733,19876.61873,3507.638599
2021-06-06T00:00:00+00:00,SpookySwap,5.0770893,69383502.37,9496481.164,69383502.37,57027.76246,0.000821921,28.00980404,3.833686213,4.201470606,0.575052932,47015648.18,5573525.605,11147.05121,9474.993529,1672.057682
2021-06-05T00:00:00+00:00,SpookySwap,5.368524282,73366252.84,10079078.88,73366252.84,186988.2161,0.002548695,28.79724234,3.956174207,4.319586351,0.593426131,41980394.64,8807828.948,17615.6579,14973.30921,2642.348685
2021-06-04T00:00:00+00:00,SpookySwap,6.331888326,86531585.86,11862921.46,86531585.86,133298.2986,0.001540458,33.53660641,4.597652103,5.030490961,0.689647815,43831592.36,11384318.94,22768.63788,19353.3422,3415.295682
2021-06-03T00:00:00+00:00,SpookySwap,6.431513897,87893068.91,12043445.94,87893068.91,103477.2708,0.001177309,33.5551381,4.597853924,5.033270715,0.689678089,48415978.56,12178002.26,24356.00452,20702.60384,3653.400677
2021-06-02T00:00:00+00:00,SpookySwap,5.373098688,73428766.66,10053012.16,73428766.66,73986.60601,0.001007597,27.9768608,3.830266183,4.19652912,0.574539927,43216847.24,9698498.001,19396.996,16487.4466,2909.5494
2021-06-01T00:00:00+00:00,SpookySwap,5.91087301,80777990.56,11044193.79,80777990.56,72280.04202,0.000894799,30.70171615,4.197624878,4.605257423,0.629643732,38751659.86,6158945.532,12317.89106,10470.20741,1847.68366
2021-05-31T00:00:00+00:00,SpookySwap,5.262326885,71914959.21,9879084.417,71914959.21,36633.52112,0.000509401,27.02562491,3.712557621,4.053843736,0.556883643,39220793.32,7737571.229,15475.14246,13153.87109,2321.271369
2021-05-30T00:00:00+00:00,SpookySwap,5.017354184,68567162.28,9431566.385,68567162.28,83074.36048,0.001211576,25.46157149,3.502296053,3.819235724,0.525344408,34617968.34,6076227.576,12152.45515,10329.58688,1822.868273
2021-05-29T00:00:00+00:00,SpookySwap,5.447498574,74445515.51,10211992.85,74445515.51,110873.8003,0.001489328,27.55630124,3.780009439,4.133445186,0.567001416,33684399.88,6329644.814,12659.28963,10760.39618,1898.893444
2021-05-28T00:00:00+00:00,SpookySwap,6.655650199,90956115.62,12569432.23,90956115.62,149946.1514,0.001648555,33.20314682,4.588418281,4.980472023,0.688262742,35367141.63,11597483.02,23194.96604,19715.72114,3479.244907
2021-05-27T00:00:00+00:00,SpookySwap,7.30299871,99802780.38,13687092.61,99802780.38,115298.8525,0.001155267,36.55778698,5.013585937,5.483668047,0.752037891,41951188.85,10969762.88,21939.52576,18648.5969,3290.928865
2021-05-26T00:00:00+00:00,SpookySwap,6.687402273,91390039.47,12506593.25,91390039.47,318504.9887,0.003485117,33.522422,4.587494426,5.028363299,0.688124164,45249659.64,15465256.27,30930.51255,26290.93566,4639.576882
2021-05-25T00:00:00+00:00,SpookySwap,7.47713037,102182463.6,0,102182463.6,409181.2673,0.004004418,38.0165965,0,5.702489475,0,46024161.83,21762470.34,43524.94068,36996.19958,6528.741102
2021-05-24T00:00:00+00:00,SpookySwap,5.614627416,76729498.26,0,76729498.26,643205.3407,0.008382765,29.26285307,0,4.389427961,0,35627986.01,25635130.98,51270.26196,43579.72267,7690.539294
2021-05-23T00:00:00+00:00,SpookySwap,6.894036717,94213905.78,0,94213905.78,388000.8194,0.004118297,36.91371703,0,5.537057554,0,48503331.74,34349655.27,68699.31055,58394.41397,10304.89658
2021-05-22T00:00:00+00:00,SpookySwap,8.534451504,116631814.3,0,116631814.3,760098.3428,0.006517076,47.90172531,0,7.185258796,0,17037466.01,26861514.43,53723.02885,45664.57453,8058.454328
2021-05-21T00:00:00+00:00,SpookySwap,12.3950814,169391182.4,0,169391182.4,1668252.643,0.009848521,72.31915911,0,10.84787387,0,72105194.5,31118901.57,62237.80315,52902.13268,9335.670472
2021-05-20T00:00:00+00:00,SpookySwap,10.66553005,145755133.7,0,145755133.7,2161665.466,0.014830802,65.23276495,0,9.784914743,0,73625415.56,30148036.69,60296.07338,51251.66237,9044.411007
2021-05-19T00:00:00+00:00,SpookySwap,16.34257905,223337685.2,0,223337685.2,2000859.486,0.008958898,104.872318,0,15.73084771,0,67699215.42,89035035.8,178070.0716,151359.5609,26710.51074
2021-05-18T00:00:00+00:00,SpookySwap,12.81608294,175144589.5,0,175144589.5,2870194.455,0.016387571,96.4159052,0,14.46238578,0,103743042.5,31984232.94,63968.46588,54373.196,9595.269882
2021-05-17T00:00:00+00:00,SpookySwap,14.22972204,194463381.4,0,194463381.4,1818220.896,0.00934994,114.1287884,0,17.11931826,0,89032379.75,30240105.25,60480.21049,51408.17892,9072.031574
2021-05-16T00:00:00+00:00,SpookySwap,14.20053128,194064460.5,0,194064460.5,1415407.91,0.007293494,117.5924252,0,17.63886378,0,93493243.97,30793594.08,61587.18816,52349.10993,9238.078224
2021-05-15T00:00:00+00:00,SpookySwap,17.45460183,238534588.7,0,238534588.7,73307.64029,0.000307325,149.9322356,0,22.48983535,0,90630852.62,23862341.25,47724.68251,40565.98013,7158.702376
2021-05-14T00:00:00+00:00,SpookySwap,14.2233343,194376086.6,0,194376086.6,1068589.26,0.005497535,125.0449154,0,18.75673731,0,92826182.31,34401118.32,68802.23664,58481.90114,10320.3355
2021-05-13T00:00:00+00:00,SpookySwap,14.2233343,194376086.6,0,194376086.6,1068589.26,0.005497535,132.0035308,0,19.80052962,0,58511705.06,36506248.57,73012.49713,62060.62256,10951.87457
2021-05-12T00:00:00+00:00,SpookySwap,24.165549,330246392.6,0,330246392.6,1475221.025,0.004467031,240.1103699,0,36.01655549,0,20636018.09,33485240.78,66970.48156,56924.90933,10045.57223
2021-05-11T00:00:00+00:00,SpookySwap,24.165549,330246392.6,0,330246392.6,1475221.025,0.004467031,257.2524229,0,38.58786343,0,60297397.08,24480318.82,48960.63765,41616.542,7344.095647
2021-05-10T00:00:00+00:00,SpookySwap,24.165549,330246392.6,0,330246392.6,1475221.025,0.004467031,269.4695689,0,40.42043534,0,68169678.69,22952291.25,45904.5825,39018.89512,6885.687374
2021-05-09T00:00:00+00:00,SpookySwap,24.165549,330246392.6,0,330246392.6,1475221.025,0.004467031,282.3695057,0,42.35542585,0,7217222.419,21393522.17,42787.04434,36368.98769,6418.056652
2021-05-08T00:00:00+00:00,SpookySwap,22.44720554,306763510.9,0,306763510.9,713413.9801,0.002325616,274.82003,0,41.22300451,0,80600798.24,23949327.28,47898.65455,40713.85637,7184.798183
2021-05-07T00:00:00+00:00,SpookySwap,22.07108735,301623479.7,0,301623479.7,9890925.047,0.032792291,288.7704366,0,43.31556548,0,57412829.2,16347513.84,32695.02768,27790.77353,4904.254152
2021-05-06T00:00:00+00:00,SpookySwap,20.33466481,277893529.3,0,277893529.3,3296016.265,0.011860716,275.8981257,0,41.38471885,0,47209087.23,25551794.24,51103.58848,43438.05021,7665.538272
2021-05-05T00:00:00+00:00,SpookySwap,15.58511808,212986223.7,0,212986223.7,7041650.355,0.03306153,233.2854142,0,34.99281213,0,35775555.03,18017139.27,36034.27853,30629.13675,5405.14178
2021-05-04T00:00:00+00:00,SpookySwap,15.58511808,212986223.7,0,212986223.7,7041650.355,0.03306153,249.3683831,0,37.40525747,0,47280881.97,22467742.92,44935.48585,38195.16297,6740.322877
2021-05-03T00:00:00+00:00,SpookySwap,,,,,,,,,,,42290198.31,13667838.86,27335.67773,23235.32607,4100.351659
2021-05-02T00:00:00+00:00,SpookySwap,,,,,,,,,,,41965200.1,11519679.62,23039.35924,19583.45536,3455.903886
2021-05-01T00:00:00+00:00,SpookySwap,,,,,,,,,,,30027565.46,14633330.02,29266.66004,24876.66103,4389.999006
2021-04-30T00:00:00+00:00,SpookySwap,,,,,,,,,,,2482205.409,16789879.02,33579.75803,28542.79433,5036.963705
2021-04-29T00:00:00+00:00,SpookySwap,,,,,,,,,,,2840553.858,8514338.986,17028.67797,14474.37628,2554.301696
2021-04-28T00:00:00+00:00,SpookySwap,,,,,,,,,,,2448471.312,17032068.77,34064.13755,28954.51692,5109.620632
2021-04-27T00:00:00+00:00,SpookySwap,,,,,,,,,,,2448471.312,8941451.53,17882.90306,15200.4676,2682.435459
2021-04-26T00:00:00+00:00,SpookySwap,,,,,,,,,,,2649068.375,9904035.002,19808.07,16836.8595,2971.210501
2021-04-25T00:00:00+00:00,SpookySwap,,,,,,,,,,,2652063.083,4594621.965,9189.243929,7810.85734,1378.386589
2021-04-24T00:00:00+00:00,SpookySwap,,,,,,,,,,,3231734.804,3145547.678,6291.095356,5347.431052,943.6643034
2021-04-23T00:00:00+00:00,SpookySwap,,,,,,,,,,,2851193.028,5873012.157,11746.02431,9984.120667,1761.903647
2021-04-22T00:00:00+00:00,SpookySwap,,,,,,,,,,,2902380.111,1096385.094,2192.770188,1863.85466,328.9155282
2021-04-21T00:00:00+00:00,SpookySwap,,,,,,,,,,,1371453.693,662434.4411,1324.868882,1126.13855,198.7303323
2021-04-20T00:00:00+00:00,SpookySwap,,,,,,,,,,,1371453.693,575486.0484,1150.972097,978.3262823,172.6458145
2021-04-19T00:00:00+00:00,SpookySwap,,,,,,,,,,,1275251.366,487091.1246,974.1822491,828.0549118,146.1273374
2021-04-18T00:00:00+00:00,SpookySwap,,,,,,,,,,,53423.36033,405510.9317,811.0218634,689.3685839,121.6532795
2021-04-17T00:00:00+00:00,SpookySwap,,,,,,,,,,,,89999.12638,179.9982528,152.9985149,26.99973791
