,blockNumber,timeStamp,hash,nonce,blockHash,from,contractAddress,to,value,tokenName,tokenSymbol,tokenDecimal,transactionIndex,gas,gasPrice,gasUsed,cumulativeGasUsed,input,confirmations
0,10781763,2020-09-02 12:23:52,0x9e9f0052c71fedc4b002b44dd4c257a317f7d1d2ca5d4b9626f630f309a13265,0,0xe6d79e05ed9d68ad4e52b4f71ced5f38d1ccb82c5a0e9976c8e43eedfa0c88d7,0xc4da39e646e7f5d233b89ca0f7b75344e7ddb2cc,0x1e18821e69b9faa8e6e75dffe54e7e25754beda0,0x165240d3f5a49ec60f7454672ee9f73aa6b735d1,9.672015713160487e+19,KIMCHI.finance,KIMCHI,18,222,164868,550000000000,112297,10223303,deprecated,4402415
1,10781901,2020-09-02 12:52:59,0x9c6e1bf0a0d07041c4180b51f86d2b454c9f2a524eaa203dec709afa74fa9e09,5,0x0843c9defe0ba782b740a8a501b8a5a917603c40785456e41d68973279c5128f,0x165240d3f5a49ec60f7454672ee9f73aa6b735d1,0x1e18821e69b9faa8e6e75dffe54e7e25754beda0,0xc4da39e646e7f5d233b89ca0f7b75344e7ddb2cc,8.56598038439223e+19,KIMCHI.finance,KIMCHI,18,226,187192,506100000000,137175,12310179,deprecated,4402277
2,10781901,2020-09-02 12:52:59,0x9c6e1bf0a0d07041c4180b51f86d2b454c9f2a524eaa203dec709afa74fa9e09,5,0x0843c9defe0ba782b740a8a501b8a5a917603c40785456e41d68973279c5128f,0x0000000000000000000000000000000000000000,0xc4da39e646e7f5d233b89ca0f7b75344e7ddb2cc,0x165240d3f5a49ec60f7454672ee9f73aa6b735d1,8.490641968874865e+18,Uniswap V2,UNI-V2,18,226,187192,506100000000,137175,12310179,deprecated,4402277
3,10781933,2020-09-02 12:58:30,0xe5c2e765b710b7c32dd36d2a3e6d04ee6b4044338c8a0cd1736924e0b6e91c0a,7,0x1f25a6ef3558e02fa1d9aaf900a4b0b450bd551c373b2a3d4f8157f6ee2a33de,0x165240d3f5a49ec60f7454672ee9f73aa6b735d1,0xc4da39e646e7f5d233b89ca0f7b75344e7ddb2cc,0x9dd5b5c71842a4fd51533532e5470298bfa398fd,8.490641968873865e+18,Uniswap V2,UNI-V2,18,134,145821,500000000000,94243,7965950,deprecated,4402245
4,10787044,2020-09-03 07:43:26,0x683373a071c54499ee64023ad8f0d27a208e7476db33c15592d54e68157502f4,9,0xd9f43767d652ac2a6f5a2691d232ed5edfc8cebbc1d97ef89a413a935a234177,0x9dd5b5c71842a4fd51533532e5470298bfa398fd,0x1e18821e69b9faa8e6e75dffe54e7e25754beda0,0x165240d3f5a49ec60f7454672ee9f73aa6b735d1,8.99949133434906e+19,KIMCHI.finance,KIMCHI,18,75,118331,432500001459,118331,3560734,deprecated,4397134
5,10787044,2020-09-03 07:43:26,0x683373a071c54499ee64023ad8f0d27a208e7476db33c15592d54e68157502f4,9,0xd9f43767d652ac2a6f5a2691d232ed5edfc8cebbc1d97ef89a413a935a234177,0x165240d3f5a49ec60f7454672ee9f73aa6b735d1,0xc4da39e646e7f5d233b89ca0f7b75344e7ddb2cc,0x9dd5b5c71842a4fd51533532e5470298bfa398fd,0.0,Uniswap V2,UNI-V2,18,75,118331,432500001459,118331,3560734,deprecated,4397134
6,10787117,2020-09-03 08:00:20,0xa574582b5ec445e83131e79df17dcef82d5a4dd546e306d03fef6e71ae33cd98,10,0xd87a78cd4b4f7c3ffa8a7454c3e2810454026190f084e5519cdb247d5af61689,0x165240d3f5a49ec60f7454672ee9f73aa6b735d1,0x1e18821e69b9faa8e6e75dffe54e7e25754beda0,0x5f403a1481bf9256ef78985f1d4bd0df11c15051,1.0105526663117318e+20,KIMCHI.finance,KIMCHI,18,269,51191,442000000000,36191,11122331,deprecated,4397061
7,10798909,2020-09-05 03:15:36,0xbec435eba071274909864646de9499ccc69041cce93de789468c0a5a461763f5,11,0x3b65981e00d3aa78ed033ff11dc8e949fc5c8113e15f2b8713370ab548a4fa9d,0x9dd5b5c71842a4fd51533532e5470298bfa398fd,0x1e18821e69b9faa8e6e75dffe54e7e25754beda0,0x165240d3f5a49ec60f7454672ee9f73aa6b735d1,2.7740916201422868e+20,KIMCHI.finance,KIMCHI,18,71,133331,144000000000,133331,5261229,deprecated,4385269
8,10798909,2020-09-05 03:15:36,0xbec435eba071274909864646de9499ccc69041cce93de789468c0a5a461763f5,11,0x3b65981e00d3aa78ed033ff11dc8e949fc5c8113e15f2b8713370ab548a4fa9d,0x165240d3f5a49ec60f7454672ee9f73aa6b735d1,0xc4da39e646e7f5d233b89ca0f7b75344e7ddb2cc,0x9dd5b5c71842a4fd51533532e5470298bfa398fd,0.0,Uniswap V2,UNI-V2,18,71,133331,144000000000,133331,5261229,deprecated,4385269
9,10800386,2020-09-05 08:48:14,0xce5972834b0986fca6a706c3912797590477684766873739bf47fee51dab819c,12,0x5327978eeb6d060b0d3ca25afc2e83376e20a02102298a65522164e634378ce2,0x9dd5b5c71842a4fd51533532e5470298bfa398fd,0x1e18821e69b9faa8e6e75dffe54e7e25754beda0,0x165240d3f5a49ec60f7454672ee9f73aa6b735d1,5.461026687032314e+19,KIMCHI.finance,KIMCHI,18,132,192052,217000000000,128035,10220617,deprecated,4383792
10,10800386,2020-09-05 08:48:14,0xce5972834b0986fca6a706c3912797590477684766873739bf47fee51dab819c,12,0x5327978eeb6d060b0d3ca25afc2e83376e20a02102298a65522164e634378ce2,0x9dd5b5c71842a4fd51533532e5470298bfa398fd,0xc4da39e646e7f5d233b89ca0f7b75344e7ddb2cc,0x165240d3f5a49ec60f7454672ee9f73aa6b735d1,8.490641968872865e+18,Uniswap V2,UNI-V2,18,132,192052,217000000000,128035,10220617,deprecated,4383792
11,10800506,2020-09-05 09:16:46,0xdd1812e9f683e1d7402bacddce82b42cbf87ac34bf5437cd5b641034cf750e59,14,0x3870ca3d5dd79dea1a83becc3aff215e855f86f6a39667e354c1383e3d04077b,0x165240d3f5a49ec60f7454672ee9f73aa6b735d1,0xc4da39e646e7f5d233b89ca0f7b75344e7ddb2cc,0xc4da39e646e7f5d233b89ca0f7b75344e7ddb2cc,8.490641968873864e+18,Uniswap V2,UNI-V2,18,133,223408,255000000000,136200,8019257,deprecated,4383672
12,10800506,2020-09-05 09:16:46,0xdd1812e9f683e1d7402bacddce82b42cbf87ac34bf5437cd5b641034cf750e59,14,0x3870ca3d5dd79dea1a83becc3aff215e855f86f6a39667e354c1383e3d04077b,0x7a250d5630b4cf539739df2c5dacb4c659f2488d,0x1e18821e69b9faa8e6e75dffe54e7e25754beda0,0x165240d3f5a49ec60f7454672ee9f73aa6b735d1,4.657044543717305e+20,KIMCHI.finance,KIMCHI,18,133,223408,255000000000,136200,8019257,deprecated,4383672
13,10931763,2020-09-25 12:15:59,0x34828e5a8aec757bc01b793dc4b945267176cbc48c6ba6e2f892c171c3d61010,1156193,0x8695db1db7dc72715cc82995160218b48e7571c260ecc944f335f3fe57751815,0xadb2b42f6bd96f5c65920b9ac88619dce4166f94,0xdac17f958d2ee523a2206206994597c13d831ec7,0x165240d3f5a49ec60f7454672ee9f73aa6b735d1,100000000.0,Tether USD,USDT,6,69,100000,120000000000,56197,6272004,deprecated,4252415
14,10931794,2020-09-25 12:23:25,0xb2c8efb1ad471f2a3c6aa9bb803a23a792b95253a83d2e4043a1d5030b0bb423,17,0x5b382f58d4143b8015b0a38ea74be3cd0921c557246ea5d601c90c43f583f25b,0x165240d3f5a49ec60f7454672ee9f73aa6b735d1,0xdac17f958d2ee523a2206206994597c13d831ec7,0x69899ca74605e7c759541d3d5ef625491e21821b,100000000.0,Tether USD,USDT,6,116,41197,85000000000,26197,10846841,deprecated,4252384
15,10945029,2020-09-27 14:00:32,0x52c735f7f4b735b97b957844fd5f7baa8c2803de7df17209b3d5d1123f2b45e6,18,0x376d939a0105380e8b853e20b2a6ca8f36e5149c4637b2184659d11f4b8e117c,0x0000000000000000000000000000000000000000,0x9dfc4b433d359024eb3e810d77d60fbe8b0d9b82,0x165240d3f5a49ec60f7454672ee9f73aa6b735d1,5e+16,dandy.dego,DANDY,18,97,428986,70180000000,423822,9810407,deprecated,4239149
16,10945169,2020-09-27 14:31:19,0x2cbc05e26c8613b2716ce7062ce9b9fa447bc997a8a947e08c53fa4b82f093f8,20,0x1d7c78b0318a6f2e5d3dfa53bbcf021de395b4c1312b33b6e847db970723af50,0x87539e07129891fc4e20bb76db5a7063c3bd8400,0x4187e8caaf4d5aa19cda5add4b21015f8842d217,0x165240d3f5a49ec60f7454672ee9f73aa6b735d1,1.860398593164583e+19,BTCK,BTCK,18,84,171689,75000000000,130417,6667767,deprecated,4239009
17,10955091,2020-09-29 03:53:09,0xac7e64452ef1d850f0d79ad1d9a32f91f4e13ae35f3d2fef9598b47c8913cbd5,42,0x20f6153197db438d4ef1bd1e361016d7f025d4aa411fbf97d304dcdb21c83315,0x165240d3f5a49ec60f7454672ee9f73aa6b735d1,0x9dfc4b433d359024eb3e810d77d60fbe8b0d9b82,0xfacf384abb8b4de1ec7520e818c02fbd0e445a57,5e+16,dandy.dego,DANDY,18,57,36147,102000000000,21147,3308998,deprecated,4229087
18,11060064,2020-10-15 11:26:35,0x293dee8366f46967ef383e4002d8d69f6686ce73867bcf19356916ba59442d91,44,0x1f1755d5b1a892de3734c09f5471230d088446934ef757476f94ab748a06b514,0x10648c7f8b1ccee1ee90102579147ff8aac92815,0x32b4a68008701e724914d29e58c2db7e3e30e631,0x165240d3f5a49ec60f7454672ee9f73aa6b735d1,2e+20,POK Token,POK,18,157,500000,63600000000,334327,8124552,deprecated,4124114
19,11189046,2020-11-04 06:21:12,0xf2866807d0a841bd6f9b671522278ad2d68d3930d3d42cce8d01e7a2c2c2fec6,45,0xea8cde47cef5c1b397def00d2a40bc6580d9c21df10b8ef5ddb4c219ce9649ce,0x165240d3f5a49ec60f7454672ee9f73aa6b735d1,0x32b4a68008701e724914d29e58c2db7e3e30e631,0xf7f419aa5b135aaa1c2b1e0fc7f45d51e8c37841,2e+20,POK Token,POK,18,122,57736,16800000000,23491,5614125,deprecated,3995132
20,11404938,2020-12-07 09:41:18,0x19d2aa0b24acb84e4465f595ab313d97e356c6fd20dd2c733ba0af7f8f63d216,11,0x695b8e8ec509389e54b4d8c6ea0543e9f1a6e83aa94437e43b85cecef484d55f,0xe6146e85b62f866b68be4b8351ed6191806657ba,0xc8b543d8b2fadec03216322310370e5a4fa5c41f,0x165240d3f5a49ec60f7454672ee9f73aa6b735d1,5.2e+23,MAOZEDONG,MZD,18,168,52227,40500000000,52227,7723649,deprecated,3779240
21,11405137,2020-12-07 10:33:05,0x53d962484cc5005ceb1b3c43c065d6ec7d5c67385f1db8f46bb291a85ee606f8,12,0x3c6cc51e9217c48bc7dffed18bc936c58f5f8a3fc5998931b0bbbef9efa694b2,0xe6146e85b62f866b68be4b8351ed6191806657ba,0xc8b543d8b2fadec03216322310370e5a4fa5c41f,0x165240d3f5a49ec60f7454672ee9f73aa6b735d1,2.48e+23,MAOZEDONG,MZD,18,132,37227,48200000000,37227,8473456,deprecated,3779041
22,11406790,2020-12-07 16:36:35,0x7430a511eb447a847808def61c293f0bca5d979c3a1cd3f4d4fc311e13e88713,13,0x490eb71f2483a120095d2f21036ee73cf4026b3c4f0c6fc6b5d6b62855d44db7,0xe6146e85b62f866b68be4b8351ed6191806657ba,0xc8b543d8b2fadec03216322310370e5a4fa5c41f,0x165240d3f5a49ec60f7454672ee9f73aa6b735d1,5.23e+23,MAOZEDONG,MZD,18,140,37239,16950000000,37239,10516232,deprecated,3777388
23,11481543,2020-12-19 04:39:35,0x7bc91e3e003149e61d71af8bbf0a71cced5521872227e584cd982b6ba4a86db5,53,0xf477f2034ab7d39926b302587f58e3b2c42d61a158313ff9543471a8ea46116b,0x165240d3f5a49ec60f7454672ee9f73aa6b735d1,0xc8b543d8b2fadec03216322310370e5a4fa5c41f,0xe6146e85b62f866b68be4b8351ed6191806657ba,5.2e+23,MAOZEDONG,MZD,18,101,37227,34500001459,37227,11343580,deprecated,3702635
24,11977518,2021-03-05 09:36:43,0x98c8b284133f3ccd7ba5b757b076219f3476641872d8bbe74202fbe0e9a5b81f,56,0xf4abd295ef547ad6ada745be3e1e5febfdecd9d4cb0cc67226eaa4b661195a20,0xf45ba58c415ed6c77cfc157f42f300f9fd980985,0x4c6ec08cf3fc987c6c4beb03184d335a2dfc4042,0x165240d3f5a49ec60f7454672ee9f73aa6b735d1,1.93537e+23,Paint,PAINT,18,220,113659,103000001459,75773,12198013,deprecated,3206660
25,11977524,2021-03-05 09:39:46,0xaafe88b814be2a6d3d53eb87fb1425e78f06d4851ccbc76e918e8c630033a649,57,0x36313daeb2cd09b92015a88edfbe535274ef4be230290740693ce4ace25b114a,0x165240d3f5a49ec60f7454672ee9f73aa6b735d1,0x4c6ec08cf3fc987c6c4beb03184d335a2dfc4042,0x991ab31265a96f969ffa276905bbe55928857ea1,1.93537e+23,Paint,PAINT,18,118,54178,119000000000,21119,10737578,deprecated,3206654
26,12028172,2021-03-13 05:04:17,0xcbc110fbee11b2c8d26b9703cd51ee1ef7ca4d6661774ede849e43734bc05332,59,0x9d04a5f45fd62ecc1528a2fee0040c0f92d2f6607ad11922ae83c4c5e8d43aad,0x165240d3f5a49ec60f7454672ee9f73aa6b735d1,0xc8b543d8b2fadec03216322310370e5a4fa5c41f,0x8c0749c5fae8e965942c78e4adc6a3973c9ad2f6,7.71e+23,MAOZEDONG,MZD,18,203,52239,134000000000,37239,10649168,deprecated,3156006
27,12727601,2021-06-29 07:16:35,0x2e8b181f2f3b3996b73c2acdd9ea21c0848af2cbb1896e89ed32282b6c1c9383,13,0x15f32dc8e8416942ace9847e30f0e8789b5093b7b76484d7af5a59cc50bca3f3,0xd152f549545093347a162dce210e7293f1452150,0x66e7ce35578a37209d01f99f3d2ff271f981f581,0x165240d3f5a49ec60f7454672ee9f73aa6b735d1,1.1136957170556e+19,PACT community token,PACT,18,47,9390792,10000000000,9370666,14060662,deprecated,2456577
