Date,Trade Amount (USD),Median Trade (USD),Average Trade (USD),Number of Trades
2022-05-24,574464544.3,596.6839409,11182.44461,51372
2022-05-23,1419006592,648.720204,14487.19836,97949
2022-05-22,831283200.9,499.6497439,10976.93386,75730
2022-05-21,731171297.6,490.6902771,10165.03959,71930
2022-05-20,1459703200,588.0453735,16915.0737,86296
2022-05-19,1881823985,779.9156738,18758.02659,100321
2022-05-18,1572550238,921.4714329,17495.13532,89885
2022-05-17,1368944662,866.6276846,16705.24439,81947
2022-05-16,2159642028,850.3188216,22337.58122,96682
2022-05-15,1238950127,702.1149154,12038.81071,102913
2022-05-14,1568698865,644.4722136,13323.41485,117740
2022-05-13,2670802955,1554.030309,24920.71581,107172
2022-05-12,5751369619,4948.749446,52938.24378,108643
2022-05-11,5414047856,4374.707031,45529.10386,118914
2022-05-10,3293532895,2721.369546,31107.1611,105877
2022-05-09,3817105895,2986.706103,36600.17925,104292
2022-05-08,2170664106,1170.53595,26203.72421,82838
2022-05-07,1240104929,930.1165868,18071.00911,68624
2022-05-06,2339527204,1208.987073,29752.48565,78633
2022-05-05,2118109703,1470.029541,25900.4109,81779
2022-05-04,1882021718,1307.409493,21610.07829,87090
2022-05-03,1566601897,1098.417677,21634.26315,72413
2022-05-02,1662089163,1518.888263,22744.97657,73075
2022-05-01,1807065088,2644.378624,23727.22017,76160
2022-04-30,2192116343,2007.13284,18536.57094,118259
2022-04-29,2022881627,1684.82101,16865.35794,119943
2022-04-28,1943429631,1321.662842,18440.01092,105392
2022-04-27,1368305812,1002.999888,14620.68248,93587
2022-04-26,1660239461,1105.367939,16907.74855,98194
2022-04-25,1726480121,1197.458374,16596.62124,104026
2022-04-24,839302956.5,766.5387224,9935.989352,84471
2022-04-23,824324503.8,812.0086332,8773.983287,93951
2022-04-22,1341009123,1067.190697,14746.08668,90940
2022-04-21,1871728089,1754.268104,18091.84578,103457
2022-04-20,1805187776,1445.726262,18005.96256,100255
2022-04-19,1416038616,1010.68043,13792.67349,102666
2022-04-18,1656444870,974.4041509,15310.80036,108188
2022-04-17,1377026902,814.2492633,12671.87122,108668
2022-04-16,655456853.4,572.627797,7528.535123,87063
2022-04-15,1129329628,905.5129284,13391.63093,84331
2022-04-14,1608438506,1015.361002,15230.41565,105607
2022-04-13,1755458387,998.1011521,18443.9512,95178
2022-04-12,2174061110,1107.916672,21902.47036,99261
2022-04-11,2920023773,1440.967761,25869.3059,112876
2022-04-10,1042386101,856.2373578,11740.96214,88782
2022-04-09,1119319827,846.5482048,12868.70347,86980
2022-04-08,2119748861,1517.923587,23458.15058,90363
2022-04-07,1848494139,1335.69245,20140.05076,91782
2022-04-06,2705330753,1479.502486,23933.99055,113033
2022-04-05,1785510787,1154.804115,16940.33005,105400
2022-04-04,2006162353,1379.698353,16206.8292,123785
2022-04-03,1538622038,1150.791453,13359.68913,115169
2022-04-02,1989805037,1325.84456,16143.93884,123254
2022-04-01,2013888193,1682.264756,17203.4562,117063
2022-03-31,1915983696,1369.400684,16828.27892,113855
2022-03-30,1820844196,1180.968307,15436.1156,117960
2022-03-29,2086818757,1265.075448,16110.94711,129528
2022-03-28,2073866250,1519.964832,15919.50879,130272
2022-03-27,1345887128,994.724441,13296.65213,101220
2022-03-26,1000668517,909.2446513,11521.00623,86856
2022-03-25,1895537418,1211.403522,18413.64475,102942
2022-03-24,2114574058,1269.923497,20798.40718,101670
2022-03-23,1496409404,1021.841329,15405.14329,97137
2022-03-22,1749720109,1057.30196,16905.0183,103503
2022-03-21,1432155079,956.0259196,14432.97334,99228
2022-03-20,1377749283,896.5507808,13963.628,98667
2022-03-19,1392748349,1001.622319,13366.107,104200
2022-03-18,2265867640,1678.743778,19192.6718,118059
2022-03-17,1803943019,1176.36811,16068.47148,112266
2022-03-16,2043284976,958.5178109,20846.65588,98015
2022-03-15,1348994297,794.9977004,12962.62345,104068
2022-03-14,1297690633,689.2197547,13057.7337,99381
2022-03-13,1141236554,631.5098589,11945.36785,95538
2022-03-12,816809229,516.3545898,9370.517036,87168
2022-03-11,1524122986,786.5757342,15625.29973,97542
2022-03-10,1519822868,767.6823845,15992.41185,95034
2022-03-09,1648902499,946.5933144,15615.79001,105592
2022-03-08,1805202286,770.6145418,17783.31694,101511
2022-03-07,1773674372,1112.626475,18193.58463,97489
2022-03-06,1193525461,800.62211,13702.3037,87104
2022-03-05,997749175.9,702.7869764,10556.5167,94515
2022-03-04,2105899468,1083.876969,21479.34547,98043
2022-03-03,1531624717,993.9106718,15397.70101,99471
2022-03-02,2255088000,1124.163362,23153.09193,97399
2022-03-01,2223466773,1590.009568,24455.19987,90920
2022-02-28,2205648515,1602.913617,29059.92773,75900
2022-02-27,2121045484,1268.330292,26237.24947,80841
2022-02-26,1397502396,993.8754491,19381.22203,72106
2022-02-25,2383409315,1482.281241,31079.7047,76687
2022-02-24,3888958207,2601.867665,32497.35278,119670
2022-02-23,1654476192,1034.682502,20495.72231,80723
2022-02-22,1947644831,1420.966027,22532.53619,86437
2022-02-21,2538831102,2075.523027,32331.08909,78526
2022-02-20,1831206188,1569.481641,20602.20274,88884
2022-02-19,1131917778,1130.130352,13547.14051,83554
2022-02-18,1866131211,1498.824894,19297.55241,96703
2022-02-17,2281215516,1649.019945,22227.57006,102630
2022-02-16,1898925812,1418.646985,18971.04592,100096
2022-02-15,1866158471,1538.193359,19671.52058,94866
2022-02-14,1738601023,1445.616683,18389.91573,94541
2022-02-13,1111798967,990.6909222,12756.71761,87154
2022-02-12,1658536439,1131.460895,16591.83521,99961
2022-02-11,2538591347,1392.297062,23396.93964,108501
2022-02-10,2498584344,1966.880529,26121.88418,95651
2022-02-09,1733254029,1354.610395,16152.44282,107306
2022-02-08,1878258322,1605.195454,19125.30875,98208
2022-02-07,1865221439,2080.823876,21064.52364,88548
2022-02-06,1367040555,1201.93877,15909.50999,85926
2022-02-05,1689543682,1485.452759,20955.84047,80624
2022-02-04,1911641981,1701.411655,21413.9192,89271
2022-02-03,1677028590,1702.338345,22644.79989,74058
2022-02-02,1836063261,1996.784305,23238.65966,79009
2022-02-01,1931886803,2046.890962,26738.54761,72251
2022-01-31,1675312551,2218.481108,25183.20257,66525
2022-01-30,1317320173,1720.818642,20533.39838,64155
2022-01-29,1641273051,1677.876989,23276.50685,70512
2022-01-28,2546673221,2197.379338,35371.44394,71998
2022-01-27,2431738544,2664.360806,33328.83616,72962
2022-01-26,3076732630,2590.868022,34120.70964,90172
2022-01-25,1991129468,2154.270101,24495.05416,81287
2022-01-24,3867758776,3973.57424,40871.14194,94633
2022-01-23,2656729520,2420.922694,34015.71668,78103
2022-01-22,3795071148,4556.832358,33524.47504,113203
2022-01-21,5349869202,5058.462876,46860.85229,114165
2022-01-20,2384680766,2707.152176,23881.43574,99855
2022-01-19,2097064507,2276.071739,22350.331,93827
2022-01-18,2095393568,2575.407544,23776.70625,88128
2022-01-17,1994430123,3000.679851,22740.72863,87703
2022-01-16,1374596819,2184.540783,17747.95443,77451
2022-01-15,1314142837,1897.158334,16938.54113,77583
2022-01-14,1798091625,2042.223905,20571.48312,87407
2022-01-13,2280966504,3124.827032,27509.36494,82916
2022-01-12,2027018312,3027.204408,22010.07994,92095
2022-01-11,2030109188,2525.525388,20945.80372,96922
2022-01-10,2896698626,3030.180664,27252.27323,106292
2022-01-09,1422781521,2510.309961,21332.01674,66697
2022-01-08,2381926894,2572.384415,26374.13102,90313
2022-01-07,2987935740,3543.132506,29908.66789,99902
2022-01-06,2421299521,3103.705754,23744.05022,101975
2022-01-05,2785141293,3477.029371,25054.57115,111163
2022-01-04,2001764427,2175.787244,20194.75225,99123
2022-01-03,1660350193,2000.74096,15933.80414,104203
2022-01-02,1370866434,1563.87341,13325.94325,102872
2022-01-01,1384435693,1597.394481,14072.75779,98377
2021-12-31,1809933655,1511.106934,14913.38921,121363
2021-12-30,1682595029,1826.429167,16006.57378,105119
2021-12-29,1888699728,1532.964008,14530.02422,129986
2021-12-28,2630080299,1909.2229,22240.37731,118257
2021-12-27,1557365504,1440.099616,13066.79115,119185
2021-12-26,1524019482,1167.406967,12910.49585,118045
2021-12-25,1803858096,1366.306198,11592.54584,155605
2021-12-24,1788497765,1288.053479,14778.40842,121021
2021-12-23,2210725021,1633.807186,19141.305,115495
2021-12-22,1814964222,1501.958731,15807.86509,114814
2021-12-21,2083042769,1256.260119,17013.31935,122436
2021-12-20,2602600635,1305.504236,20336.15386,127979
2021-12-19,2099772490,1046.318647,17407.15171,120627
2021-12-18,2289400387,1192.68728,21289.22229,107538
2021-12-17,3107885885,1590.816309,28682.1762,108356
2021-12-16,2377670846,1980.579249,25067.43045,94851
2021-12-15,3758230752,1919.733154,34085.16917,110260
2021-12-14,2488490136,1908.300761,23708.71215,104961
2021-12-13,3071647934,2333.144943,27876.42878,110188
2021-12-12,1771798618,1187.321334,17017.38062,104117
2021-12-11,2649917661,1403.244283,21577.02555,122812
2021-12-10,4000692592,1771.50093,30178.87386,132566
2021-12-09,3560762016,2011.765584,28149.87403,126493
2021-12-08,2570459875,2005.515325,23659.25606,108645
2021-12-07,2602545496,2347.668635,24073.56992,108108
2021-12-06,4575960107,3556.336464,36007.64939,127083
2021-12-05,3471811493,2510.567141,33001.38299,105202
2021-12-04,5729411299,3998.302688,46237.37056,123913
2021-12-03,3841710235,2535.725684,32298.47857,118944
2021-12-02,3250121177,2419.700154,27377.04943,118717
2021-12-01,3145281406,2814.116382,27152.41463,115838
2021-11-30,4123720996,2337.041539,31120.30878,132509
2021-11-29,2644267617,2581.80394,21283.7162,124239
2021-11-28,2688145674,2754.724842,21435.71368,125405
2021-11-27,2341638205,2517.149117,16521.82463,141730
2021-11-26,4585914833,3619.820313,29408.2008,155940
2021-11-25,2909161925,2463.579274,18061.13952,161073
2021-11-24,3038056610,2229.139589,19900.28173,152664
2021-11-23,2940668306,2174.985971,21479.94058,136903
2021-11-22,3222176716,2418.736126,24951.22865,129139
2021-11-21,2255128176,1871.267014,14958.99396,150754
2021-11-20,2111963304,1867.727696,14468.87155,145966
2021-11-19,2693351471,1977.380135,18585.09157,144920
2021-11-18,3805195945,2561.935976,24574.54289,154843
2021-11-17,2974763107,2140.373695,21598.51236,137730
2021-11-16,3898095915,2527.358157,26789.19604,145510
2021-11-15,2469258654,2353.361328,16719.8793,147684
2021-11-14,2144568004,1385.400094,12645.455,169592
2021-11-13,1997437778,1403.798145,11407.93285,175092
2021-11-12,3191173350,1664.345176,15616.36693,204348
2021-11-11,3197299667,2218.728065,16684.92948,191628
2021-11-10,4075451334,3099.40595,24654.5797,165302
2021-11-09,2526525509,3153.13455,16222.81836,155739
2021-11-08,2516772226,1904.88739,14689.44637,171332
2021-11-07,1830599420,1368.412881,10409.35409,175861
2021-11-06,1879633004,1324.533416,11590.36704,162172
2021-11-05,2057166247,1847.832386,12835.22849,160275
2021-11-04,2429295664,2126.54231,14826.06766,163853
2021-11-03,2723378778,2197.150781,15284.5104,178179
2021-11-02,2693835681,2157.276666,15116.83818,178201
2021-11-01,2155772555,1728.99043,13382.24465,161092
2021-10-31,2227927512,1752.748052,12216.52416,182370
2021-10-30,2351624512,1512.879138,11665.20917,201593
2021-10-29,2681459961,1536.8859,14614.05543,183485
2021-10-28,3136497080,1718.864229,17724.42814,176959
2021-10-27,3354073064,2002.227295,20549.27407,163221
2021-10-26,2530459023,1404.118405,14693.09215,172221
2021-10-25,1953685921,1172.120624,12058.44981,162018
2021-10-24,1718942204,980.9023474,10779.6353,159462
2021-10-23,1705954393,946.082002,11733.48185,145392
2021-10-22,2191809710,1285.607281,16370.10486,133891
2021-10-21,3178550724,1878.305212,24516.01768,129652
2021-10-20,2089442572,1520.580646,14954.39177,139721
2021-10-19,1973509680,1414.091893,14438.16662,136687
2021-10-18,1791983753,1501.282303,14975.1283,119664
2021-10-17,1605089370,1491.514069,13958.26988,114992
2021-10-16,1779064391,1512.351644,15627.48714,113842
2021-10-15,2483969057,3407.536011,22900.68921,108467
2021-10-14,1846806640,2126.491321,16900.07723,109278
2021-10-13,1775192918,1925.274406,15368.17202,115511
2021-10-12,1967637906,1848.108901,16744.99945,117506
2021-10-11,1896614081,2338.798464,17432.43516,108798
2021-10-10,1480133555,1548.154845,14325.44429,103322
2021-10-09,1040129309,1485.003078,10543.31149,98653
2021-10-08,1448511375,2218.656168,16548.93093,87529
2021-10-07,1914746483,2999.999893,18499.25107,103504
2021-10-06,1936463620,2714.158106,20920.7193,92562
2021-10-05,1419690095,2433.131476,15128.35369,93843
2021-10-04,1566605541,2279.546699,17613.7881,88942
2021-10-03,1224947433,1406.714654,12675.23549,96641
2021-10-02,1251802830,1641.161743,13022.65623,96125
2021-10-01,1668322049,2261.394395,18044.10704,92458
2021-09-30,1524088347,1839.252515,16735.53402,91069
2021-09-29,1318562412,1503.883221,13390.36277,98471
2021-09-28,1484143794,1841.617843,16564.28972,89599
2021-09-27,1559043132,1998.739373,17163.27372,90836
2021-09-26,1944480054,2179.851492,19761.17699,98399
2021-09-25,1433157627,1422.881601,15200.2718,94285
2021-09-24,1947531919,2263.978298,19168.62125,101600
2021-09-23,1389822409,1851.580497,13855.27275,100310
2021-09-22,1793186591,2043.972157,16736.22966,107144
2021-09-21,2746544532,2898.454912,26946.98532,101924
2021-09-20,2807171097,3085.680427,23707.01284,118411
2021-09-19,1165271474,1535.438989,11414.15882,102090
2021-09-18,1104017141,1473.855856,10396.62059,106190
2021-09-17,1447293527,1989.097486,14777.04689,97942
2021-09-16,1671890511,2158.774166,15116.00404,110604
2021-09-15,1301124362,1921.043697,12210.59491,106557
2021-09-14,1258146538,1831.860709,11847.95828,106191
2021-09-13,1744203462,2245.538598,16588.39578,105146
2021-09-12,1259787652,1717.277466,12687.32214,99295
2021-09-11,1390991978,2019.556873,12856.46134,108194
2021-09-10,3783753254,3189.394287,34602.85743,109348
2021-09-09,3635354146,3380.706387,39614.18503,91769
2021-09-08,2632391119,4662.223815,26720.98503,98514
2021-09-07,3288246699,4072.293658,30212.3036,108838
2021-09-06,1664291708,3000.138304,17271.96193,96358
2021-09-05,1499702896,2704.486204,16943.88087,88510
2021-09-04,1564441682,2984.310544,18042.43714,86709
2021-09-03,2008786635,3765.559684,23021.23169,87258
2021-09-02,1791435429,2863.891178,19545.63281,91654
2021-09-01,2246630379,3454.930664,24913.83937,90176
2021-08-31,2097446479,2989.10181,21732.26901,96513
2021-08-30,1726873032,2912.746651,17915.29326,96391
2021-08-29,1355365523,2001.84536,13827.72065,98018
2021-08-28,932075938.1,1647.821989,9913.170447,94024
2021-08-27,1426740544,2476.959961,15729.80546,90703
2021-08-26,1739613321,2469.012251,14736.49127,118048
2021-08-25,1729851467,2514.29404,15107.74113,114501
2021-08-24,2561033803,2550.000523,20759.80872,123365
2021-08-23,1817713121,1900.398213,12776.05427,142275
2021-08-22,1368806144,1303.406196,9829.987821,139248
2021-08-21,1246944174,1168.000017,9505.379306,131183
2021-08-20,1674972401,1413.371654,11323.3488,147922
2021-08-19,1734214323,1419.942668,12096.83473,143361
2021-08-18,2162186312,1638.914309,15206.63853,142187
2021-08-17,2464243961,1784.212717,18066.17225,136401
2021-08-16,1713311899,1684.454059,14514.54917,118041
2021-08-15,1370921359,1200.901439,12673.29819,108174
2021-08-14,1119617812,1227.871616,10094.74094,110911
2021-08-13,1414867185,1454.209336,12498.16427,113206
2021-08-12,1876257980,1492.437478,15463.5797,121334
2021-08-11,1651819864,1700.805996,12801.9272,129029
2021-08-10,1826690308,1510.420351,15615.54046,116979
2021-08-09,2620332752,1648.654911,21931.32477,119479
2021-08-08,2295475356,1260.231311,18748.21627,122437
2021-08-07,2217984418,1478.978431,16903.05003,131218
2021-08-06,1686854213,1209.052771,13398.36547,125900
2021-08-05,2062207799,1275.582276,15828.07165,130288
2021-08-04,1874756604,1055.749087,13047.50328,143687
2021-08-03,1696531980,1055.229879,12180.81678,139279
2021-08-02,1421111803,1005.825394,10389.76315,136780
2021-08-01,1444975693,996.5874603,9293.822833,155477
2021-07-31,1070783236,735.4617188,6509.201872,164503
2021-07-30,1482776081,994.6629028,9002.999922,164698
2021-07-29,1125608780,900.7499292,6816.129322,165139
2021-07-28,1542934819,1004.809119,10822.67611,142565
2021-07-27,1588871835,992.7151056,11573.61262,137284
2021-07-26,2817429539,1181.859619,16048.97432,175552
2021-07-25,922993751.3,695.3116674,5872.69434,157167
2021-07-24,1010907878,665.0086154,6119.593434,165192
2021-07-23,996020752.3,694.5231529,6990.355141,142485
2021-07-22,1151337840,644.9805837,8834.765769,130319
2021-07-21,1501695885,767.0791183,10531.93453,142585
2021-07-20,1381343794,867.2134399,9592.798473,143998
2021-07-19,861777810.5,640.4769719,6114.804982,140933
2021-07-18,1140276527,626.2003431,8737.08166,130510
2021-07-17,856889167.2,598.1355776,6180.544039,138643
2021-07-16,1016458989,818.8610647,7124.046743,142680
2021-07-15,1377825148,975.9431244,8084.879404,170420
2021-07-14,1339253122,928.5965815,8077.814169,165794
2021-07-13,1144570108,711.7933593,7511.337576,152379
2021-07-12,854065949.2,594.5808743,6533.202393,130727
2021-07-11,630325636.3,424.3536621,4489.466858,140401
2021-07-10,1004224116,489.4694745,6748.636566,148804
2021-07-09,1381872731,563.6643213,9785.386643,141218
2021-07-08,1304701662,800.4178946,9346.536064,139592
2021-07-07,1068662878,766.7839693,7941.02083,134575
2021-07-06,1410482318,844.3635352,10540.85478,133811
2021-07-05,1181651301,475.8321146,6789.967769,174029
2021-07-04,1398968801,435.8092411,7328.549509,190893
2021-07-03,967431905.8,397.7358568,5102.838833,189587
2021-07-02,1360423123,412.5987336,7693.526004,176827
2021-07-01,2571302501,495.0360567,14149.18175,181728
2021-06-30,1402037690,662.4239147,8543.852736,164099
2021-06-29,1298782892,556.6940918,7406.422778,175359
2021-06-28,2380058739,583.3852227,13663.65694,174189
2021-06-27,1124212453,497.8706549,7093.091554,158494
2021-06-26,1213976632,501.9000082,7171.200238,169285
2021-06-25,1346464710,568.0051062,7339.402203,183457
2021-06-24,1113679445,493.430283,6397.919477,174069
2021-06-23,1378136410,624.9415173,7965.645975,173010
2021-06-22,2058500894,1095.397537,10727.78432,191885
2021-06-21,2380133185,1056.254255,12466.97842,190915
2021-06-20,1243942182,511.4308005,6642.825694,187261
2021-06-19,1030860849,475.4048349,5349.119166,192716
2021-06-18,1412370424,730.6280283,7487.557184,188629
2021-06-17,1275137395,662.6079271,6381.685759,199812
2021-06-16,1223270026,546.291093,6255.9197,195538
2021-06-15,1261280328,525.2406146,6277.337566,200926
2021-06-14,1273418550,533.9169585,6575.503327,193661
2021-06-13,1210222319,529.8904404,6476.591258,186861
2021-06-12,1323379742,665.3434964,6282.75062,210637
2021-06-11,1453664994,771.1833573,6968.839109,208595
2021-06-10,1431483548,636.5244798,7013.775615,204096
2021-06-09,1831381997,644.0673118,8722.901995,209951
2021-06-08,2054832878,930.526664,9626.313494,213460
2021-06-07,1465577958,593.2416698,6901.741745,212349
2021-06-06,838578844,383.1955533,4547.040467,184423
2021-06-05,1327661128,504.0476288,6748.405884,196737
2021-06-04,1902965943,731.5543644,9254.77066,205620
2021-06-03,1597473324,680.00499,7263.421406,219934
2021-06-02,1388606161,686.301407,6829.456938,203326
2021-06-01,1796809808,596.5185861,9010.540026,199412
2021-05-31,1783107368,587.7042249,8497.137776,209848
2021-05-30,1834305738,549.6579308,8337.753354,220000
2021-05-29,2218731620,679.5938379,9880.791005,224550
2021-05-28,2458863707,953.5462909,11083.30159,221853
2021-05-27,2001080773,954.9439059,10149.47567,197161
2021-05-26,2691863686,1301.369953,13382.23675,201152
2021-05-25,2673474182,1254.850601,13351.94941,200231
2021-05-24,3008534209,1435.918677,14803.52017,203231
2021-05-23,3886308909,2147.225566,19897.0357,195321
2021-05-22,2346021326,1102.873834,12253.38755,191459
2021-05-21,3407396706,1807.339171,16978.40802,200690
2021-05-20,3704586997,1886.007934,19285.98498,192087
2021-05-19,6225428847,3780.382397,31701.09252,196379
2021-05-18,2609561212,1225.609986,10910.76841,239173
2021-05-17,3213217307,1580.225758,13947.82965,230374
2021-05-16,2905147332,1337.886232,11766.54151,246899
2021-05-15,2468485573,1234.047803,9770.182948,252655
2021-05-14,2588297408,1460.304814,11037.84509,234493
2021-05-13,3758395417,2046.772711,18290.63089,205482
2021-05-12,4202065028,2410.383724,16494.85781,254750
2021-05-11,3060182230,1727.408053,11288.35314,271092
2021-05-10,3803115428,1943.491365,14979.50052,253888
2021-05-09,2596477632,1165.768622,10099.44973,257091
2021-05-08,3250946243,1520.288672,13302.56048,244385
2021-05-07,1473490777,1392.072546,7672.273302,192054
2021-05-06,1328082491,1512.164558,7433.866158,178653
2021-05-05,1581602869,1401.640352,7673.99584,206099
2021-05-04,2042894985,1753.77513,9768.961437,209121
2021-05-03,1823957040,1828.908176,8788.502597,207539
2021-05-02,1703254109,1343.752374,7078.605722,240620
2021-05-01,1200264130,1204.7505,5843.573387,205399
2021-04-30,1177083594,1327.052143,5574.685025,211148
2021-04-29,1196064723,1422.01037,6132.784643,195028
2021-04-28,1333189663,1536.481715,6936.615034,192196
2021-04-27,1247793838,1376.460186,6484.90938,192415
2021-04-26,1205465501,1250.62439,6392.905827,188563
2021-04-25,971695214.6,998.0318848,5274.473824,184226
2021-04-24,1032600811,1094.414883,5728.682844,180251
2021-04-23,1874188896,1969.406789,9246.760485,202686
2021-04-22,1928782051,2274.43396,9634.853494,200188
2021-04-21,1537445224,1684.680908,7332.900376,209664
2021-04-20,1832831331,1910.809479,8676.247856,211247
2021-04-19,1406021582,1822.030664,7342.532676,191490
2021-04-18,1694198142,1962.941122,9235.002464,183454
2021-04-17,1390823534,1638.770587,6698.889961,207620
2021-04-16,1402139392,2389.515625,8190.018702,171201
2021-04-15,1192707863,2253.497052,7361.303652,162024
2021-04-14,1351901823,2534.678242,8635.756819,156547
2021-04-13,1164575162,2229.839066,7748.647065,150294
2021-04-12,1107540970,2142.141938,7399.441272,149679
2021-04-11,942441295.2,1786.315977,6103.854866,154401
2021-04-10,1054560142,2048.825034,6721.224611,156900
2021-04-09,1017546355,2120.220848,6495.336049,156658
2021-04-08,1158302085,2100.610962,7094.483214,163268
2021-04-07,1474842498,2443.885722,8665.655063,170194
2021-04-06,1308155807,2465.025586,7678.638008,170363
2021-04-05,1242079704,2325.863758,7568.534127,164111
2021-04-04,1006101666,2002.819026,6530.456153,154063
2021-04-03,1182895702,2119.687744,7664.91519,154326
2021-04-02,1841024751,2502.375897,11090.1097,166006
2021-04-01,1865252820,2328.149995,10022.20609,186112
2021-03-31,6762746389,2748.693935,37760.24383,179097
2021-03-30,12836120175,2223.570061,70832.47898,181218
2021-03-29,3881067178,2155.600619,21770.72518,178270
2021-03-28,1265422663,1860.909866,7101.974211,178179
2021-03-27,932473339.7,1815.614143,5192.26311,179589
2021-03-26,966198950.7,1921.12393,5651.938875,170950
2021-03-25,1079783992,2205.660553,6676.295598,161734
2021-03-24,1269210233,2249.32602,6978.782476,181867
2021-03-23,1121616843,1942.008094,6470.953512,173331
2021-03-22,1290227038,2231.078115,6960.655146,185360
2021-03-21,892423799.6,1796.192527,5420.455537,164640
2021-03-20,974475747.1,1820.849309,5573.082383,174854
2021-03-19,1075883033,1956.342994,6167.356653,174448
2021-03-18,913842690.7,1933.812014,5698.836905,160356
2021-03-17,1017972942,1968.151904,5957.029496,170886
2021-03-16,1061684267,2009.08849,6025.928661,176186
2021-03-15,1154173196,2035.628731,6420.991352,179750
2021-03-14,1069543486,1888.190186,5882.430348,181820
2021-03-13,1067952737,2024.387714,6528.666496,163579
2021-03-12,1127083168,2003.60895,6795.470633,165858
2021-03-11,1006921608,1877.528118,6470.303737,155622
2021-03-10,980674449.4,1996.500951,6294.161683,155807
2021-03-09,1124468191,1988.324219,6808.233022,165163
2021-03-08,1133027629,1910.020181,6934.879996,163381
2021-03-07,1121829997,1838.119821,7064.420638,158800
2021-03-06,762788957.9,1598.167114,5013.499825,152147
2021-03-05,969021133.9,1913.543422,5741.292763,168781
2021-03-04,830481074.1,1788.509974,5849.076128,141985
2021-03-03,863034792.5,2038.215852,6136.56901,140638
2021-03-02,852671002.5,2046.783904,6520.835742,130761
2021-03-01,835951879.5,1929.202648,6155.349642,135809
2021-02-28,1006186096,1784.022499,7471.882372,134663
2021-02-27,752593257.7,1775.154052,5952.506527,126433
2021-02-26,1056941820,2402.619762,8189.919104,129054
2021-02-25,1007563517,2438.476983,7206.095774,139821
2021-02-24,1182930490,2428.788078,8790.185995,134574
2021-02-23,1815682723,3811.140022,16676.91756,108874
2021-02-22,1539544676,2863.639432,11433.08314,134657
2021-02-21,1018993834,1997.1087,7248.343216,140583
2021-02-20,1274340199,2753.307217,9513.622339,133949
2021-02-19,1068858278,2304.381294,7376.981854,144891
2021-02-18,1135324162,2346.382888,7142.8294,158946
2021-02-17,1113503568,2247.418599,6562.915186,169666
2021-02-16,977803065.1,1999.559051,6072.254919,161028
2021-02-15,1198231758,2260.656022,7076.561848,169324
2021-02-14,1007524878,1831.452879,5520.835517,182495
2021-02-13,1063745054,1864.680827,5972.170284,178117
2021-02-12,1044448071,1907.794796,6082.096786,171725
2021-02-11,939846149.5,1924.187606,6008.939118,156408
2021-02-10,1075555318,2342.205471,7540.56001,142636
2021-02-09,1092167709,2404.649357,7072.479901,154425
2021-02-08,1091877128,1972.975421,7034.067064,155227
2021-02-07,968034281.2,1599.69697,5888.286382,164400
2021-02-06,1008465971,1760.177192,6753.406761,149327
2021-02-05,1175952114,2172.954587,7335.533961,160309
2021-02-04,1307530627,2321.940861,9000.878567,145267
2021-02-03,896400006,1652.527336,5733.364072,156348
2021-02-02,955331899.5,1537.068201,6263.116175,152533
2021-02-01,836739199.2,1318.280109,5118.234419,163482
2021-01-31,787289382.2,1264.356406,4713.714935,167021
2021-01-30,744694747.3,1236.05346,5105.404674,145864
2021-01-29,1037913025,1477.862747,7743.597006,134035
2021-01-28,710038601.7,1263.008857,4911.688503,144561
2021-01-27,822782957.4,1291.178223,5582.542032,147385
2021-01-26,798013041.1,1275.177505,5481.009376,145596
2021-01-25,946642199.3,1427.31692,6200.983881,152660
2021-01-24,784338823.6,1252.897398,4907.116773,159837
2021-01-23,699088065,1225.172864,4727.017452,147892
2021-01-22,880857913.7,1463.581482,6875.632557,128113
2021-01-21,931360147.4,1425.191663,7112.497021,130947
2021-01-20,808803896.9,1301.900856,5751.003626,140637
2021-01-19,996512511.9,1430.441926,7058.003895,141189
2021-01-18,696239958.2,1167.82469,4327.885712,160873
2021-01-17,671162798.8,1098.012401,4464.002652,150350
2021-01-16,714424729.6,1183.339166,5132.103484,139207
2021-01-15,750075769.8,1197.785889,6039.403285,124197
2021-01-14,650886894.6,1155.207735,5084.100595,128024
2021-01-13,574715401.1,1054.957293,5157.913924,111424
2021-01-12,693250005.1,1099.041016,6235.83281,111172
2021-01-11,1297614714,2116.002759,13851.27041,93682
2021-01-10,793568297.9,1213.706537,6833.506685,116129
2021-01-09,761254583,1198.109985,6490.583556,117286
2021-01-08,812240587.3,1333.528174,8024.586168,101219
2021-01-07,722780941.5,1505.925953,7350.339576,98333
2021-01-06,761161371.9,1286.24925,6841.285025,111260
2021-01-05,778428647,1200.680351,6794.468325,114568
2021-01-04,1012575630,1740.118123,10058.06552,100673
2021-01-03,788599279.5,1086.135352,6510.516065,121127
2021-01-02,559973821.5,770.8446383,4131.611415,135534
2021-01-01,513019751.5,722.5202487,3701.681578,138591
2020-12-31,560000577.1,757.6045624,4077.684003,137333
2020-12-30,554136422.2,778.2027798,4252.121103,130320
2020-12-29,567754519.1,729.0587769,4092.838898,138719
2020-12-28,478107587.7,724.3242798,3339.136544,143183
2020-12-27,515841821.7,702.4217309,3871.84338,133229
2020-12-26,356063296.5,596.0654263,2781.005799,128034
2020-12-25,372127871,787.6521638,2810.421199,132410
2020-12-24,389786854.9,632.3475853,3005.318892,129699
2020-12-23,444237667.7,734.869327,3142.775961,141352
2020-12-22,425492721.2,681.5031888,2553.318899,166643
2020-12-21,471327580.6,765.8047576,2630.58726,179172
2020-12-20,365124193.6,618.9933897,2165.469798,168612
2020-12-19,376012680.1,655.6710815,2419.161429,155431
2020-12-18,352902537.9,644.3029175,2592.660215,136116
2020-12-17,559945268,953.2371548,4381.075566,127810
2020-12-16,339437158.6,620.297821,2473.959641,137204
2020-12-15,322670676.7,588.4358047,2119.31979,152252
2020-12-14,284518964.2,580.68961,1887.105951,150770
2020-12-13,254783500,492.5990222,1755.32384,145149
2020-12-12,257655299.5,496.139701,1765.850864,145910
2020-12-11,340292004.3,548.0650635,1987.385118,171226
2020-12-10,340785576,562.8922729,1968.743579,173098
2020-12-09,390567142.6,566.8486328,2148.605944,181777
2020-12-08,425684070.9,648.4092485,2358.386635,180498
2020-12-07,341961769.2,585.6545503,1875.026836,182377
2020-12-06,405362166.6,587.6718741,2243.797246,180659
2020-12-05,292024269.5,532.674229,2004.215844,145705
2020-12-04,339324248.3,590.7217407,2229.052791,152228
2020-12-03,326509275.8,590.9378662,2114.546735,154411
2020-12-02,284053495.4,537.179425,2066.685308,137444
2020-12-01,378990311.7,611.5800523,3222.186141,117619
2020-11-30,344710899.2,607.3765509,2825.939279,121981
2020-11-29,225848207.7,400.3120022,1888.505052,119591
2020-11-28,201509206,428.7906192,1783.661925,112975
2020-11-27,256693784.5,506.1312256,2185.353304,117461
2020-11-26,686517831.2,813.9472008,5629.364027,121953
2020-11-25,333488068,589.4379013,2506.223081,133064
2020-11-24,444409935.5,619.0898438,3302.05174,134586
2020-11-23,410644319.5,590.4260622,2798.047979,146761
2020-11-22,470601486.1,570.9506305,3103.24888,151648
2020-11-21,410050637.4,538.536277,2711.311633,151237
2020-11-20,333941797.6,507.9984741,2381.539125,140221
2020-11-19,281854359.8,462.5954827,2031.060731,138772
2020-11-18,325390247.7,485.636654,2621.746872,124112
2020-11-17,423317452.6,483.3930405,2936.930764,144136
2020-11-16,303508592.9,427.0697562,2217.009444,136900
2020-11-15,256316383.3,366.2093994,1884.87332,135986
2020-11-14,299576884.4,358.2601777,2529.590593,118429
2020-11-13,276118970.6,442.1031067,2077.035111,132939
2020-11-12,252028111.5,367.4358461,2239.035825,112561
2020-11-11,260288969.7,399.3222858,2352.554384,110641
2020-11-10,261628604.5,380.3158738,1893.458328,138175
2020-11-09,275040748.9,384.9145142,2140.195071,128512
2020-11-08,221493109,253.1087617,1955.236569,113282
2020-11-07,430199564.5,452.6916238,3503.767364,122782
2020-11-06,386267205.3,377.1403264,3063.448876,126089
2020-11-05,315085087.9,333.160115,2406.736185,130918
2020-11-04,249273621.5,284.6748334,1977.169497,126076
2020-11-03,241916406.5,320.8227781,1777.255076,136118
2020-11-02,245247785.2,320.5498047,1692.461218,144906
2020-11-01,197130948.9,238.990551,1340.662057,147040
2020-10-31,251898276.3,281.3523431,1697.279054,148413
2020-10-30,369499459.2,372.5749369,2322.041258,159127
2020-10-29,346894480.3,381.0357095,2023.121222,171465
2020-10-28,412217628.4,387.8208313,2452.610642,168073
2020-10-27,227872942.4,294.2500902,1644.342203,138580
2020-10-26,405571292.9,354.9969114,2835.905078,143013
2020-10-25,181319517.4,245.018573,1427.240735,127042
2020-10-24,160403674.7,237.062749,1304.084314,123001
2020-10-23,249336350.7,352.5383137,1816.618585,137253
2020-10-22,272383404.2,340.2815907,2016.355417,135087
2020-10-21,318419837.3,348.6653895,2156.322543,147668
2020-10-20,239588262.8,299.2172205,1608.601085,148942
2020-10-19,208377176.5,299.4539498,1256.184714,165881
2020-10-18,177723391.5,300.0778513,1354.61967,131198
2020-10-17,170238937.8,309.9779803,1315.632803,129397
2020-10-16,222441053.7,366.9942627,1777.42396,125148
2020-10-15,260252165.9,376.9922485,1913.239033,136027
2020-10-14,447758241.4,380.6039734,3169.184566,141285
2020-10-13,273837525.9,378.522644,1803.413542,151844
2020-10-12,311669885.3,386.90354,1945.650643,160188
2020-10-11,239755656.9,372.0158386,1635.876235,146561
2020-10-10,284640701.6,400.3057578,1854.675131,153472
2020-10-09,317773025.1,407.0919513,2035.805967,156092
2020-10-08,358454763.6,434.5680359,2222.520437,161283
2020-10-07,372632149.4,453.8391199,2252.465647,165433
2020-10-06,466822552.2,524.6946716,2361.721283,197662
2020-10-05,317681203,405.9625044,1686.599859,188356
2020-10-04,356949084.5,419.970966,1916.587475,186242
2020-10-03,317323850.1,391.8824856,1995.948335,158984
2020-10-02,481004894.4,519.8233497,3013.059975,159640
2020-10-01,405474765.4,474.8435434,2636.531171,153791
2020-09-30,319883535.3,427.9637771,2173.210425,147194
2020-09-29,356779219.8,456.4667984,2279.97252,156484
2020-09-28,337223297,478.4951424,2102.520712,160390
2020-09-27,337887098.8,438.9366486,2200.860438,153525
2020-09-26,274134478.8,407.1618672,1815.472148,150999
2020-09-25,290098932.9,434.828743,1868.556053,155253
2020-09-24,313840316.3,429.871013,2131.473681,147241
2020-09-23,401256442.4,488.231505,2392.760963,167696
2020-09-22,377283234.4,499.8236229,2215.338565,170305
2020-09-21,513907523.5,665.1995702,3345.49074,153612
2020-09-20,433430958.5,599.7744083,2723.959316,159118
2020-09-19,530017022,715.6557492,3182.941316,166518
2020-09-18,654101177.2,990.5447112,4038.309712,161974
2020-09-17,610959701.4,1158.398914,4194.653705,145652
2020-09-16,410141014,725.7135168,2773.978302,147853
2020-09-15,450924171.8,761.9445605,2914.90518,154696
2020-09-14,516296921.4,824.3532754,3538.607039,145904
2020-09-13,444812708.8,769.6556396,3283.913924,135452
2020-09-12,341744930.2,622.2228327,2432.330946,140501
2020-09-11,357095047.9,730.2267145,2890.779072,123529
2020-09-10,455341506,908.520144,3546.30103,128399
2020-09-09,461458260.1,696.9337575,3634.273632,126974
2020-09-08,420152707,681.9497848,3346.603691,125546
2020-09-07,477294088,701.8864412,3725.280301,128123
2020-09-06,679266453.7,793.8433724,4903.707407,138521
2020-09-05,874270701.5,1059.273588,6051.237569,144478
2020-09-04,622888848.1,894.4630406,4451.940821,139914
2020-09-03,922793110.3,1180.120552,5475.347168,168536
2020-09-02,1009964339,1404.455566,5918.303082,170651
2020-09-01,995376586.8,1519.243765,5921.653074,168091
2020-08-31,624128521.7,885.0127899,3715.006498,168002
2020-08-30,554593482.5,845.9745483,3165.054345,175224
2020-08-29,339504280,729.0489151,2396.072326,141692
2020-08-28,246393457,631.5376949,2035.535722,121046
2020-08-27,178985230.1,557.4946143,1563.40825,114484
2020-08-26,216141419.5,600.0076664,1713.966183,126106
2020-08-25,202482937.3,601.4207522,1691.078183,119736
2020-08-24,211464351.1,562.7000889,1577.656551,134037
2020-08-23,170729097.7,474.6420381,1372.530731,124390
2020-08-22,177518775.4,509.922547,1555.149632,114149
2020-08-21,258452059.3,701.0865859,2042.098413,126562
2020-08-20,213163699.7,570.5393066,1765.330846,120750
2020-08-19,203629487,613.9620209,1865.627286,109148
2020-08-18,241872308.2,689.9737505,1854.521888,130423
2020-08-17,191195766.9,611.1058389,1740.691074,109839
2020-08-16,182188592.8,544.9505949,1552.668702,117339
2020-08-15,168757942.7,582.5180105,1693.999686,99621
2020-08-14,211710281.4,786.5829984,2003.428292,105674
2020-08-13,250038372.5,745.2269318,2349.145724,106438
2020-08-12,271571436.8,782.9018785,2274.372403,119405
2020-08-11,185837091.2,540.3788317,1591.220845,116789
2020-08-10,247036814.9,586.5812073,1960.983163,125976
2020-08-09,162761370.5,481.0202254,1362.909435,119422
2020-08-08,137584849.2,467.4248755,1362.266693,100997
2020-08-07,134936921.1,501.0935145,1457.485485,92582
2020-08-06,91195138.71,399.340313,1253.662053,72743
2020-08-05,89731094.48,396.9743652,1216.395923,73768
2020-08-04,94510320.16,401.1033677,1366.684311,69153
2020-08-03,97515931.18,395.3996887,1399.924362,69658
2020-08-02,98683994.2,388.8271923,1667.353668,59186
2020-08-01,110892773.7,356.534668,1510.718403,73404
2020-07-31,130116059.5,358.585481,1521.896458,85496
2020-07-30,133103697.9,431.0570029,1972.988125,67463
2020-07-29,111904031.4,438.7988141,1764.268642,63428
2020-07-28,97904751.65,411.3670151,1755.414836,55773
2020-07-27,144947617,544.8734899,2162.783941,67019
2020-07-26,110085342.6,455.838629,1769.661655,62207
2020-07-25,106742927.4,462.9816363,1682.978753,63425
2020-07-24,80272519.88,456.6854999,1428.184178,56206
2020-07-23,76749091.76,399.9473346,1451.299884,52883
2020-07-22,70300577.62,350.5348682,1278.145842,55002
2020-07-21,58198799.77,321.4863059,1127.774436,51605
2020-07-20,59304531.15,340.3830622,1111.300125,53365
2020-07-19,52184176.58,284.3091545,948.5790009,55013
2020-07-18,46925582.95,301.3038589,1033.011556,45426
2020-07-17,43972208.23,273.5581913,1046.782875,42007
2020-07-16,29628791.87,257.2356651,963.0681575,30765
2020-07-15,31134509.47,249.1869002,986.4242775,31563
2020-07-14,28836809.92,239.1066589,905.4512033,31848
2020-07-13,48502301.63,267.7891759,1120.818543,43274
2020-07-12,31124757.53,233.9024204,871.012412,35734
2020-07-11,22743779.85,195.4617134,721.933083,31504
2020-07-10,21619194.16,190.6583274,589.1270175,36697
2020-07-09,24254695.63,225.0360353,663.9483078,36531
2020-07-08,22595430.83,211.2771383,575.8264738,39240
2020-07-07,17917504.33,191.7224459,479.8346142,37341
2020-07-06,19726243.85,191.9785818,531.8623811,37089
2020-07-05,16598779.04,168.2345047,451.2009089,36788
2020-07-04,18728291.78,209.2073173,483.5478501,38731
2020-07-03,24397381.63,226.484726,600.5804995,40623
2020-07-02,25029674.62,230.862361,728.263104,34369
2020-07-01,22201934.47,227.4369667,723.4021202,30691
2020-06-30,16121077.46,224.9977722,656.5827987,24553
2020-06-29,16084890.53,205.2759651,556.8018045,28888
2020-06-28,16078005.08,215.3139028,540.237394,29761
2020-06-27,22219593,233.8577909,731.4129168,30379
2020-06-26,22029766.54,234.3757152,702.7711278,31347
2020-06-25,24844194.24,279.5467712,867.9194495,28625
2020-06-24,27021362.18,324.7903635,841.9705911,32093
2020-06-23,22672258.05,243.3478851,799.4731145,28359
2020-06-22,28111065.83,261.8796175,867.3577855,32410
2020-06-21,22268330.43,225.4374569,716.7609896,31068
2020-06-20,14981987.93,226.0405879,624.5097093,23990
2020-06-19,63536231.06,230.7285461,2630.790901,24151
2020-06-18,59885424.77,213.317434,2786.275753,21493
2020-06-17,106977338.6,166.3382596,5873.357778,18214
2020-06-16,10071657.85,165.806986,515.0425901,19555
2020-06-15,14992857.06,226.0547791,836.4682581,17924
2020-06-14,6974270.085,168.1099311,465.8519862,14971
2020-06-13,8185191.591,168.8366666,491.8689737,16641
2020-06-12,9891239.439,187.8645118,526.8022709,18776
2020-06-11,17147627.45,221.2289675,834.8000315,20541
2020-06-10,12112535.22,198.1091187,587.0182815,20634
2020-06-09,15885986.71,175.5019477,734.1028978,21640
2020-06-08,9845505.98,125.8774783,485.0480826,20298
2020-06-07,9573127.207,162.4659424,450.5001039,21250
2020-06-06,10548649.01,137.297035,480.6857601,21945
2020-06-05,9281089.873,133.7611163,477.201392,19449
2020-06-04,7904570.893,126.9551633,429.5262127,18403
2020-06-03,7746574.715,111.1451196,402.0643959,19267
2020-06-02,11357240.75,136.4304225,642.3415389,17681
2020-06-01,7901921.961,122.6009064,505.2056749,15641
2020-05-31,7470841.886,147.6308037,466.8109151,16004
2020-05-30,7183752.19,167.0391473,554.9870357,12944
2020-05-29,12059203.49,162.6764107,747.069972,16142
2020-05-28,5291997.503,132.2915714,452.8881047,11685
2020-05-27,6035078.018,102.9874115,489.979542,12317
2020-05-26,8272312.187,88.44028331,517.116471,15997
2020-05-25,3786430.424,100.9085083,309.6524717,12228
2020-05-24,8187434.044,113.5081886,608.5501742,13454
2020-05-23,5381089.654,109.9151808,388.3020388,13858
2020-05-22,6675096.733,143.5970059,523.5780636,12749
2020-05-21,7525086.204,194.2483027,674.5931156,11155
2020-05-20,11241001.83,151.8621769,755.4944439,14879
2020-05-19,13139692.43,153.1661395,727.5174371,18061
2020-05-18,11551167.63,201.5389907,629.8346581,18340
2020-05-17,14022433.77,207.3042755,696.4208476,20135
2020-05-16,6983934.989,199.1564041,580.7846145,12025
2020-05-15,7507091.218,199.2616272,673.221345,11151
2020-05-14,7876288.824,205.2486703,779.0592309,10110
2020-05-13,9222831.403,257.2648529,808.8074544,11403
2020-05-12,8056265.206,250.4777142,706.6899303,11400
2020-05-11,10727069.7,241.9481907,857.6852726,12507
2020-05-10,14367332.13,245.6271963,1059.381516,13562
2020-05-09,12285364.92,219.6225496,954.4254912,12872
2020-05-08,10451365.14,222.4497331,844.4865176,12376
2020-05-07,7629647.288,207.0901598,692.1570614,11023
2020-05-06,8324599.872,187.85317,945.3327132,8806
2020-05-05,8776962.576,195.1483916,1040.664285,8434
2020-05-04,13319738.72,207.9817352,1242.976738,10716
2020-05-03,7981423.399,169.4706529,911.1213926,8760
2020-05-02,8678460.627,125.9388734,996.2645651,8711
2020-05-01,7542366.074,177.729607,784.2743136,9617
2020-04-30,13811674.58,255.6682914,1222.380262,11299
2020-04-29,13153774.34,208.7875886,1157.698851,11362
2020-04-28,6012514.311,128.3299911,732.8759521,8204
2020-04-27,7386660.596,171.7004739,863.1293055,8558
2020-04-26,8603317.888,194.4280628,916.709418,9385
2020-04-25,7110752.779,157.3548914,834.6933653,8519
2020-04-24,7101391.452,137.6004007,845.7057821,8397
2020-04-23,8377754.755,149.25808,829.7271224,10097
2020-04-22,12337662.78,151.4180605,1312.936339,9397
2020-04-21,6682057.532,160.2533104,838.7168987,7967
2020-04-20,6525898.311,170.9064484,794.1947561,8217
2020-04-19,5307496.671,152.1413207,707.4775621,7502
2020-04-18,18865409.18,200.0896836,1913.521573,9859
2020-04-17,2567904.65,122.8865696,447.6821217,5736
2020-04-16,6967647.037,171.9374206,884.2191671,7880
2020-04-15,2462355.062,94.24330384,409.8460489,6008
2020-04-14,2737867.589,114.6822689,563.2313493,4861
2020-04-13,2611984.141,107.1627534,459.9373378,5679
2020-04-12,1872518.452,92.39696279,377.1436963,4965
2020-04-11,1517259.032,94.49664007,300.5068394,5049
2020-04-10,3388440.409,149.9955207,475.3704278,7128
2020-04-09,2095609.223,126.8449054,394.4304956,5313
2020-04-08,2935609.691,148.7839138,518.4757491,5662
2020-04-07,5154586.383,182.5315314,633.5528986,8136
2020-04-06,4774601.947,160.0993805,566.1807123,8433
2020-04-05,1278240.539,49.30529246,363.8601022,3513
2020-04-04,1578398.358,80.27523366,398.2837139,3963
2020-04-03,2118512.3,65.63316411,425.9172296,4974
2020-04-02,2454828.526,99.99545145,412.3683061,5953
2020-04-01,1609029.145,66.0366745,356.9274945,4508
2020-03-31,1692243.286,79.42865377,397.8004904,4254
2020-03-30,1934848.303,74.75263701,364.8591934,5303
2020-03-29,1437621.74,65.3365547,307.7760094,4671
2020-03-28,2606342.785,101.0280576,443.3309721,5879
2020-03-27,2751696.84,116.1645261,465.6789372,5909
2020-03-26,2426423.891,111.5050557,405.8922534,5978
2020-03-25,3053107.475,133.2811931,513.0410814,5951
2020-03-24,3577458.828,136.5352325,542.77937,6591
2020-03-23,3612970.599,130.2605662,568.2558351,6358
2020-03-22,3408421.245,120.4639165,544.1285512,6264
2020-03-21,2974001.102,127.8091886,471.0915732,6313
2020-03-20,7604952.286,158.1251651,653.0098133,11646
2020-03-19,6604122.692,152.9889441,635.8677732,10386
2020-03-18,3909860.546,117.9312299,586.0981182,6671
2020-03-17,6973946.047,169.9593895,775.7448328,8990
2020-03-16,17144824.33,259.6966835,1070.414206,16017
2020-03-15,11378639.47,212.628043,950.596447,11970
2020-03-14,8221154.091,154.0396201,701.9428015,11712
2020-03-13,39142397.13,499.4966368,1772.673209,22081
2020-03-12,33011315.82,586.6976557,1842.457768,17917
2020-03-11,6101732.211,199.2254502,709.2563305,8603
2020-03-10,6341169.002,210.3767565,822.0338349,7714
2020-03-09,9620772.971,281.4131865,883.6125065,10888
2020-03-08,7140919.273,196.1467614,682.8841229,10457
2020-03-07,4129151.465,154.5399802,547.4875981,7542
2020-03-06,3289805.765,118.2234689,466.9040257,7046
2020-03-05,3610618.737,143.6505181,553.4363484,6524
2020-03-04,3448826.984,142.2989665,497.8098996,6928
2020-03-03,3981680.12,136.2535728,623.6967606,6384
2020-03-02,3690781.036,155.9738122,533.5040527,6918
2020-03-01,4914441.963,214.3501164,605.4505314,8117
2020-02-29,3119000.614,135.3775162,580.0633464,5377
2020-02-28,4999858.585,212.2582836,706.8936215,7073
2020-02-27,6602125.79,250.4111836,770.9161361,8564
2020-02-26,6779771.803,230.2990327,723.793296,9367
2020-02-25,4997747.933,194.3224699,642.2189583,7782
2020-02-24,4213068.763,137.4512685,559.7274827,7527
2020-02-23,2868733.559,105.1530353,484.911014,5916
2020-02-22,3722517.254,134.7108728,519.8320422,7161
2020-02-21,4118455.331,158.7438153,502.7411293,8192
2020-02-20,4592510.827,192.6073931,540.6133993,8495
2020-02-19,8804933.834,170.3756307,878.1224528,10027
2020-02-18,6703914.672,173.4020176,790.3695676,8482
2020-02-17,5460289.071,199.0432881,591.7729566,9227
2020-02-16,6200103.26,193.3517905,643.2977028,9638
2020-02-15,8224742.182,182.6615241,955.3655689,8609
2020-02-14,8211197.777,162.3401208,962.7386302,8529
2020-02-13,5866483.573,193.1889073,654.7414702,8960
2020-02-12,7934777.06,149.3603868,656.3091034,12090
2020-02-11,4649150.74,111.964347,494.3275641,9405
2020-02-10,3829910.281,104.0655236,542.4802097,7060
2020-02-09,4429429.47,97.09973679,669.1991948,6619
2020-02-08,3163485.525,99.91263151,466.3844206,6783
2020-02-07,3574064.791,124.6108288,528.6296097,6761
2020-02-06,3852531.585,127.599508,558.2570041,6901
2020-02-05,4649089.336,156.7996282,673.9764186,6898
2020-02-04,2350234.295,96.32285627,407.6729046,5765
2020-02-03,3705889.339,71.06157553,467.9744083,7919
2020-02-02,2438732.708,62.26604372,333.2057259,7319
2020-02-01,1522332.911,63.37921829,284.6546207,5348
2020-01-31,1797223.717,91.85119629,315.0260679,5705
2020-01-30,2114837.842,92.69563938,345.336029,6124
2020-01-29,2162755.936,94.40169746,354.608286,6099
2020-01-28,2329873.072,92.62475612,372.9587118,6247
2020-01-27,1521347.578,73.14558853,262.1657036,5803
2020-01-26,930585.6747,60.25474886,187.997106,4950
2020-01-25,1137349.941,79.63748932,231.5923318,4911
2020-01-24,1790473.396,93.87872766,286.7969559,6243
2020-01-23,1766445.778,84.99999453,287.040263,6154
2020-01-22,2453370.059,126.2531488,385.3259084,6367
2020-01-21,2163629.63,112.0563201,368.5910783,5870
2020-01-20,2772061.234,123.92732,382.5643436,7246
2020-01-19,2268213.163,131.0928777,327.587112,6924
2020-01-18,2741702.653,140.0014787,345.9561708,7925
2020-01-17,3325267.599,165.7107849,342.6697856,9704
2020-01-16,2893463.29,154.4039516,418.1909655,6919
2020-01-15,3248187.75,152.3415267,431.3662351,7530
2020-01-14,3197412.627,134.8981516,395.4257516,8086
2020-01-13,1568246.938,142.6524506,309.624272,5065
2020-01-12,1936448.398,143.5595398,310.427765,6238
2020-01-11,2215285.999,143.2500763,329.5085525,6723
2020-01-10,1445840.292,135.9358978,253.0789938,5713
2020-01-09,1802761.637,137.4538382,319.8654431,5636
2020-01-08,2886157.31,147.6282219,421.2753336,6851
2020-01-07,1811109.894,121.8193692,360.2764858,5027
2020-01-06,3116208.679,143.1472778,556.963124,5595
2020-01-05,1043075.55,49.4288392,291.0367049,3584
2020-01-04,766744.7733,59.66318595,267.3447606,2868
2020-01-03,1097464.811,66.71242523,340.0882587,3227
2020-01-02,1510851.228,64.71646118,402.0359841,3758
2020-01-01,1171429.737,76.87105279,370.2369584,3164
2019-12-31,996923.2419,59.43713064,395.7615093,2519
2019-12-30,945844.2093,64.00070774,333.6311144,2835
2019-12-29,974617.264,88.66169639,353.3782683,2758
2019-12-28,686744.2633,64.54839722,344.924291,1991
2019-12-27,792466.5077,100.4322963,393.4789016,2014
2019-12-26,1528487.755,111.525917,580.9531564,2631
2019-12-25,4752318.815,307.6504246,1418.179294,3351
2019-12-24,3765761.439,236.8191864,1240.369381,3036
2019-12-23,1800432.438,117.1840745,555.3462178,3242
2019-12-22,1181599.754,106.0875291,541.7697173,2181
2019-12-21,1234960.27,97.91680427,590.0431295,2093
2019-12-20,1779535.667,99.35635609,568.9052644,3128
2019-12-19,2047732.982,125.7962652,577.1513477,3548
2019-12-18,2817781.735,191.3920663,552.2896385,5102
2019-12-17,4122711.373,241.3400119,839.9982422,4908
2019-12-16,2181171.873,149.7562863,668.8659531,3261
2019-12-15,967488.0443,145.5493033,394.2494068,2454
2019-12-14,1290013.149,126.669281,510.6940415,2526
2019-12-13,933346.7797,143.0533811,348.5238162,2678
2019-12-12,1083371.93,100.9207489,452.9146864,2392
2019-12-11,1908134.983,165.7152869,717.6137583,2659
2019-12-10,1848699.182,111.0977353,575.2019856,3214
2019-12-09,1060569.728,82.64853744,486.0539539,2182
2019-12-08,1394661.109,139.7632068,591.9614216,2356
2019-12-07,1192056.277,117.7418246,556.7754681,2141
2019-12-06,1230962.429,148.3336487,576.8333781,2134
2019-12-05,3593803.225,192.252621,1089.691699,3298
2019-12-04,3586440.167,194.6282178,1097.777829,3267
2019-12-03,2881896.585,154.9767907,1014.752319,2840
2019-12-02,3205202.101,149.5464783,857.4644466,3738
2019-12-01,2192281.462,152.4443599,726.1614647,3019
2019-11-30,1916612.433,145.362614,653.0195683,2935
2019-11-29,2569583.386,153.835472,781.2658516,3289
2019-11-28,1549681.462,127.3891588,470.7416348,3292
2019-11-27,1834377.736,174.8978981,534.181053,3434
2019-11-26,1673631.649,153.8605728,542.682117,3084
2019-11-25,5519061.582,319.2960716,871.7519479,6331
2019-11-24,2863244.244,183.760711,706.1021563,4055
2019-11-23,2130378.945,182.3440115,604.7059168,3523
2019-11-22,7744023.035,398.0553332,1062.571767,7288
2019-11-21,3494221.07,200.028801,765.6049672,4564
2019-11-20,1924436.987,150.3925872,590.4992289,3259
2019-11-19,2028192.351,167.1495102,587.0310712,3455
2019-11-18,1263770.014,132.3751438,511.0270983,2473
2019-11-17,1307231.608,139.4900417,573.3471963,2280
2019-11-16,739980.818,110.3948408,470.4264577,1573
2019-11-15,1512617.775,142.5774282,664.0113145,2278
2019-11-14,968497.0616,114.7952575,482.5595723,2007
2019-11-13,766556.1627,93.78775939,481.5051273,1592
2019-11-12,898462.5054,83.62226486,506.4613897,1774
2019-11-11,1329377.91,149.3935107,733.6522679,1812
2019-11-10,921460.8424,170.1859863,554.4289064,1662
2019-11-09,972378.3691,155.6545568,648.6847025,1499
2019-11-08,1109254.697,175.9434991,538.2118858,2061
2019-11-07,1510181.837,180.7837343,744.6656002,2028
2019-11-06,924345.1507,150.3307849,448.929165,2059
2019-11-05,724047.3507,162.4987164,427.6712054,1693
2019-11-04,608387.4025,140.2526746,366.0574022,1662
2019-11-03,538228.2298,115.4782538,356.2066378,1511
2019-11-02,414618.0271,91.47874451,340.1296367,1219
2019-11-01,1152447.064,131.3408059,707.8913168,1628
2019-10-31,1113904.57,168.048626,569.480864,1956
2019-10-30,674051.9466,148.0743501,417.8871337,1613
2019-10-29,894702.5223,149.0315019,424.4319366,2108
2019-10-28,1044420.88,168.7090445,478.2146887,2184
2019-10-27,910390.9566,175.1550654,426.4126261,2135
2019-10-26,2505419.7,203.5814313,672.4153785,3726
2019-10-25,1761182.398,170.0279987,599.6535232,2937
2019-10-24,674927.723,143.8830999,372.0659994,1814
2019-10-23,1624757.938,169.4351678,572.9047738,2836
2019-10-22,676549.7341,125.8737393,447.7496586,1511
2019-10-21,757899.2254,98.84516088,449.7918252,1685
2019-10-20,440782.8507,89.27649557,299.4448714,1472
2019-10-19,368363.6246,100.4469184,293.7508968,1254
2019-10-18,796583.463,133.2356689,442.7923641,1799
2019-10-17,1121388.264,152.3863822,492.7013461,2276
2019-10-16,1207138.83,138.6914997,451.7735143,2672
2019-10-15,653335.8811,116.1584629,323.5937994,2019
2019-10-14,784217.4382,119.7433858,424.589842,1847
2019-10-13,422602.2634,99.9839542,286.3158966,1476
2019-10-12,368515.0796,55.92010811,264.9281665,1391
2019-10-11,919475.7014,89.77141995,412.1361279,2231
2019-10-10,1169826.068,99.39197739,514.6617107,2273
2019-10-09,1639315.285,145.785414,540.8496486,3031
2019-10-08,563178.4561,99.02753636,308.0844946,1828
2019-10-07,919062.0292,121.1230302,538.7233465,1706
2019-10-06,456686.3022,106.3619125,336.0458441,1359
2019-10-05,491263.5425,89.69359035,390.2013841,1259
2019-10-04,791009.6787,141.2562913,461.7686391,1713
2019-10-03,517619.7523,128.7675275,324.3231531,1596
2019-10-02,511868.4234,100.640142,347.2648734,1474
2019-10-01,714383.2915,134.6531385,380.5984505,1877
2019-09-30,659913.0881,125.3928566,433.2981537,1523
2019-09-29,422319.4918,139.9889617,431.8195213,978
2019-09-28,649120.3684,144.3821213,590.646377,1099
2019-09-27,823315.8486,198.8552036,616.2543777,1336
2019-09-26,1401674.464,214.6517917,693.211901,2022
2019-09-25,992143.4126,194.7836535,606.4446287,1636
2019-09-24,3246509.745,364.7274218,1005.111376,3230
2019-09-23,890152.1549,178.3869144,789.842196,1127
2019-09-22,437232.6178,144.5151595,446.1557324,980
2019-09-21,416554.4269,169.1593133,444.0878752,938
2019-09-20,691752.6085,211.5760998,561.4875069,1232
2019-09-19,1023749.121,208.2426685,627.2972552,1632
2019-09-18,1204953.935,248.941386,873.1550251,1380
2019-09-17,1433904.202,208.1420288,849.4693141,1688
2019-09-16,812400.1518,191.4884033,619.2074328,1312
2019-09-15,339572.0861,97.47202216,417.164725,814
2019-09-14,416777.8736,117.4854964,453.0194278,920
2019-09-13,475880.1487,170.5148196,531.7096634,895
2019-09-12,420236.2248,106.6051688,461.2911359,911
2019-09-11,611005.4842,166.2532425,614.0758635,995
2019-09-10,460041.2114,90.37163544,597.4561188,770
2019-09-09,554876.4089,145.8657119,587.1708031,945
2019-09-08,415682.7346,119.9718667,503.8578601,825
2019-09-07,536114.6896,169.6758246,495.0274142,1083
2019-09-06,958949.7599,176.9710711,577.3327874,1661
2019-09-05,1281507.878,170.5963418,961.3712512,1333
2019-09-04,933117.468,142.3699375,684.1037155,1364
2019-09-03,599052.4502,108.7479273,471.3237217,1271
2019-09-02,565760.3401,115.9287161,368.3335547,1536
2019-09-01,538597.3963,83.08008416,493.2210589,1092
2019-08-31,330868.7816,84.29395022,304.107336,1088
2019-08-30,616667.7275,101.7776242,459.5139549,1342
2019-08-29,1111931.761,145.6776931,533.8126554,2083
2019-08-28,1731993.71,236.4718712,696.6989986,2486
2019-08-27,733965.9114,135.6233705,530.7056481,1383
2019-08-26,523971.2822,124.4417802,474.1821558,1105
2019-08-25,1199758.701,280.3780151,797.181861,1505
2019-08-24,486412.6527,85.78566756,338.0213014,1439
2019-08-23,436796.6378,96.29658997,327.6793982,1333
2019-08-22,671479.4048,143.5204233,430.4355159,1560
2019-08-21,725905.4886,136.3985152,433.1178333,1676
2019-08-20,569033.3382,132.76981,492.6695569,1155
2019-08-19,603204.231,111.9493728,462.5799318,1304
2019-08-18,1001362.474,91.95131999,498.438265,2009
2019-08-17,395875.4722,50.45241714,280.9620101,1409
2019-08-16,1029619.658,109.7511149,555.0510285,1855
2019-08-15,1862666.117,236.7005316,656.7934121,2836
2019-08-14,1835753.838,177.6280006,635.2089406,2890
2019-08-13,589605.8178,92.37350426,405.2273662,1455
2019-08-12,479874.3983,64.53999756,351.814075,1364
2019-08-11,536555.6894,84.83375307,336.3985514,1595
2019-08-10,600925.0124,104.8886286,384.2231537,1564
2019-08-09,1707831.798,136.7665065,807.1038744,2116
2019-08-08,764860.1737,101.558744,494.7349118,1546
2019-08-07,727039.6271,90.38013306,400.3522176,1816
2019-08-06,1055838.852,114.187912,512.7920601,2059
2019-08-05,1478400.661,130.8443379,605.9019103,2440
2019-08-04,461886.2336,65.25157964,305.4803132,1512
2019-08-03,478246.5471,100.2678968,396.5560092,1206
2019-08-02,1163043.324,183.9227717,625.2921095,1860
2019-08-01,890434.3701,160.682578,608.2201982,1464
2019-07-31,874686.9206,93.83100745,545.3160353,1604
2019-07-30,849379.3523,103.3150126,491.8235971,1727
2019-07-29,460197.3266,55.30813084,340.6345867,1351
2019-07-28,574572.1325,101.405257,429.426108,1338
2019-07-27,533613.1097,100.0348671,348.3114293,1532
2019-07-26,1823061.106,177.4539888,1187.661958,1535
2019-07-25,959195.4461,219.3872833,774.794383,1238
2019-07-24,1157597.101,201.4181789,752.663915,1538
2019-07-23,1187430.326,126.6655975,651.7180713,1822
2019-07-22,1164816.523,149.0425501,725.742382,1605
2019-07-21,492707.5611,101.7568797,471.0397334,1046
2019-07-20,1041027.885,119.2111908,628.6400269,1656
2019-07-19,945677.2453,204.6034301,676.9343202,1397
2019-07-18,1326726.523,169.0211669,589.6562323,2250
2019-07-17,2353715.725,234.9323216,859.3339632,2739
2019-07-16,3235615.381,445.1286011,1149.419318,2815
2019-07-15,2779149.095,242.3020934,792.0060117,3509
2019-07-14,2575547.417,258.6728871,942.7333151,2732
2019-07-13,803670.1106,160.7265564,532.9377391,1508
2019-07-12,943662.7553,137.0596681,479.016627,1970
2019-07-11,1599274.146,247.114487,781.6589179,2046
2019-07-10,1990189.247,225.4860792,774.3927029,2570
2019-07-09,2704713.993,271.8131995,920.9104504,2937
2019-07-08,1153825.452,183.9776741,707.0008898,1632
2019-07-07,778138.8587,146.7021257,503.3239707,1546
2019-07-06,1111629.469,287.9138222,864.4086072,1286
2019-07-05,1030238.68,220.1228617,759.2031538,1357
2019-07-04,1345161.061,152.5872585,656.4963696,2049
2019-07-03,1193147.341,155.7524379,518.9853591,2299
2019-07-02,1604375.203,274.7980607,708.6462911,2264
2019-07-01,1662110.208,264.4018341,780.6999567,2129
2019-06-30,1218866.692,293.8385354,629.2548747,1937
2019-06-29,1744475.729,305.2890625,830.7027279,2100
2019-06-28,1392284.262,251.1088589,740.5767351,1880
2019-06-27,3684142.811,364.6660797,1030.529458,3575
2019-06-26,3946421.994,324.7971235,1035.262853,3812
2019-06-25,1549565.178,233.3118781,880.9352915,1759
2019-06-24,784134.9245,192.1067941,502.6505927,1560
2019-06-23,1453646.126,219.1966502,789.1672781,1842
2019-06-22,3027178.494,223.9829156,1065.157809,2842
2019-06-21,1754185.342,211.6546359,829.4020528,2115
2019-06-20,672319.9474,199.5715879,616.2419317,1091
2019-06-19,608085.5205,133.2141418,507.5839069,1198
2019-06-18,649516.582,133.314576,449.4924443,1445
2019-06-17,1090308.59,183.9098235,664.4171788,1641
2019-06-16,1924881.262,241.7930251,1043.296077,1845
2019-06-15,1542011.354,184.1154206,1097.516978,1405
2019-06-14,998830.8403,133.0315151,586.8571329,1702
2019-06-13,1121788.388,159.4402905,704.6409471,1592
2019-06-12,969602.2693,198.3990761,721.4302599,1344
2019-06-11,553483.5001,117.450738,438.2292162,1263
2019-06-10,1120420.847,235.9348259,758.5787728,1477
2019-06-09,598366.6353,150.647713,449.2242006,1332
2019-06-08,484741.2892,183.4703944,588.2782636,824
2019-06-07,1518676.777,248.8311462,1035.932317,1466
2019-06-06,964297.1509,220.7104363,690.2628138,1397
2019-06-05,934102.6589,200.6398494,580.9096138,1608
2019-06-04,2422406.389,287.8772687,1117.34612,2168
2019-06-03,1375141.807,259.4597168,916.1504376,1501
2019-06-02,727223.7539,183.5891424,684.1239453,1063
2019-06-01,794336.755,215.0878956,674.8825446,1177
2019-05-31,911268.5473,206.7690727,605.8966405,1504
2019-05-30,2311367.345,272.9357859,893.4547141,2587
2019-05-29,828400.2772,186.7122771,605.9987397,1367
2019-05-28,990387.2798,165.0749768,803.885779,1232
2019-05-27,872335.8173,210.3115889,588.2237473,1483
2019-05-26,950582.6454,198.2037827,570.9205078,1665
2019-05-25,916807.7411,190.3742515,731.6901365,1253
2019-05-24,1412564.245,249.7841187,819.828349,1723
2019-05-23,1399566.198,234.4818546,673.1920146,2079
2019-05-22,1482091.006,208.2049787,800.2651222,1852
2019-05-21,940217.4956,213.6946075,581.4579441,1617
2019-05-20,1248362.128,247.2588343,865.1158198,1443
2019-05-19,1258188.087,253.9526367,752.504837,1672
2019-05-18,855565.641,249.1241378,665.2921003,1286
2019-05-17,2132282.891,370.8276855,959.6232632,2222
2019-05-16,6148822.17,477.7888274,1594.198126,3857
2019-05-15,5088663.458,429.5304641,1564.779661,3252
2019-05-14,2199346.196,247.603312,803.5609048,2737
2019-05-13,1402108.266,180.6973157,631.8649237,2219
2019-05-12,1802494.117,241.6031586,729.1642867,2472
2019-05-11,2552939.61,219.1197609,836.7550344,3051
2019-05-10,711672.9014,168.2271475,384.6880548,1850
2019-05-09,914357.8377,132.2822609,513.9729273,1779
2019-05-08,1282965.726,200.2355866,987.6564482,1299
2019-05-07,1360395.495,279.2462391,982.9447217,1384
2019-05-06,1154561.625,191.9394121,829.4264548,1392
2019-05-05,615228.813,161.9037018,738.5700036,833
2019-05-04,473395.7999,160.5018525,478.1775757,990
2019-05-03,858417.9141,233.7152511,715.3482617,1200
2019-05-02,454529.9063,161.9284321,563.2340847,807
2019-05-01,559285.8693,252.640358,650.3324062,860
2019-04-30,1081415.937,275.229514,824.8786702,1311
2019-04-29,817608.7063,231.4148045,766.9875293,1066
2019-04-28,570690.2176,191.8252063,669.824199,852
2019-04-27,746213.9717,249.4079099,798.9442952,934
2019-04-26,2120079.876,346.114574,1121.735384,1890
2019-04-25,2537620.465,330.9757791,1372.428591,1849
2019-04-24,1429861.466,248.8605288,883.1757048,1619
2019-04-23,1333622.778,218.437819,982.7728651,1357
2019-04-22,924643.4688,178.1654041,717.3339556,1289
2019-04-21,1192621.059,243.5927803,776.4460019,1536
2019-04-20,597575.3372,148.9926189,570.2054744,1048
2019-04-19,1093931.5,172.4949469,836.3390672,1308
2019-04-18,1124709.447,174.7780029,739.9404255,1520
2019-04-17,862489.0452,159.6816652,827.7246115,1042
2019-04-16,789186.288,206.1610442,748.0438749,1055
2019-04-15,1131009.366,314.7325178,915.7970577,1235
2019-04-14,598302.069,165.6285858,664.7800766,900
2019-04-13,526796.0665,162.287766,685.0403986,769
2019-04-12,1164469.776,247.1713285,853.7168444,1364
2019-04-11,1410089.907,173.7575233,884.0689072,1595
2019-04-10,1758217.23,199.1629071,1048.430072,1677
2019-04-09,2334913.869,325.7625449,1453.869159,1606
2019-04-08,2421591.368,287.8274505,1085.428672,2231
2019-04-07,617054.5012,168.5499112,529.2062617,1166
2019-04-06,541408.9172,165.197817,563.967622,960
2019-04-05,525294.2548,158.6342707,475.8100134,1104
2019-04-04,859641.6177,163.2045441,693.2593691,1240
2019-04-03,2374490.657,271.9354344,883.6958157,2687
2019-04-02,1220979.006,170.6202343,679.8324085,1796
2019-04-01,445744.5362,140.9541185,444.4113023,1003
2019-03-31,395087.4016,117.3146447,522.6023831,756
2019-03-30,432910.5134,140.4067535,382.7679164,1131
2019-03-29,540596.6802,139.002009,459.3004929,1177
2019-03-28,814491.0259,137.2838161,756.96192,1076
2019-03-27,459473.5855,135.554049,463.1790176,992
2019-03-26,560682.1071,130.0840767,509.7110065,1100
2019-03-25,536522.0516,133.2047191,588.937488,911
2019-03-24,400179.0822,135.9536751,570.0556726,702
2019-03-23,296810.5746,124.7790303,662.5236041,448
2019-03-22,426482.0394,136.2692261,581.0382009,734
2019-03-21,736354.9314,151.1519392,764.6468654,963
2019-03-20,469334.4364,122.5695628,631.6748808,743
2019-03-19,328422.0153,136.1308206,521.3047861,630
2019-03-18,469174.3788,123.2692584,479.2383849,979
2019-03-17,442221.1233,129.5454843,545.9520041,810
2019-03-16,723686.783,155.7445723,784.0593532,923
2019-03-15,343114.0315,133.5369146,450.8725776,761
2019-03-14,331382.0446,108.549747,450.8599246,735
2019-03-13,382960.3555,99.31428888,516.8155944,741
2019-03-12,361172.2113,92.98650649,335.9741501,1075
2019-03-11,398723.2433,100.2265485,390.1401598,1022
2019-03-10,244974.0777,82.32938408,255.181331,960
2019-03-09,1058755.289,134.2035217,563.4674235,1879
2019-03-08,556998.1868,119.4029333,403.9145662,1379
2019-03-07,592021.4835,151.1777631,638.642377,927
2019-03-06,582183.523,165.5317068,592.2518037,983
2019-03-05,829923.4866,254.6535377,667.6777849,1243
2019-03-04,948795.336,214.7962667,774.5268049,1225
2019-03-03,456717.4073,135.7268613,617.1856855,740
2019-03-02,561048.2772,186.9781394,691.7981224,811
2019-03-01,748621.1541,279.9077057,878.6633264,852
2019-02-28,394135.4606,190.8159516,569.5599142,692
2019-02-27,1018917.247,225.983087,930.518034,1095
2019-02-26,493663.3365,137.8291518,530.8207919,930
2019-02-25,664918.3447,216.3053498,714.965962,930
2019-02-24,1240774.453,395.8240258,941.4070203,1318
2019-02-23,830989.2596,357.7927246,978.785936,849
2019-02-22,557842.5966,309.6385564,823.9920186,677
2019-02-21,480555.1601,289.5893555,754.403705,637
2019-02-20,539003.7927,312.4821964,728.3835037,740
2019-02-19,591464.085,293.8079349,668.321,885
2019-02-18,490570.1352,236.030249,599.7189917,818
2019-02-17,447055.0528,100.3868721,463.2694848,965
2019-02-16,266908.1327,125.2095194,635.4955541,420
2019-02-15,679611.3273,316.2602192,1175.798144,578
2019-02-14,593459.8435,226.6464385,811.8465711,731
2019-02-13,570988.5753,245.5582022,632.3240037,903
2019-02-12,511513.1523,194.1274805,595.4751482,859
2019-02-11,218809.1556,184.3195675,566.8630974,386
2019-02-10,85166.01918,116.0906906,381.9103999,223
2019-02-09,108613.8747,118.5069685,335.2280085,324
2019-02-08,104439.9333,108.151636,361.3838524,289
2019-02-07,44399.04653,68.10992508,217.6423849,204
2019-02-06,51546.72089,102.966301,252.6800044,204
2019-02-05,33598.63055,39.32128187,186.6590586,180
2019-02-04,24618.23761,96.82841219,205.1519801,120
2019-02-03,31357.20363,75.59846245,178.1659297,176
2019-02-02,14624.81443,46.77362308,128.2878459,114
2019-02-01,28648.52595,105.1210376,234.8239832,122
2019-01-31,44265.82005,54.63421631,273.2458028,162
2019-01-30,21467.05885,62.91754406,137.6093516,156
2019-01-29,24790.13528,76.71602896,157.8989509,157
2019-01-28,39839.35452,105.272361,158.722528,251
2019-01-27,18460.09803,85.20934572,214.6523027,86
2019-01-26,26421.19525,100.2124902,259.031326,102
2019-01-25,10331.39215,51.36794556,100.3047782,103
2019-01-24,27626.98556,45.26357481,182.9601693,151
2019-01-23,12418.12236,18.90214833,75.26134765,165
2019-01-22,23450.07825,52.70695843,147.4847689,159
2019-01-21,9782.64219,34.20754942,65.2176146,150
2019-01-20,11868.74691,59.53149033,129.0081185,92
2019-01-19,6785.220995,33.47976576,90.46961326,75
2019-01-18,7759.425878,87.09800411,141.0804705,55
2019-01-17,8655.796845,24.15702134,93.07308436,93
2019-01-16,7995.758331,61.89679717,98.71306581,81
2019-01-15,17437.87284,101.9019836,193.7541427,90
2019-01-14,7352.491985,63.68734102,141.3940766,52
2019-01-13,23690.62688,117.5916556,221.4077279,107
2019-01-12,10259.54798,126.9028015,176.8887583,58
2019-01-11,10657.60217,31.39515305,119.748339,89
2019-01-10,27969.01085,128.0951059,235.0337046,119
2019-01-09,6648.826399,50.2642979,138.5172166,48
2019-01-08,6983.81583,58.862237,151.8220833,46
2019-01-07,11702.82945,152.8767369,167.1832779,70
2019-01-06,18309.59377,78.98005203,277.4180873,66
2019-01-05,10704.07734,111.119274,167.2512084,64
2019-01-04,12226.69838,75.17953491,130.0712593,94
2019-01-03,9518.087757,37.6539928,96.14230057,99
2019-01-02,7301.371901,76.78123351,128.0942439,57
2019-01-01,8773.953481,135.4251556,213.9988654,41
2018-12-31,11349.9503,133.9168854,241.4883042,47
2018-12-30,7038.027168,27.41961819,97.75037734,72
2018-12-29,23389.07842,136.0879247,170.7232001,137
2018-12-28,5536.405121,29.0522658,93.83737493,59
2018-12-27,12894.77134,29.74157143,115.131887,112
2018-12-26,8191.922621,25.70971106,91.02136246,90
2018-12-25,14044.61551,26.09621447,98.90574305,142
2018-12-24,31138.85355,106.4714425,206.2175732,151
2018-12-23,14690.40425,103.9057255,151.4474665,97
2018-12-22,4328.597392,78.13256858,80.15921097,54
2018-12-21,13045.87733,109.9915924,123.0743145,106
2018-12-20,9898.658256,102.7711055,109.9850917,90
2018-12-19,19304.67845,105.5459407,193.0467845,100
2018-12-18,12706.19283,94.76952336,167.1867478,76
2018-12-17,6123.880435,90.98144388,113.4051932,54
2018-12-16,2944.792787,65.88368107,77.49454704,38
2018-12-15,8197.620988,63.22016815,117.1088713,70
2018-12-14,6719.402594,50.93897581,129.2192807,52
2018-12-13,4009.430959,17.64239024,51.40296101,78
2018-12-12,3805.412836,17.69947745,77.66148645,49
2018-12-11,6889.46862,18.09651417,61.51311268,112
2018-12-10,6643.536171,40.75826792,100.659639,66
2018-12-09,10738.30312,70.78912485,118.003331,91
2018-12-08,6926.370215,80.382218,94.88178377,73
2018-12-07,16761.39707,70.61076756,105.4175916,159
2018-12-06,16686.93727,96.67433167,142.6233954,117
2018-12-05,13419.64793,107.3941781,125.4172704,107
2018-12-04,12003.55538,110.0353569,137.971901,87
2018-12-03,3249.898667,79.26386186,75.57903876,43
2018-12-02,5337.14528,29.17216873,161.7316751,33
2018-12-01,4318.908635,27.39347698,110.741247,39
2018-11-30,8544.070524,55.15084545,251.2961919,34
2018-11-29,3348.193235,60.73500072,104.6310386,32
2018-11-28,7146.291523,114.0743103,142.9258305,50
2018-11-27,3748.580596,105.2745895,187.4290298,20
2018-11-26,5012.810301,107.8266556,161.7035581,31
2018-11-25,7386.869366,105.5269168,205.1908157,36
2018-11-24,2926.337494,118.1954306,154.0177629,19
2018-11-23,1748.943587,30.37385731,60.30839957,29
2018-11-22,2737.46658,53.96804199,101.3876511,27
2018-11-21,2868.626011,57.40476045,124.72287,23
2018-11-20,7082.296706,126.673606,147.547848,48
2018-11-19,1602.952832,68.283156,89.05293513,18
2018-11-18,317.9516498,26.19716949,39.74395622,8
2018-11-17,506.3815371,50.37033894,56.26461524,9
2018-11-16,2469.330687,88.14253424,112.2423039,22
2018-11-15,6813.207645,26.02562673,154.8456283,44
2018-11-14,5263.558761,126.7400591,154.8105518,34
2018-11-13,687.6905824,8.499386372,28.65377427,24
2018-11-12,1379.173291,39.98894943,81.12784063,17
2018-11-11,486.413968,10.51550674,27.02299822,18
2018-11-10,2551.878637,12.58857298,121.5180303,21
2018-11-09,1419.75189,62.52631989,109.2116839,13
2018-11-08,2505.277417,10.63258743,83.50924722,30
2018-11-07,508.1959454,9.955302215,22.09547589,23
2018-11-06,331.6514823,14.91511752,27.63762352,12
2018-11-05,60.99849732,1.949076082,6.099849732,10
2018-11-04,78.20494207,5.825603843,9.775617759,8
2018-11-03,1216.2551,4.933317664,135.1394556,9
2018-11-02,985.8992969,6.269689725,25.94471834,38
