0x28317f3f083d6d65e7bf3f1926eae81409719c1b,t
0xad5f84f9079fc6d44d52fc71eb85c59a50745f8f,t
0x6147d5d77696dbd43738d852c2521bb83d2937bb,t
0x7d7696a4ffe79d4deac802e89d3ce1069d7ff724,t
0x282cc57231071864d57d304da40b0b4237867774,t
0x448bb8f15b115cf267ef7a46ff689117537abade,t
0x1046eb0dd8f45abceff2410a5ecb6896915871fb,t
0x583c9404923b02c65f74c2c1ece8735475a9ffb9,t
0x2819f8286c7567ed7c7bf0f6b79f7efa40de094b,t
0xd0cda8d99340d66c0a4c613695b68cd268174bef,t
0x0dce6edd30fb86257e49f6aa32558f44e6544a59,t
0xa4651ae752ad769fcc799422f588d2ecfe43510f,t
0x36191c13859a88752a15685fcfc33c76cd77218a,t
0x45465c72bf4215d7421b6558f1d4f81178663790,t
0x52ff6ce8501a43c6cf3bf55afaff27375a8bddcc,t
0x27dbaa9bffda700187a4879661638f9e1b01a264,t
0x27d7dc3eba093f5a8ea27025c4a240a8135af85f,t
0x84004eb4a822cd38dd957f40944bd5c91660f020,t
0x72d6a52adae9a0eb6af89f6ccdb447e361df91f1,t
0x27a8e235c7bc5e2a47f8fa811bf61c021dbc86c9,t
0xb4868c9e87f0d51e9a773ed85e63003750756bed,t
0x278d62a4a81cb37d0abea506b2326a1d03c85d76,t
0x699584692aa1ba00a49297092b4259b11abd007e,t
0x255db42bb6f3b64610a1add20ab3aaa984b7df68,t
0x2e1eec9908c9e324551b6aaba3e8dc8f255784cb,t
0x4e3e786ea4085ccf2f445f19b0338d3ed0231fc9,t
0x2773ef4c92b978ed1fffaae452ca7ef32201d1aa,t
0x3ab3a67e7d88db4f5105ebf17451b8e3f0f728c1,t
0xc078419833f9cd7e22af92d703bbe7ad80b62b1b,t
0x733c00dd9580a6d9a489474da9885371e3c1a378,t
0xf6dc7d8f65da5a18dc703eb5927b01a6e8b090ff,t
0x274d47972e0eb818c62cd9df24bada2d80fcc21c,t
0x1254886687b590a8ebdc309283683ef7341f84d8,t
0x0409d2b1e217c44934193cd555e2cd252d6abbba,t
0x77699c09c0fbf91e44fb4b227fb8a15891e2063f,t
0x99bfe71bbb1874482af59f0be67bd38475e6d22e,t
0x272f394f5e21af065c982c2617e7daa00ba903d0,t
0x491acfd84f4137777abc4cf4d477d4f32c244a86,t
0x71a75b9a10c165224341d1a1393fea489e51ec50,t
0xd99873bfb17fbf3e0bad02a8322de1208e6f4dcc,t
0x74a73e8751d9b6f84214aed0cd74d88f2477ef55,t
0xa37f6c27c603619b729adce9849f2c4fcf79ad83,t
0xda01d1c8b4390487aa135a5d9a5561c9930087ea,t
0x57930aca078fcd224b4625c037bcbfd604a953c4,t
0x2812a38da7ccd64624b5382ecbfbf0568cf35b57,t
0x7d3eae11c82564ac4a7a81927a0d63b7cb3cc716,t
0x26e6c7f8ba88e693d36a9698f5d7316051964877,t
0x5fa03e954b4b0ee92962d683d053d92dfd6753c3,t
0xce95dbea7f32539c32e4787c1010326f8bdf1eaa,t
0x4ff1ccccbf5411662b1add8c3a24731c2b138afa,t
0x3a21b203d6f1b8b46b011426aeac19f901eb2d71,t
0x33407f621b1cfc463db91951ffa546acfd83af47,t
0xf0054ee26d97daf918cfdccdcc5006f374ea880f,t
0xd25e57f3bb5586e8822055778827bd8a153ba164,t
0x2670fee5fa7e04aaf97e7b58405ee07d00d44c33,t
0xb1505573776f765b711b192d9538a75b2e6cd675,t
0x2663eb2874884819862c47b46c70a88bfcfa5aeb,t
0x33fd5a298f20e4d19808f1525699b25df12c245f,t
0x264ac45b6e67fa2cca74378c7190598f58f6f782,t
0xf65dbed44c71498c644d96aa49c8135bfb61287d,t
0x1955709d86754bbe4b49788c50d3316bba453eb4,t
0x4fb94d26185d6333fe1236f0f900819966e637ae,t
0x2619cf65a898c917035b5afe23d6f03662636bfc,t
0x203e55d2069d494452c1c38b2584049495a4ed74,t
0xc30c1697b04c7414fe632eea78144d3ba77b321a,t
0x53dbb362587e839dd1b35069143988023226c376,t
0xd53d5ea1c50cae08bf29566bb9060b88146e7c40,t
0xd5c7e5640b0249d0c82b2795c2a9c875d0c27f6d,t
0x6b598f112e08378fad9cab248b8f93cee96dcdc5,t
0x86e7cceb00ba06f060144deb8ddc4a26703ca59d,t
0x0f850fde370466d8bdfb367362497214095e5270,t
0x6f5a5a5e5f5d93667870bbbe236d8adc34550f5e,t
0x7688b399c3237d098be4688d222d586ab5236451,t
0x5ab172e82b860bfb13e1e8bea6138ab7cff0b0ae,t
0x9a5cdc551713f81849367f65446a054c7c02079b,t
0xf9a359bdae3c262d3b2d87822d25c0c13be86947,t
0x5ae81b895cc7b995e288b17288525878c85a64e0,t
0x2aa6f19fe4951ff7cbe08f331943bbbbc11288e5,t
0x797ec9dbc50d7f4cd4fdf186dfbe8ad0332313d2,t
0x899e25af05e9f8a44df6bdde31aa3d15672c9340,t
0xda5f31d1e1b7a2ea834b2de91430a42994388dac,t
0xb160af41084478567b9e10936670895bb708100e,t
0xe55ef5287a59e2b911ace1e4878f9e74933640f6,t
0x13d90032427d7db319713a07a801c083f6df6b28,t
0x2584796b505041a7b8cc1cdfd25baa6c6d9c3bb4,t
0x257c3810eeec31790242d4b89b66f407750b8fc9,t
0xd12544e4207f80b9cd0f63a64888ee5233ac8d37,t
0x25782ffc172b37db72f071af8763b773867ff2c0,t
0x00273b556dd0ac1d3db399591a07ef7e2ff7d2ec,t
0xf82bea7300eb8246ec922aba4058738b42a4700d,t
0xa236960cfaadfa0de55e157d21b092f89e769a39,t
0xb2f0153cf0d88e1a004a3aee5389726480e005ff,t
0xb1bc153efe31c4b518c97ca1baa6d610a52b263a,t
0x29994ff79a6948c4e4dea2587bc3f1a1799ee19b,t
0x2557c11058dbd2119e489afe04f4528f41590c32,t
0x5e7a1573620e0df38e41dd302f68d7d8e5b99bba,t
0xe33e3a7f44099d70f4498346686ed9435ff225e2,t
0x3df7adb028adbac20f44200828affa8b578f55ba,t
0x2064400c85d8bec4ff66c8b071879ae08eee6087,t
0xf3ad7d08240b09d0ee8ac0811fbee835ce2788e1,t
0x8767ae7ac22f1cfda1a39d3280486b79b9137ffd,t
0x69897bd3df3be6b7890bbf63c81f723919078759,t
0x251f28593872578a5ead1574eef61154c344b0a2,t
0x77db52eb257c26466a0061fe2075916a97e0bb6c,t
0xe95099dcd149ae50f0c303f550a3684809693c52,t
0x54f189c6e06b4dce5108e12486f24fb2397a2331,t
0x24ed47d23dabdebc744e38eb732c471795e2a3f8,t
0x24e6d835f23b9716af984f6604625c6b074015cd,t
0x2e28c09d3fc802aed4986ecda594ca85b3c2c2c7,t
0x7598130c82f890e53575b2c791a89d8b3ea7eadb,t
0x391e45314c4425cb1feac28b19c589d4f4303e54,t
0x2b86d6c51be3b5caaeba09bb3e1c2758c745a265,t
0x24ac35860cd70f6b0e2e78dd031cfad769f5bf27,t
0x24902018b13c19026ffbfbef1430696300de8a29,t
0x2e678967ebeebf2f01b726952bc76562575525b0,t
0x247d13b12ab46046e190af8bdfe4ccd30fa4a4b3,t
0x517794c8c8fb3af119d85f5bf570210a8dc6f744,t
0x2477b19385184fac786b8b0b0315d8eeec775ec3,t
0x7a77b49ba219462f90f67d3e1a6b98ded14132c1,t
0x47f7d498079b5b6ff0de0d8a96ad75d62b632eb9,t
0xd7f22d785913db334f9adad38cf0a5538ad423e9,t
0xd69a346f518ef82e2edb9c8899ef6d1761651156,t
0x66d38094b7260e12609d51b918a4b515ff9a4ebd,t
0x3be7d2d426e93bdefb85ab579544ad8a49256572,t
0x245994017eb80e4e4878ffd2cd2ed23aed2d0120,t
0x24521b7e1ca93e0f685538793ab041417635f3c1,t
0x928abfcdbef4acd34fc6196830fe193765ee13dd,t
0x43d99bd244ca58196506a1ce5b40cbe0fb464e8b,t
0x261ca022c622d33b574fe6c44d2aa9243f1a20e5,t
0x2433892cd92b5c03c5628143160c533fadc3a2f5,t
0x242a1b53c168dc1cc3e0c96875cd99a67589625d,t
0x9583613212ce9e9e4bb472735015cec7a6b174ea,t
0x0ed3f950ebff14e9f3370640ee34075cdd5bec0a,t
0x241facd61442b0758c49d471a602321806e618b4,t
0xeb2e33f4fd95f37d8a4de66a4d9f21fcbdb1d82f,t
0x77e731ccc0fa92c05d1b961381ef50c6491e0749,t
0xba0c6e6aa812f27eb96884e08bf04f30d46fd0f8,t
0xd653598bb7ed41d996fb345d4275aca752d9e4ed,t
0xf200c935d20330596d6a0205c4654736090adeed,t
0x4cb1fc82105a595b36f8bb121fcc2a949ab5fd27,t
0x856f2bffabccfcf979fa4cc44bf31a16ff941f9b,t
0x085586a18a18b329617ac0e2ee398ac0fcc023a2,t
0xca988a3a1300dd09174ad3381798956edf304e51,t
0x310b0f061001daa2eed473d10c42b4f3feb0dc85,t
0x400a151ea57a4a21bf2504e6ea44f477d6003702,t
0x6dbd8d124557e6bfc6d7511cfa51a19ff8ebd37e,t
0x9860e20f1db11199ee4a025eb181b0c1c1ac9c42,t
0xb35ecf80297dddcc8cdb99753f905a399e6cf075,t
0x82f0a6326c38ca93b35ed3525617000b025a9100,t
0xbc36c7054caee12cec30723ccd716431f58849df,t
0xa87469931a348664fdf3125670cc1599c2150d07,t
0x23a837d724f3742aa3fae1b560d82ba24b6f08b8,t
0x1bfc0b7e1a879056cfa499724741f0bd406252f8,t
0x3bb089d84814b15ae33f903d0a4291b1907a0b8e,t
0xedbf3e57ba38ba323e567be596cc57635664df27,t
0x49aac03c9eec28a79209e8271b7647e11505fc4c,t
0x238ce6881737cb501e4698f0eca399adc11e6cd1,t
0x53c80ad82670df5cde9be867de1c73d138331fc8,t
0x2363d2dca421bce59bc9cda41812746c40b29724,t
0x00109de7b535166e005bb57073eef628f2b2045c,t
0x907c030c9d554818cc9c63ca2aaf0a97bf1ff251,t
0xf829689e77ae68286911baa12296f4227ac62ebd,t
0x95b4a6d68d61b22cb15947da98dfe6c945b851ed,t
0x4fa7887e2a3967f4de47a65efc54b0a8bf56b409,t
0xf51fd6f29e3f05ca7f898b53c0e8d038d92097ae,t
0x5773e0a0cc0e51d8761c6f34bb9ae77201eaba22,t
0x8feb7329cf92daed62446e0b33229b573399c2d5,t
0x230e98eac5aeee700d27d47623897cf52b13b55b,t
0x7c17107da708649aee364dcae5d0825979940ae9,t
0x97611ec6f3d457d8eaba00b018563ecaf15af99c,t
0x47b4a459090e0b60492baae41bf39ffa7ea05dc5,t
0x603a8bdede6530e6e78e3b56b8883ee24e3ae216,t
0x4485632d0c8fac53d70f9aa1cf7c3c7ade334df1,t
0x509437c5342db49c56d23768ce121da64b35dc2a,t
0xeddb6b27b8283945d7b92c1ee5d84b0223476b75,t
0x4e469bc00bdc8e453a5b94baab27a7838c9347b9,t
0x22a0cb564a207d05b2f331eba1b12beb4430389e,t
0x9c349931b32cd88cf0f013b11ed7c84f7147a30a,t
0x229b323fcb358c295619b580d714937df95f0071,t
0x2295ce7d11165caba09bbe5906ca34c551fc0290,t
0x5dfb21234da4d5ecc3de70e01ae6bc242911f808,t
0xf9e41adeb3f80501f3983d3a9c07cb79838c1ff2,t
0x9b3fc8c04df664653c2fae22208849203318b0ac,t
0x1c1791be3b06396c870ad6e3cb5bd7a4926666ff,t
0x23fd34afb4ac63323cc05a0e6a2ab27ca0650793,t
0x0fad010868ec00bf4da9040bc6f75dec1e853b67,t
0xe893521ee9a2707d843660014c92977361e30519,t
0x253643bd61950801b94827462bb30d1859b6373d,t
0x237f9ef0b694b6cb929bc02070cea84d1f54394d,t
0x4451c172387cd36dfc3210c37bbd91c652178dd6,t
0xfbc46f1026cd00b9b1c3b4695fb6b8ebc324c2da,t
0xe4a8b38bf1bb42c3819d391f61515659a2dac5a0,t
0x0c3c24b96b426a26a4096e8e0b3c2232be0d293a,t
0xeb6d85ff965506cf2639a828c3c04fa9f0d09112,t
0xb288f6c38a9bce48573764534e85727f349abd00,t
0x220fa1e83b826bad7ab69f4ba34a0a998a568eba,t
0x2203f739f0ae3d5fad8ec77382f59fc888c1bed1,t
0x7173bc6b1c8b4fa278bbc2b3401d5acace864b35,t
0xb8faa1603b2787d47143234e0399a8864a5d666b,t
0x21eee7ad45388df4dcf192c03720ba98ca14b699,t
0x0ec0a945738cd45225f848fed15aca36b545c831,t
0x94c4c1b0d9d6569a181811ec3d1b3c96dabfc494,t
0xacaf7008ad335db7409a214d7312fad6bf936127,t
0xc13fdf2843c6a6f54d9da9c8ee2548ed6909b27f,t
0x5436c1103ad12007487ba104d200230fe98fe270,t
0x9abe84ce1f4eea2cbd38a9b7848d65fe3e4b476b,t
0x650304934f779f6d05e206a21a36af6dc17efc95,t
0xc6da0b24d1ede75559bb61d35f2a9bdce8104208,t
0x845b3267022b26fe609084f095ef660df4a1e9bc,t
0xe3fd8be5c6e609267184f007c1c6805cf0fcef0f,t
0xd02ccc7f446522d0b84474f6fa13c226cf2ace24,t
0x513bb587b14725c4a9c2a7ecf0f76de51ea73f51,t
0x3da9c9d16a3d15d079e61bc7820965ca3d5b1185,t
0x35b289bf33c798bc6b2121c57c564cadb71b3d40,t
0x5ff214c9874a4c81f13c699446d40738c9952580,t
0x3cfc1e906a48512b043bd6cf8ea35db119e0e06a,t
0x9637fb9e64bdb5c9b45223cb41405883f9f49af9,t
0x36b7ad1b7b35d8fae5d15d5a8b00d14c5cb138c4,t
0xed29cad3291464c0ad313d6d35cf54af5307fa9c,t
0x63f9f984b0c84fab2b5ad3c0083737bb4d3204bd,t
0x2ba7dfe2a614ddd5e709d54fe09a9dda93c39b86,t
0xe5d34451767d1a2abc6dfc717a0cbb654acfca2a,t
0x028ff776949531aada1fe98372b0f596cf170563,t
0x6d5c1ef02ad22efe6652e266a6fde40e87b2d5fb,t
0x1b213bd46adaddacf6006da3b73e3ae70b82b9c3,t
0x6ea12b60976104d7af8510ac6428ecb99cbc1bfd,t
0x952ad74db436687ded760921f35f120d0a2998f1,t
0x0d5b7dad5d0664695f43764eeaf2ae7dfddacd18,t
0x51c16b20e877a0447d9ce897ae0a8b0a5564fa2b,t
0x69d5b20ffc1dbe7bcd95d50aa4974ef113f50279,t
0x4d9d14fc17f70d6d793089c062e553a707d771b4,t
0xe1e732aa4d4a0f20221d2f926ea545c7b3342ffa,t
0x2b3182da8b7a1a8e5f728450b85eb063d0609c44,t
0x4ca61cba45e5aee1dc4cd24b4c957c388e75d067,t
0xd83ee3f2f30d7cda1d74a5fb26520bf759e82a2a,t
0x14ddff3eaae846c55b4c128c82699ca9c7bce426,t
0x403a0902d22f9758df435a74921d3d7edb14d494,t
0xb9e5024d67466acab14b5c2be7945bdcbbbd6c75,t
0x1dff8bb3f2f13c2f4636d567c04d3431cfc82f1f,t
0x5805b5e4b866e9bd3aaca1cade485019be82f4f0,t
0xc3f2061dd415a31fa765eee91c12d8859c7a6cc4,t
0xe5d37dc7e7ce6963670a9092994ec01ca2afb4c7,t
0x1caea9c09972182cbc11c23b8f7aed253dd35d86,t
0x27cce83e573a4d2da9117af29a872a30029973d3,t
0x15e21a06a12ee5c7655577a40ea2e589810fffe6,t
0x20702ed0c2a94b644d49b00e147ab33e1a2369dc,t
0xf4d640cf9159b2f989b64f22f60585b7c3dc9422,t
0x3f86ebc423b2908bfa5fec8cc8b1e85107636d57,t
0x5860ec3c05ff8bb524e6f975460a1b6fd06a8e3c,t
0x191e990ed0d07bc81a2564a0a87d635660ce79dc,t
0x203a408956dbb84f2a461fefb7f368cec28462f1,t
0x4b5022420674a3fd88c2661af7b0d341d5bfd20f,t
0x2cdeb7e7fada98d854eb54118aa8e51c346a3146,t
0xdd91c24594e959487ee3d5d265da459238b5158d,t
0xb2368199062cb0ce9c2caf74eb7929ad4e3d1365,t
0x0413be29811f6dec2f1f63fc6f0228af08ecc174,t
0x4cfef82b74d6fcb4dad205c3cb5aacc8fa4248a7,t
0x58fe82e152f4543423053c8d3de1852dc8f68597,t
0xaa4ba008dc503733c2999089f9cf09ed10755f5e,t
0x837b7cc63b0426af7246e3a131b2d93c2197db97,t
0x6320f9c58ee9994ca037be5f80d76eff723a2152,t
0x75966a26a7c3b6869d02d84c79b3b825fd99db6b,t
0xeaccd505d4e4ee414cd68f2d1f04036a3ea109cb,t
0x9203226996cbcd70855b0a2365e916315a9e3adf,t
0x1fe2f342bdca31ac7ab817c28d7df7ff873f2720,t
0xbcfaa7eca315b7e46c72ac1fb0f22bf83fe65721,t
0x1486d5721f1d557b8f3ae248db868c959ce0fd1b,t
0x9ab97cb816010cf1abe8e67f6cfc56ce3be917a3,t
0xe9d43a8080f395aef3c9ea0b3b2acec3498c16fc,t
0x1fce297c3c2654f3ac36927cee572bf5704daa9d,t
0x20f8f5c313a64a9d408814561917ea43ca4ff01b,t
0x74d512aa224a40200b31ed35e2b7a8b93ef038c9,t
0x451e9948f930c33bcda8d97f99fc1df4737921db,t
0x1fb69e5a59bebdc4bc83d4eccb5a5435ad58d605,t
0x1fb393de95a5bb54f067d1341950fc68c02148c8,t
0x6558ddac55054260d91dafae7a2e5b875c47d74f,t
0x5064d9b8d4920cc46cbe57e829892e2dd09c5a0a,t
0x39ec392d5228e4338337a2b60a16a1e7a1bd2f00,t
0xc62b09ed98814011241e9becabc001554c3817a7,t
0x941553392f56fdf494dbd9712f26eb5fed1399fb,t
0xa66b7e13467084f248e7d731eb2f9ff8e43db1cf,t
0x2571763234257588adbe6490b9eff996e4dd9f7f,t
0x7b82ff36dbf9ddfd70f32fc511ad84363636cda1,t
0x1f5d51795f29da873c221058e6bf34a6c0157210,t
0x9993c65221dfb6cd386545500c4c26d2a875b914,t
0x9136e42d1dceb6fdd318315da08b44c8d74e2dfe,t
0x4f74cb2ae38f42556b46f5e5b0ea7e27bda1f16c,t
0x10df67573401d96ce7a31c0d058cc2387f2f9b21,t
0xf243343c6e5fe82bbb0e54df6bed440641260900,t
0x24b425427408b454571c0e1d5a0fec77620c5eda,t
0x482d78287ef49aeede4836d4fd24c5f807708141,t
0xdbd2a2ded3504b25a522b7320a69737ca95739ef,t
0x6cb67806dfc219347cfe65fdf36a32575e32bb6e,t
0x1f0dbacfb5e4f6ec8ee548ed1618897c9ce74ab4,t
0x910bfe74240705d25918e1be022a1c303b004748,t
0xedac6fb7eca017c34dc7983f22b0d1020bf3e2f6,t
0x39a3fa51d8c1a28907d3e09e0dd743e188a9edea,t
0x8e2874cc9009bb9fb38b9a8d029ddb5c3c43794d,t
0x18f768455e7f5fb09fc491fd86bcc282bcdd5973,t
0xaee1371e919b8e2f9eeb9eed4cb51ccec74d48bf,t
0x1876584a7b36ca5202670419338ca1b9b4119a4e,t
0xea1fc8e56d2dc37e11fc3bb84fe568b64ce630ea,t
0xe74925f08d8db5549971cd9c4d007dbbae5cbe20,t
0xb9609fa83300dc5d07a55f42a82445f467ce42c8,t
0x84ac9de807cefa7205b53108c705744da523f901,t
0xbb8aa3e7c067ad85dc515573491d2532b9b170ea,t
0xbf6add87ca15568d1e8084b902df2fb31a4967de,t
0x125f6f67e41b4d5674729aacee15cd1cc153abb3,t
0x7ae7b457c59d6e57cff62a8d70030310a0d43af6,t
0x9d64a9e0519a31cb85ade6ad9c2ce2ecbdaf5654,t
0x7eff29d0d86ebf1cb3051e2ff3f239f96ca1e7d1,t
0x8f1aa25822f4de42089970c55e6ab1111e134012,t
0x8afa333d7472fdc6f2be8e9b49b8c8f5ac53693d,t
0x5c7cc33fa21baa7f04aa22a567fab3b94fff609c,t
0x7302bc5b47f5588174a148c90747a88cb528a8c1,t
0xd57ca5719882da629f8436ef2aca460bba3bd3bb,t
0xa94289fed51c93654e0aec9987f750d2b5a21e92,t
0xee407382d84c87e7e55dbd40a5189c694e0f8dd4,t
0x1e4b55a412db1dadc949af085ac33643b0f42895,t
0xa6a19ca689e68b67134517a86c77436d768bd161,t
0x6323f407fd9a0866150d8f962035cc709228adf0,t
0x531062cc246bec48f7c33bf1c6a55a7a04562465,t
0x496cbcf761d4e613e99593db26a4aded113b4432,t
0x5eb03f5e454f95e12a58459166717a96118c82bb,t
0x95c9f449fa0651f888cefad559025f22072c1316,t
0x02960394ea135688c780e1a23f27858f6272217d,t
0x1e1a9fffbf0bf627d31a4b3f3f0614599049920c,t
0x54f147e73b5d0c47e6e4df601026d19bbbc94bfb,t
0x43a5a6097b5eac9e6ecbf8b1618494a2f867f35e,t
0x7d172f3091ae3d458824fb4720fa409452fd781d,t
0x77b6f2c41f65db84f8d5ee5c200fc95f6988eed3,t
0x85831f0d90ee01c2d342b91fe6797f0ccb27420f,t
0x1e0abe1a475bc1d3402afe5af36f0af2ee30cd7c,t
0x1e034933465e8fe3640925a7541ddb710cf8b68c,t
0x1dffa4b5e40c703854b150ba26d030d985ec4c56,t
0x5e37bd899abc2bd858a9b5fafcf7f6ff563a8fc3,t
0x7ce4f03fc74aaaf2e6f355edc16fd539ccea50cb,t
0xa2a70cb9df6e03c647f1091eea224bd0c1eb08d0,t
0xb59d02e1737b7c58612b950b50f652f2cfc34802,t
0x1fc5a9cc1be24522c58fe2d82b2a5561994da683,t
0x67fe7f1c3f3243aafc30316d6ece9de056891473,t
0x305e634a84edd4933abf432c89992364e70e834c,t
0x1db970ae17a08a861cc87fef44371ffd0bb9b648,t
0x638ae6922fd003315673452c92927ded01601abe,t
0x1127a7a4d4e56e065ede9a466a57976b67f22be9,t
0x1db4c0a4a528c8b51cac9c834e639688462e0986,t
0x77470164053dc677a9db6fc6e6673f3a09ccaff9,t
0xe162c0b38c446bc40df2e57c01465e3ae45ffd5c,t
0xaeefbbeccc5ebc56c47d812527c76706fa5d48c0,t
0x8a0cd16a004e21e04936a0a01c6f5a49ff937914,t
0x51eb8e19e49cbe0ef43701df966e936d2f0fcdb0,t
0x0c728c1fbe0cd153caf6e5f1e4ecf5d5e8865564,t
0x07b5ba57c167ca1ba4d77c9bd3c3a3b9cb674c3c,t
0x7e23c6ab8e21213f4a470df979d8e7348d30f756,t
0x1d50edf7e53086716eb76d76a82c737ebd320b17,t
0xcc1b92541310264a5a04fb446e681b9df30dc45b,t
0x7a1d63d0a4a4833a5664262a5f1781680b69ef43,t
0x6a267d4627a7e525893d2e2823ee6e6b4f903c07,t
0x065437ef6249eaa0f6a8193a08c3e343a590d9fb,t
0xe860ac63dfecab3330c01c43f59d230027db856e,t
0x5f52804383630a5dc06d75cb609b67b144163322,t
0x59b7a8ce7f0e4ae9cc1d39787948891210f49a56,t
0x3d7f6927562954300656a214f751d97040e5c11a,t
0xea7934b84b4b421ec922ccdb7aef8b5973fac662,t
0x1d18afaf8b8f31d46d2c90ea420f37a32003d167,t
0x1d11c38cff129daa448053a53aa898da084b57c6,t
0x1d0c27f8795ec7c580ea67344086ff004f5ead31,t
0x4daed8e2bd7590c50759c4b1c7c5b620e4d87873,t
0x503d2966cd4a26040c111824dbdd1537a34e9fa2,t
0xa160a4d246398ad9dab9dec42478f86568b009bc,t
0x2181e30d2d1ce011ac0ab3c3a62a6204db469e75,t
0x4c029ac2bdc53bc142d8a621d58a01c707d093df,t
0xa18e302a969e1302d063cafbf977c8f492381775,t
0xe23bd5ebc7177f549605121a169abb6e0f87a92b,t
0xd918219fd9be2de265438128988a0716c2be1236,t
0xb6921377b5cd2d00de41d6087630f6cedc3e218b,t
0xe630b16a6c270708f546086d64bcba69cec1f453,t
0x1cbd561e3c1b51f8039cd2974e82b121665b3fe8,t
0x43a92721ce4932d50d3e931641ee9762334ffd91,t
0x9f360c5638fca1057477f5adfcdf1290689461e4,t
0xf5efb67a179e0935e5bfd65c52cb098142ee6e8f,t
0xcd23f23bf74b7e6e223d62d43821c808547269a4,t
0x6387b222af3c3234df54b7c3cf23ff103950adcd,t
0xa13fc69548cb59bfda17d8bbbb0ccfbadc0ce855,t
0xf368a4e099f3ed40e211236e83ca4b5d463dd67b,t
0x0b2f35a8e0403919a05ff6ecb5266b43aaa2f5d3,t
0x58cb8e9f23cf58f01a74e861ce16f21a0d495993,t
0xee6db0e8178b122d773b8fd0bec53b5afed341da,t
0x1c618c42d4d5876e5a5a57236c3ac72fe7c1b7f8,t
0x8c4b1cf354e3357387816944756b5b41a6f87fdd,t
0x4bdc1f8d8b9aa0fa2e12cff7f2afc6b60da0fc7c,t
0x8d6aabd5c7119724b30bb7c6b67f529b8a103bda,t
0xfe293b421756739abfdd4ea489b27c337baaa11c,t
0x1c55d23ce4750f58784dbe3ff44885141fd732d2,t
0x691664b00677101aef9345be945e6cd0c4496266,t
0x1c3a683dcdf95a5c13c6a3697b2b539e24365f38,t
0xcdc9ba12187c6f4b943691dfa9c65701f0dc1b0f,t
0x645f266b378c50928db3d338356fb9d738b2a185,t
0xe639d9f43087d111205b81947be4786cada86a03,t
0x0e52cbf4bb41b0ac3ab0fe8fd757dca56d2ad994,t
0x200ee871ac537fb485cc074f02385a9ee8f4f112,t
0x74193be8b969fa2922f457d95f922b8bf8867903,t
0x29c43c9a781b98453680fad986972707ed5181fb,t
0x579a048810be6b29aaa6fbc0a9a1b973595970cf,t
0x1bac41346f63e89107ffb84e79c171ed6c995675,t
0xf0f9025be5a93e4ac7cce8999f3e5afb29fdd2dc,t
0xebd0aaff924f1b877c3a548dc031fdfa32b425c3,t
0x73846fae0c4d023d6d9f177590e7bed2eeb17011,t
0x865a0745ba03702dd83f50cd9be2efa23cc919a7,t
0x630f7673fdbdb56662e95f421e242b7fcbdadb6a,t
0x7a2cdff35e0876ed7fc141df71b1071d5a155278,t
0x5f7bb17305aa18922b6146bd8e8e8531fc5c08f3,t
0xce3bf20e268353c797cf6d9e94b6f0f442b37021,t
0x1b884f62a7e47cea5d6ed340bba982de725af67c,t
0x51210675a2d4d3a0c22d36b68af12227206fd713,t
0x1b7c595f1701bb6eeed17bc70e1b4a2b998c4385,t
0x81abc8fc1390a0197203d5bb6e8ca4b35050dcc3,t
0x611bb77d28ee1c06fdc026d7c796d3b1147bf718,t
0x9682677a8fa0573e92d5690412373e6af8a56d58,t
0xb4080a2e4e3c3d6fc81eccd7b6c892288dc681c5,t
0x232d5430567c392208da06708ff5fe79f98d2010,t
0x31ffa84b8065f3db0afc29d9a4730ba0c7abe79d,t
0x1b24caf7a50d725851fbca68819f04fd2ddb21e2,t
0x1b1626182dd197ab67916b472dbad639af1b650f,t
0xd717a643e6b6f90cb9239238728423748947f8e7,t
0xc77bde1808c2586ac9102139ea53c5831d3eb634,t
0x1b0185694d73c443efe7391f926567157acab941,t
0xfa8bef6d7a248c668cac89a4faeebc31617ac150,t
0x1af51c0223d2896521e85ffb7a30d2bba7f576f2,t
0xefd72ac492a0c6ba839ecef1d9c85cc552b560f5,t
0x1af06432c704f6d17cc5f671334599009cb69a94,t
0xb48c0a6b272b51fc9af19643fdfc91e774f98c88,t
0x67a566677b76cb0232e346d098c15e261ffee330,t
0xa76c3635732b7a9b0cefa16d7048f0d13f846a3a,t
0x84551323de118b7a268bb83f01c34ab852cf36de,t
0x9b2f1ae2d1196c782ebe13a4b5799dc9f012a73e,t
0x94191a0c3dc176945a3db91255b3300d64aae313,t
0xa197f470e1f5459416d382357a26facff7926e2b,t
0x76f4946e2a2ab6e996de672fc5f7025ead8b78c9,t
0xf427f5c246e3c8b06b2bd859bf0289a06ad6d34c,t
0x1ab718150aa7dfcd462135cf14a28cd6ddbdd10b,t
0xb3b51d3a1eafaf0f120fc0269d0ed6921f24e09a,t
0x9f39910ba8ec427f2ebcbbe46d0b83c4ae9084fd,t
0x00fbf3ffbe7f137488fd63e629ea28c5b63262b3,t
0xb3f35fb1af332674732913ff277ca360ecd3c3b5,t
0x32712bb04948da01d11c9aa6b3e77daeda014781,t
0xbac664ff9bfb9af217770df153dc953390c30b5c,t
0x7b6883722ca48a24fa0e5c6a08e54045bdd8ee01,t
0x1e7a60d3936ded8b2df2a22b41bce867bc03cec5,t
0x66ad8a0715d0896361cad32be32880ea9f5079d2,t
0x6a581d683d006952943d5789067c131a41c74f7c,t
0x124f8951dd19482f74820afe65c2be8ee9faf1e0,t
0x8be9e6d1615aae142bf4580320b6234be9f2ef5f,t
0xe81630c3ccd8d8249d522e6ce7836bf40a867441,t
0x321f18e38b5973873ef000073a34e82d9ac404d1,t
0xeffbebf966515398eb95ed8b45c4551668f7abaf,t
0x9522a50215eaee8c1279d837f9709d45911d34af,t
0x1a6563f3f0feb09efa02f26caccc0546234fa6e2,t
0x1a64c0a8a286e131530b0fae5ae5155452500d36,t
0x1a62a2ec02edf16894ee87622f126581594d7d9f,t
0xe1e4ace3ace9f10c31dd7b464c251c4b3278a2cf,t
0x0b5b706643941115f91b6d0def388279dd91e4da,t
0x1a5f49ca22556737518473385fafb148413e2878,t
0x5628052223f0e97bf3ae8b23929ce0b5d68a2639,t
0x1650e3474c0e6276a47a26f0df3914111a5b1c97,t
0xcbd590f1a493ec1e5ea5f6cbb73079ce905ac6c2,t
0xa4833dd8deb6e8e1b16ecddd82c9a3990a899bcb,t
0x5622cf718130c8489e8c4f118ededd1886a4190a,t
0x55ca54fa40d3271442925922f20f1afb63060f2e,t
0xdfc45fe9ff4b33702949d862f2b7b27029019185,t
0x3dd299091d41c07fc494dba09d70339804988022,t
0x1a21fca753b46964d3900511ae434d1beefbe3b9,t
0xfe751023f2885d3e6340286ddbeb08d288cbf115,t
0x3f494fc7151e5b8a46cf885f83924105b4482ea2,t
0x1f057fbbc17bd6d8de8d94f86cc29eef844ae616,t
0x950c4d176eefab5f1aa0115772de2a8fed16d366,t
0xb04e70cdac498f3f86336ffd4cff2ae47e8b1937,t
0x19fc6e95af27cf175049f9b57f54af978f02784f,t
0xf96bce3f29c290c41d2a04e5a2f2a0be7f0fba7a,t
0x19d9e0c3de96c2bd5475ac92c84dababd82c9fba,t
0xf622e36b4530e5c7ebb66d97a872ef87e38eece4,t
0x416f9badd11340a0cde9c3d807c1c46e972eb9fb,t
0xfc254740c795c376479170c47ff98164f5338c07,t
0x19a39b9e6efa2c3f3e21111c259cc5cc36704b20,t
0x469778461ca18737e688f9e2b1528838dc804173,t
0x07b30f5453ee083184bcced082919ca78c785cd7,t
0x1971e0babadf8e8054c9d8eddb1472832d749697,t
0x7cc22848d9be550427fb9d1dfae3679c6bcd07e3,t
0xa81eaebb8309838d051e2464346231346c5f8f4b,t
0x76b91c74d96024352c0e4ae73a027afa60fba2c8,t
0xf807867c8790085099c47ab0ba63252400d38397,t
0x1eb7c4c104757d6485d9c3cac305a22443b909ac,t
0x30eee872d726f67bff16cbee364d66139dd5f6a1,t
0x773e4dff0efc0c9c475608bf7dc510e788c5b60c,t
0xac5373587b5187346e25c1b0b47d60a7c2d22e21,t
0x5bcae38b78d03b70d42f332853ce7bf827044a79,t
0x95434c1f58eb7b4c23047885f5c8bd2874d68b08,t
0xf10004ac75f5ba024bedf3768fc6c5b3aad4508a,t
0x0bd5cfc878cc0ca2e7a89746141adf25c48816e7,t
0x764a0bebb5f6a6c2d3f1b8f7c3a7864f678129a2,t
0xdea5e8a2a49800516e13a30c638e48818aef339a,t
0xce37f600a2b47bb1e9e19f9d5667074d13e03963,t
0xf42feb1b93740d311a68e95058a38bfe0df3dc2e,t
0xa62554e42a2c889996dc122bf3939717af6765a7,t
0x6c9d264feab5e63a2a694b80900ca4dcaab7422c,t
0x7805bf27bffb9038ce197d2f1cdb7469e9a7a1ca,t
0x3dfdbca41d2f229d380f002ecb1da6ab6de09e7a,t
0x1cd7abd1c0c078183f5aa7f3d0ceb7e317fedd4c,t
0xee5c9202e631f1aa6e4c51cef51fa61604e38eab,t
0xaa20e5f137cb0067b179084f5e872a1f216cf61f,t
0x9f4db5cffbad2a503df72e95d84ac1d85f694d35,t
0xe1efaf3dbfd9f218d9fb75198f5c220f5f167ac9,t
0xd9bddb20b87e4c59d1c7e74175aae70291ac01b3,t
0x67576ac21bb3a009a7a8a8609f0a22dc64ed644c,t
0x5c2cb5db7461a4773b3abacad11ca765196ac550,t
0x5d0309326f90040b538a265d5cc8f7d98c7e165a,t
0x11f351d4868b53ed6735c1dd6a4b4725dd3542ed,t
0x3081fdae3fb9d04f4eb6c19d9de46e82abc55f03,t
0xd48d6116eee7bb30fe3d973e3331408b056f3da2,t
0x1841bc2e8cd5045df9840f447927e4f1b6fc9cf3,t
0x4f3ba19d38ab2b0ecdd2cd35dd4838f8eed8dd85,t
0x886e1fc24ff41a7f8ed773ae8001302d4d91ca4b,t
0x1826f2e288c9de7549d375be202d7e73d380a337,t
0x4b81eb3bcb74372fcd54c727fb868292cb376cf3,t
0xb2e7f7044a94dd0f9dca56f2e402355d0a0d60e4,t
0x17fd058d2327d26d7cbcb3a89618c5af321cd593,t
0x9ee508325f4b70070b7b1feee2ff9b1a3aa61add,t
0xba2f58d955827a22669d486242673da0196c125e,t
0xfa4c212d33636fa14d2a702f86adc0e48598bae7,t
0x05032340c439543beae123ff89584159247ef86f,t
0xc0998595d03d2823536b7cd430910fe6d8775728,t
0x5f59926cff8487f9479cb7c8b4bf650fbec0fdda,t
0x17d0a7eeba3ed2ecac6503477ffbb76366a67e9a,t
0x34438c77c826269c1c4a22244e12aaaeb976b4f4,t
0x9b747597a7b00bc94a0e8150fbfd2f3a3c5c798e,t
0x0047e32c7d4ea2543976bc303a146487f52ceac9,t
0x17b6c88532642b951ed7cc5725a00732b67a475e,t
0xb44a6591f3fa702beed26266ffc33c9da0efab8a,t
0x9b5e2fb25c72e4719f7d938de6be03679af04124,t
0xe079525728b2f770100619c05b425a8361f7414b,t
0x7324659d88a20190584b2e9db6fc0d735c7ad75a,t
0x6f7ab1ac6be903b96c342177ee3609d0a47bfd0b,t
0x293732448fe282ccb90b594c05ef393b3b3179ee,t
0x4d34c8d86ef38a28db686b81fe8fa02ff3a20067,t
0x4674a9c00be63ff5754691eea3dd8f6c17f73dd2,t
0x177299d4a6c9b6ccd6e41d644a6c251eb050cde9,t
0xf908996824d90ca02cbc2c5141e7bbb9034093a9,t
0x7561dfbf75ad3fe76acd9ac24a96bb6ac803087a,t
0x516021214cf78c6c857690e8a3991c1f7af15984,t
0x3786ae1d6837704b61917283c5c27eed35a3f7f5,t
0x7cb55632eff040a76d10fd536d6acd2ad0d63d10,t
0x5db2d2a055466e0c5d4cf09869cf2e2cfc47b157,t
0xdb20c661dc2d3a8cae2bfbdc1772341ebcf601b3,t
0x02a2096966aae90a1a1fb1d3f5d7dc291b3054b5,t
0x1721da5f3c845eb5cd012ca1a848d488410e2b6b,t
0x17123d85087d66291f70e54745a81de267c54d14,t
0x9cd4c05db29f26c97bbfbf4381a7af2b578e6863,t
0x4ba7a2167fc26ed4a5742ba7dfc4a902d37c5402,t
0xe3c86afe7ea525c8b29d64b622a082c12bc032ae,t
0xa75c514559200a638475628ce45c2edfadc556dd,t
0x17022bd4a3d017088604aa0492e1b70c42bbcf84,t
0xcc833b4e68ca87ed80ee2ada0d78efb471402a82,t
0xa2221b7306f1b2680877ffa5df92e3b82965d92a,t
0x000aa644afae99d06c9a0ed0e41b1e61beca958d,t
0x21c4544ea3b27783708566a7533cca2a63d11b60,t
0xffb8e00f4aafbdfeba3066cb9426adc0e74e2071,t
0x16db46874d132770bde2f0de2894876e71a4271f,t
0x16db1f77bd9eee6f6c2d4eeffb2d3ebb08ea8fd8,t
0x16cb2e55af51a54beb3e19a95ff2f93e896e70d6,t
0x16cac4f493db73c12ff9febbf794be4a31dc865d,t
0xcdff32aec8d2805c7cfe1b3c36b3234753b24772,t
0xe934b38cf14b59af13dc16faf7f23df0347c4c4d,t
0x1690d8cfc6980999927f86600ce50c68f6a5db11,t
0x80c7c627c127b5d094580452469ee9ddf4fa17b4,t
0x54f68004f4256ee01215ae763f4f3b6cae9d18b2,t
0x0021694fffa20f965ca793a39275132fce5c7bf5,t
0xc24d4abb352cdb72e784bbdf943a7c0af0e78cb4,t
0xef822aa6786151070e27dfdd303a8268b822b7b1,t
0xede597e1221411d81d6136264650ec9fea33377d,t
0x1663c197e6bc13833c16d21da813936ce3f99adf,t
0x16564ff18503d4f3e38c1e1d1847b9764143890b,t
0x6ee77e931c6154e4752c5bf832ce51f7897f105a,t
0xb98770731583d48b7097091e2fd59b3cdbc20b55,t
0x163d5f0bdc61272fdfcc9507dee30172b10a14fc,t
0xcbc79a5cadbd54689cf1d92a727dd80ce2e6d9d2,t
0xd4bbbee42c506b399d12b080f1dcd8a0abdc96d6,t
0xad328729f322ab086c5471f4af85778350426936,t
0x20ead7bd7c9d271b3db235fa826b8afff027b22f,t
0x36c891d9dfce989bf1649bb85b6ffd6c7b02c75c,t
0x84af427080ce09ccb9210562f588ff2be3f8b5ec,t
0x15e7f4318ec0fb2c5f16eb8ce8aa59c637f7ccd2,t
0xaff5ec33c92492544ff23e9ac9b673847071819b,t
0x78001467a5b36163e5a300e6a969ecbfa368c1cc,t
0x11ca6eba7c7d4132fb0f187a9beb5b039b29ff59,t
0x7fc9bac3b64551a40201b710a8df5c1b63e22fba,t
0x15c4266feb7ecff02de3598f8eb1a5da5d5d3608,t
0xe3af1791437f5a8bdba35935786a90b9f04d8085,t
0xb708a2409de9e83e8e35aa04a3086f682327b8e9,t
0x43f486e48f54bcb7545fa497116a6ce5c5b31271,t
0x1d69fe01e014e4b950cca685815130c02edd308f,t
0x54de801cab2bca3b472e836aa079c97447b836c6,t
0xc1832c83cf8f50e10ad223bd23a4c2d1fe7e39f8,t
0x20ebda1bd472130ebb3e4e71840043c581fee3e5,t
0x1b5c19058c5eb85978384b6be26326ad98247510,t
0xad34e3c02789664cb67d31d2f5f24ccb15d3246b,t
0x28fc3e6d85b64d047676dc8c86e5dc09c05182b1,t
0x9cf150d75eb80c4a643c635e1db12fdc4b8c1602,t
0x56db3c1e855af372988aad171fd9d09a5aa41be2,t
0xbb54c2f8269f954d9f397116d0ec0333a593fb27,t
0x65b7b5ed89edd787911bfe72a538871b15cda26a,t
0x2a2fc48ae5269cf2efde8a26d364c3e953bba090,t
0x808c9f8b9df07faeac23d231676890b7ffec837e,t
0x15815e4b4c65fd015e340ced7cb71d0e325a6c28,t
0x358a51a63d11998848ce43d5ef442d357404d7ac,t
0x15761722c3a55b1e62af4be0fd3a08dbdcfd8ae6,t
0x55f140fcf624a61687b660592f3389bed545b059,t
0xbebf4f05d48093c0b4e3351da3dce9b0610c8bbb,t
0x90d522441a8998735de7caa89b5beda3c7174e26,t
0x3de3e8953beed7c85ba09ef6aaa5baae89f7d960,t
0x11dafe9d224424f0c1dfd2a936b43604185ecdf4,t
0x1548217c624d8f7e815a07bab3c575b92db9604a,t
0xccc958eda691273c904f5e18db0979325b242b3c,t
0x4785dcf154d2c1d3fb4ca66db6070515897b6e9e,t
0xa5830a7f1ca283d76a62acf5f4a5eb1513d9a02c,t
0x4cf18c9a811c563d2cd1cf77bcbc3575aee3a660,t
0x1523c7f4945a09e631131d470f4c56713a449082,t
0x584bdbaf5204a353ff82bbadcec6c299978c59ff,t
0x4930e90d838609c8c017b0e345db9205cdfbb60c,t
0x78ff2b26c5a5f0f9fc6ad286bf29b6a717cd7026,t
0x150947ddf4aaa17d29bff44d1317e2e3c6a6351b,t
0xe9b770271c8f692f9749bcd0df1ffc2b0a511107,t
0xa0577670df60a6521b9ed26a8f18a7e74da6f5b3,t
0x10b7018527559dd364c18e333930d9ebef6b073e,t
0x352376345d2f5fa7e4618542eeeb89f95866b6f5,t
0xb1422097b31175482098ba1a5447d311afcead71,t
0x3285293d81052f0bc3ad73dbb32580d4dfcb58e1,t
0xb71e956354c79175196814c721271e294ebb06f1,t
0xe4d1e244e073dc24aad0be63c41fb2bdbbe4e609,t
0x14b91625111d6acbff31f413f3d1bb0ac041314f,t
0xdd20fd78d7365183356dd779a50f9357c283fbff,t
0x73b81e52fe18e65b6d29a48d27660641c2138b2c,t
0x26b07de11cae111ab81d69a55548ea680cbf4c91,t
0x9cc106d972ad3b483c71a9f083b185f6e98c077e,t
0xa8adc75755170844155e7b73118ab994ab0c7d8d,t
0x14a08aa15f1fb738f0b1ebaf73e314e6b91d6fc0,t
0x8f45c2d94e9fffde3e1078259bbc5a211be8f5e7,t
0x0869fd08ff42889e11e09a0c2b46ce3d163a25d5,t
0x7e244c275cef711514b49a0dbd62420477ea5c43,t
0xd58c13f615b24d01ce85286741b798024621f3bb,t
0x74e80c25642efb14037722f6aaa640756b109e4b,t
0x146946a274d93f6cf6ef1396a0739178283c2fad,t
0xe98f29b1510001b05cdc17fab41a0b420dd98fd4,t
0x77002cd0b9569af7da4fbc56957ed8aa1506701c,t
0x1461f615ffda6ca0d825db9705a43cc888a0e8b0,t
0xdccee8f5936217e5193c8c9a3fb62dafc177dd46,t
0xf1ab6c6f833209150ed672b1e24c9f6e0ec8db82,t
0xd7078b3a7339c1165f2282f3589f3d4a5b9ce660,t
0xfe5b7b4dfd85afee838c729d3ef7c399582090b8,t
0x7793f365fa1221f3e3c25bf7327f4bae1b8f4b08,t
0x14187a8de77175537358482e654c93c283754531,t
0xb967a38117fe634437f396541516861cda24c390,t
0x11d190ff86d78bd6cb23aaedaf7ffb8ccbbb078c,t
0x0e8dee7718f5dbb498d4e87da64c47f1bd84ceb8,t
0xf9572ec9947ed074876c0bd06881d5a2d77b4326,t
0x6d539d9c9bb98533bdd958af34fe4760c9c30337,t
0x9bac1937571affce4c2aae3a224b93d1c5bc51a6,t
0x096ad0551e52abfa72ece6d229fca27ac53eb60f,t
0x13c77b9a2d4414137f907a82b7b147e9c1e63583,t
0x37fc1fde9f24909282bb3cc1e601121ab6942a49,t
0x3591d9351c736daa7867fa6629d3a10880d78b83,t
0x20d16e8da5abfb93d23595fe4efdcf360e6a414a,t
0x0eac720a7839a30463643e07f937c682be23e736,t
0x13757d4812bc323829ddf7821fed70e159aab936,t
0x72e9e2d8323c53e150053b84a99bf5f1d3e6449f,t
0x06500c07558c5f44e9e83a604ecea553c412a575,t
0xfdd8050715ce317f15c3c35e7a3c55f894dbdae3,t
0xacba1be11e48074ac81a35d785e2c9a1671d5499,t
0x135ebc1adb78543cc6d083705b8c9f0777a8f6fb,t
0xd2ae0845fab6de15a763b6dd1fe7bcf8b56cbe41,t
0xfa0c8ac3000280235b70c30dfd0e0bcd6a5d6f51,t
0x79418f1f90aacc15f8ace16e1447778f55dff518,t
0x11e561f797546bd58d12346eaa4761e887229afc,t
0x40482c0e76e01779b38264d9cc5f94fde9de6e2e,t
0x7cbe15c31dbb9831ff19723234ee451776cfcbe2,t
0x13304717d0a49f5cce2fa7b0bec7da4df794372e,t
0xeb6c5fc0384fb1aaa6c6742183e938e553894c88,t
0xc965cf75ee3fdbec32653d1d039a5ba2638a4c20,t
0x508b281e721d7625ac9c20464766db0b08fd8d85,t
0x2641fd89402940736cc36e53752ad04d7e7e3d3e,t
0x0cddaf7a5bc9c6b36620926c855eeef639c1965d,t
0x1318977bdfb1cfb868b16ab8cb3b8e76ffd4fac1,t
0xd8b6177edb60d90c58fac1367a005cb40f0ff7df,t
0x9e81dbcc5d075a7b67c02a3819b0d3d94d3055fb,t
0x6b6a0d2f8d1dafdc6d50476603749cb1a987d8ea,t
0x5938a12c1ba59fc09553297df240af9049099e28,t
0x6cad23944cafa6c0823142b138638e2b86da0d7a,t
0xc2f44e7f63a23a1a3d75146425c3125da3ae24ae,t
0x0c4f7c77f86bda382cf9224ff0b311b036213b53,t
0xea7df3ba118074bbad8d0f622363bf13b6e14cf4,t
0x12c2c9cef1872f44275cbf3b27d6a0484bc0be16,t
0x2e72083ab22249b75786a6fc405a9426930a74e2,t
0x7eaffce4d164a04bcfc24df9f84b82e5bf25f067,t
0x733a1e46a00505546beabc80793b6482695a1048,t
0xb0eff7cf0279f8d9d66b49d8320ad9cb26aa5301,t
0x1dcdadd9e8f186c9ba26e29fefa869aac4b50105,t
0x128f0b8f9bee6f698b7ba88f604012f14fb20bbf,t
0x1282c751eeb72762c4b288a22b248df1ecd16cf3,t
0xbf219734619c3e8ff674fb3996e8353f624a507c,t
0x499d9f3ab678605e092fcc29a05888303d2f62ec,t
0x125fc6975d432c792356965b9d401c03469cf4eb,t
0x6d06df9c643514b5ae5574a07fa98373f9aa9eb9,t
0x309aec10f8cb3e60aa76f25d8ea91024719f484e,t
0x1234fc114502d3134adc39921cc60e2934747b39,t
0x0a151084f93a52a888f500e9a7495aaf6264066c,t
0xd86c3f3620af0d20fa8b71433e2fe391d143835c,t
0x84f9e2f87ec0ba03c7838c9d69072c5e285672bf,t
0x2fb393561bf6a4cb1aa0387e60efdd0ac3f43a4b,t
0x61679f72fc9f22b37ca1fd9c65e2369db95f0305,t
0x835fcad7a9e8fc7afb6320cb69ec5122ac8ca392,t
0x1200c7fa006aa71c9fcfa973f43b26545dcad4d0,t
0xd91c405b4e1150d4dd74b83737fab8edd6937b08,t
0x11f32c7d78c159f6647b187ef8f2a0d023753090,t
0x11ef86d7d996ab8c4cbc08cd69c360fa11db39ca,t
0xa4b2098236060740898fba04b2738c4614377d82,t
0x711b6ad27d2aac3efc83accf98ede90d737ab453,t
0x11ce9217670b1e47d54c5079e5fc120140f3bb00,t
0xd8027323dcba0abb4b608c2d4a0a06753957a975,t
0x594341e40f36586a06ed19498854e66434900ea5,t
0x36a578ccd59a11b9bfdcc4e59fa04c980f57f9b9,t
0x6b9a8e3727db6322483c9b1a1c10de418e4bc3b4,t
0x6ffbc846f1c543ed3c6cd0c2c51b5fde67da8ade,t
0x7fd37156e165eecc178e24b1fa27cc9f6cc06238,t
0x4c0c77eec799c9429c5be09bfc3f45d2feeba86e,t
0x119bd1ca95d1af0de6547c0a08b5469131d379b3,t
0x710de5c93bd22a743d6f003d87a780c7855c641e,t
0x816c1c4cd062eeac3690c3b16b1fa4a426c3c330,t
0x116a1ffb78c6994c8338e7636808272f9f9f5d56,t
0x795c730474269505852052755dc90fde29b2243d,t
0x1161da1ef02ba50823607e6944eeb33a149ec1c1,t
0xf28c44b3e9d273e01ac3b9a1a68fe2e81310cd45,t
0x61097c84bc54aed8f07cf3e903faf8a7c64c9859,t
0x4fdfd06a76c8307a1295b8c8d037bb365f11a0b3,t
0x1130d75f7df5b8ff1afb63e5913cf2b3b3280ceb,t
0x9510b41a45d81d7585cd9d71a34047d17eb9a209,t
0xa0e369912d9a5e940f2d30bfd07078df707825af,t
0x2cc0a7a16959714e74c991b13c3ebc5eccb5659f,t
0x879a29c893e2080c01ee1ad78bf8b3c9e2dd4cc0,t
0x3b1f03fc8e2ff11e0ca3ec94153f6ce0a9de8244,t
0xfae1450d8421189d7f4ceffbaa77ab42c245d6c6,t
0xbcafad74ee5128cbaa846075198d1fc54cd9c84b,t
0xa64da662e1c0ba136b626540b86f44d307cdc970,t
0x10f63cc00cb565a10664012dd3c74a027adb1799,t
0x31797fd0179b2dce5e411f079ccbd7c0dd023ef5,t
0x1d38215f03094b7d157d3b9f1fa575e7c5f64056,t
0x25790603c33291c0db7b966a3d33fbbb65988a40,t
0x2823de224e8b1800c29ec1b418a546455dbf92be,t
0x299cde8a5d526e8599edc58a62266b839253344d,t
0x709bb9c25db5cc1a357e1061af221750a77f544d,t
0x6e26710820e8c1ed65a8c222e74c9ea72e080466,t
0xa25a9b7c73158b3b34215925796ce6aa8100c13a,t
0x10ddda5e2d19aa0eb2c9a94139509d705f9870c1,t
0x10bd0d26a2b3b344b92410e3ddf450b2bab99b0a,t
0x568a1dfb8544cbc21078e5d9d1767c65f0ece10d,t
0x3f4e73c49c4c2273b6d7ef2cfda90a24444570a6,t
0x4bf61fb211590a29c3780609a4b1fd9c740dbf00,t
0x10989e1a22c079f4028bcc8a00da6abe2f795a62,t
0x9b77173d2a00fa640a25d3a663031c9ee5cb82e2,t
0x5cc1e4e7302207ffe7b169e23bcb351162ea86a7,t
0x61bdafd5d2aa6a04572f3da7fa79d2e181e8f7c0,t
0xcc145f212ce7a844bde13217465768c632b586bf,t
0xbfb72832156bc4fb9877a669151485c159871dfe,t
0x882dcff08215a2257455376bdde839d9bee76bd5,t
0xb36ba8ddde13f7ac6d616233f454884c46722afd,t
0x41655559519b78c2774e401c5514b94c8d1c7ef5,t
0xbda0c80a7b88fa8ec40c93e67b3f5f4abfcae7c8,t
0x1b59237d0cff7b879f3a7c5045d30ba3e9518d3f,t
0xcb26c230b439634a8c0fc7d3b8ba1838c5cf894c,t
0xb16fc3359301cdb4a4a9ef0f4ba1c9ec95db5ef6,t
0x9a89aa1dcadaaa220a08e6a0f3b5d6eab7f79e99,t
0xd273ec35c4f055333b1636c03df89d5a892de825,t
0x6fb25851d9f26143369aa5a4008a3658fab1e09a,t
0x4c72c39f7babed4118e628a51cc97380816320ec,t
0x39c65eb720757f98f704c072391fc4e4318e30e0,t
0x0ff9d428a37fdafe35c10cda788989879cf2cd3c,t
0x7257b76281c2e2b4b04a6e2ab867928535c32041,t
0xa76fc719eb92b2e2faa7fa64e264a7520bce6eee,t
0x224e69025a2f705c8f31efb6694398f8fd09ac5c,t
0xd9fef4c762b10eaaf67c80d5e112e3e549aadb95,t
0x2f6b70c41159a12dfeba55830e8a38a8b434d596,t
0x0fce9fcfdc05ee5caba1b7e2c06ddbd212401248,t
0xaed7b25a16b6d64c07ceb016c4f159191860d131,t
0x9f5de3e167535a45ae41d08b56e0d2db2858f111,t
0x8ff6d598c67bb3c861cf1549f1d396d023c8c91f,t
0x68d0f8df6cf54c3a121e3b591dac76188faeebb0,t
0xcef9e1ddccbdb2e8ac30a2b728d79371b6a8617e,t
0x0f9528043f17e5389699a2ed5697414a00c9e325,t
0xeb981bcb7359e79ab4f437ce63b0b8595ad48455,t
0xe6e94503bc6e28bd94fa31a756b25146554f48d3,t
0x1dfb498d3c286d7035afa0847cda7f3ff846d321,t
0xfaa327073afaa092c652f0e0e343b5d656992e82,t
0x0f6af5c011063beb7fc3e92628b076c6d6dc6681,t
0x52ccdbf08c0bfbfbb18490dd8e70730e7a1f56a7,t
0x0f634b27c2d70016df67b38fc0e8415d24e6c42c,t
0xbd4dca040eb953460c8f3b00c4d5e4a0bd86b8e3,t
0x6d3924033286e9c96823a3903d5a0125e45493ab,t
0x0f472d569b67f96279b40b11303161b28bda729c,t
0x2466d55e505a89ec80fc90ca03bf9ee747355f13,t
0x154dee4831ec0fbc246f28eaa2f9085447acd7a9,t
0x06f2d97500e1529f226adb2dcb68a1a8c5175157,t
0x9c1d3e17bbdf72a83fcda724d2070585aa0e4017,t
0xeccb8335e1a80f1df00e62c7fc3c16a59ff117a3,t
0x5da9af6973ff9cf5fa24e25e8710e5c37081019f,t
0x56b542706eba72274356c178c27d2a746dfba867,t
0xee04b7c909710d9403996f512a62b6e22dcf7a6a,t
0x19bb4cda0227a2d9cd108ed63f6d58fcebe3a2c6,t
0x64e78ba4baca646f77a6bf7bcbcc5a31fc066ef2,t
0xe1618bde62c33d43db4c3f3d5efee7ec8e4b5674,t
0x0a3b34655e8c5badce67ac99d9f3aa94e4f2b3c5,t
0x4b36a88f27ad964abcdc7fd3d66922e91ce3708f,t
0xf428d602912cd42b284f35ec7ebc82e34bad37bd,t
0xf67e235fb70285ff899fd83ac3aa0144f8c91ace,t
0xbe833b569c69945e8004980954a10c11ae07ef63,t
0xcc25787f35cf92653b2a923512f96c67a52fd4e7,t
0x0e600b788e0ebec3570056ec72a54c95eefb0b6a,t
0x436146ae613dfd1b987e6785f9c57bede064bf68,t
0x1f29616f43f99e25b2fe52ece734c812c3b5b65c,t
0xbf96cbe0235630a569ac60b7abcb76600fbc3e46,t
0x7ea37ed252e2939bbca2a53399c1ce1a321c9065,t
0x2ac208d7519e95a961f2b5948b4c58dae769bb88,t
0x3d5f4167646f04c7a486cfb52c1988d3af95a027,t
0xe29dcb04557c5809f5bebaadfef484c5458797a8,t
0x42bbc569ecd9befd61bcc0b25d4ac8978631ed63,t
0xcc86501e6bad159bfd1c51b24978295ad79ec7fb,t
0xaf20b275a94d830cdd5ad4355119c99b52812a15,t
0x9079cd8931ea471c91479af94b5482c2af4ced8b,t
0x539690733d0d86dbd54abd47b199585b18aa7e4f,t
0xe564b2879b969212cf4dbabef5e798459e1a6d43,t
0x3d7e389c7c0402bd16c1c4b26e3e32fc4473dc9b,t
0x4ed674beb4d7504a1cdbd72cfc5067e6c67a6da1,t
0xd473be6f59546e88b6c3d519389207b86e679766,t
0x066f72fdd5e74022f1279740d613191488dc9c37,t
0x0dc3b66a3a6b9415c8041e4b77b7dfd041a9c30c,t
0x36efa30f0511531a2fc9e008cf9f73f0e0b88359,t
0x31e2ab38619d629a99ef5d22a7bc2ef2d9e9b763,t
0xd8cf3e31820ceec940c69f462fc047d306bcb984,t
0x0d9c8927483814a5c6945984cf130c34b56b06ce,t
0x6757f78fc6e85f9a64c8aa6dcf4efba805567d07,t
0xd52025fee91fdaf5cf0a678cf8923f7c9ae4c064,t
0x6ec04cbe2f8e192d8df0bcf94afb58a4094f7c91,t
0xf3c105228e47bcbea506dd504397b3c175d26482,t
0xf69269c8bed1981b5532e2aaeadfbab34dc596fe,t
0x0d804ccef23aed77dd2722226f95271fa1171fea,t
0x6a3ae28a9c7a5d3d00f65489e8155609168f8b8b,t
0x1ff0a81eccfb92028b46d85914b67392e41c7a5e,t
0x73b582b1e12a292dd3c1138aaa330d893f33c71b,t
0xd8c1e6761c4c587c44a7f4b0665ff22b74703de6,t
0x5ac9a60f324c6e7a5ce4fd7dcc0ace5fecd8724e,t
0x81b1573a0f91fa6a8a1a1e9100076ea9b75ff09b,t
0xc3ba411c55be7ef5aa066d7f0b097725ede9b64a,t
0xb491fca9cea435b1e2b94f1a6c086970b12a4a9b,t
0x8a019203d2e03d7f2ec2c681a2c8f00e289812e4,t
0x95b71abc7a9b006b49274c7cb8d4bb2957d7afd0,t
0xd18bf081da924e8bf14c527d9716ecb3006ecd8b,t
0x3ac9450524e97ecb2e258de1f9fa404fa826ad74,t
0x0d42abc9b7c8bb5583847327234bad01e9f98a00,t
0x0d341d16a207ffb066ca102cdf37c89f56a5018b,t
0x5fdf5c27e69408c9f21a41f91a04fb0dab39ff2d,t
0x589ece105200dad77026657af2ad077a50b2e6ac,t
0x4d14f1fd932bb7e0f53472a8b7a8d20b5895d63d,t
0x94c0af134a748f4e973455fc3d6c4130e47ddb5d,t
0xbf6f26da357559f759e2a0461e7268216028d7e9,t
0xaf676bbe79d41cf9a2d483ca10690bcda0e2ebfd,t
0x7915ec663fe9b751908550b8381c29e45c7632d2,t
0x0d09d9966bfc1d1227acb85603125fe4da090ce1,t
0x0d0884542f801ad5bde96ca2a1e728f1df848cc8,t
0xacd8c60b697e75323e84ee50193138f17ab53c88,t
0x0d070a64e67019f25c23b84336bc17c84849b6ca,t
0xf94e7b042241e71a2c1f1fcc171c5d876dc47f0c,t
0xf1f3050671ad54bc0201bbda76a2a7880a64a1e0,t
0x324e9f03ecc7103e097d7b1a16002df5507c4e88,t
0x953525386f579d80a635cc499ab2978d83be8a27,t
0xeff29ea589901b85bf78768130c192cbe012d1ee,t
0x3768c5f557d659485ed00ff732fe0d998a6b70db,t
0xeaaa0ce3d2d82a1bebc977a69bad8c4486af06c9,t
0xf3f5870c497c53dfab4cca55263d4c446e1d611f,t
0xeab9c05f104fbb0021c72b346c8f53dd38cbc847,t
0x79b92fc73443dee6b3adf495d9b65a02e55a77fa,t
0x3a918f6964701ce4252d6cb81723296183f0576c,t
0x0ca4fed1fd80cfd17b2beefe8000826e0d6b7882,t
0xda9aa846f082ab355844aac350b032a70a826057,t
0x14802755745b327845b77212bcb168eabdbf3462,t
0x0c87f70122f1fb1af8f5aa6aab15551664144300,t
0x2e0a5ed4f461b7e1b9be419af33e11bfbf29bf7b,t
0x4ba4575bbcaad20cb917d326e396c3402ec06cb2,t
0x0c795c606f4e9786fbebdf8bfaab7f8c41dd694c,t
0xc7bc0e838061f11c8794330491f1df306796552a,t
0xa3431b1f98c5aac93a9979c612f4d6998cef5354,t
0x9faaf40bc9dbb6682536a24d7c6f1cda95adccb6,t
0x0c6abe9d6d0c9ebdfa1906ef7fdd783d8fbb455c,t
0x5e355c1578bad0ba407984c86dd704f5d1a1748c,t
0xd9fab0d66f2ac0a3fa441a98e2bcf75883483547,t
0xdba7a594f372a76ba3d1c6781606ad68af393087,t
0xe3c6295420179b06e76a91347a028518a5aa061b,t
0xc6dccfa42336c6e2cecc5a60f779485e7a432f93,t
0x9cec1e60ecac675a555d93332d405a177e54f218,t
0xc35bad38ef4778f2481e1187bd9b1a1c5765b420,t
0xb11afd17829381d54491a91e5f7d2ea58f9fbd7d,t
0xdd84a03532c6f638bc4f1e408b8cb61ad1c783fe,t
0x902dce77c84e6e781a577cc93e03084be6e61cf9,t
0xc9e68e6c1fa7265c9fa88dea3350517f5b3696d0,t
0x3fc5ddcb683ee4b6bcaa39c9fc9fe2dcaab9562f,t
0x5f97d20a755c3a55cc71a50590a63680516e0e3e,t
0x08011e10af788edf519fd19a3cb958505cd00045,t
0xfb0a42b625fff71db99253a5862964f8889e198c,t
0xbe8cf792c7081da547c0e286d79ba365b63f1109,t
0x7347f24ce96e6a31ca12e30482392f682371310d,t
0xbbc4d9b6faad6c5c09cd715378f6ca0807eda5b7,t
0x29ad3317a7e230dcf30438fff631c9ca6d733bbd,t
0x0bdd342882b11a79bed3ded389e54895d15b33b8,t
0xd0d7b444635322c86d6e91cbc83d103856950425,t
0x692aa0e136157baee5ac6632ac80f352de2e1547,t
0x0bcfca4d27680488366e2f6d53b8e61613d3a343,t
0x255f983ff19fa7bdacde0ec58bb7ad8cda687154,t
0xd68bf080b3b441226b5e93739fa72fc115483e79,t
0x546bd88d193df186a252df2c326b1b6b43af5c3a,t
0x4430d9b978e53013c0fb2e1d767261749e1f15f0,t
0x6771a8f7c0e350c07f03f7a9293f9cf48f2c9060,t
0x08a6ac3cd3739b35a5d1ec8a28d41130a710a272,t
0x850f9236ffa971412aac12cb8ddb249bd77e3beb,t
0x0b7831e4c2b33eb9390d188b7b1ab53c33cf6ece,t
0x1739d3daae25b488bb2af58b13496ec542c03702,t
0x8384515f7c15a408dd9e264a4c1b6e3e12f88bbc,t
0xd1cc3cf8a9d0f7d73445218a6a53a1ab7029776d,t
0x2dc5963c0fe085a05c6c5612acf1ec0953f508bd,t
0x0b5eaacff5b22db3b9d59fcf6110787b3faf2dda,t
0x8760e565273b47195f76a22455ce0b68a11af5b5,t
0x1d463cd3990631503cc755ce2572b3c169190e1a,t
0x829944f692b7b079dc57c80697474049016ee856,t
0x0b419bce1cb87adea84a913fa903593fb68d33b1,t
0x3bb5b5344ce692109ccadaadbf73e5ea4e14664d,t
0xa8974930c5879aa2543d0e5ca2580670c15f7a2d,t
0x1acdf55cdcd09344ec15ce84cb3d4e344822bc9b,t
0x603d5dcefb6b826b9c8aa973bae1b1ca9b8fd31b,t
0x5b41406cb0eb32860ed894692f258be1510d55fc,t
0xfe19a78ec261bf9b032d2b6422cd8fa33f75a988,t
0x0ef7608c0cee8125c854d47a27bb445881e3bd93,t
0x0af6d584bee7ff78adddc28103d0a6c395913d8c,t
0xc3be1583772305b6cb802189ae0043d1ad5587d9,t
0x0addbf7cf800eadd5bdbefa31cfe167824b05e48,t
0xe772557b6ebffc90e1e6ab96eb8cfad528a1e1c3,t
0xc2f259b7d529357d207dfbe74540f4430605d3ea,t
0x718cf73f718d08245a0cd89ff33c2a2c00b27d19,t
0x5d9e8a00a9def333e1f22a589c89a7f343848b87,t
0x37d92711d4cde004164b669f07ef92b8eccfb640,t
0x1db75bc3f7ad4b23fd91a00a6c23871e3c0c5dbd,t
0x4c77dcdd3fa09dea14c23c5175e98b9b69fcd751,t
0x0ab49e16ca65faf9eedceb7d587f3a4c74f88bd6,t
0x10038b24068278667bed296748737ffc6a4d4d47,t
0x9cebee8837431544bf000ab6b9e3b45d1c4758f0,t
0x5c0db949149a8c1253f543ddd7f1c5aff77d9f02,t
0xd82c46ef7ff52bb6f336ac6e2e037f69838abf38,t
0x63694ae8a2653584c365f0000ebc57e05c643106,t
0x151eda8d3bf44f59905c41ebe30ef7a055518cc7,t
0x862d906b920a2cb6efda662fa60d1c6319c9a0dc,t
0x0236abd0a8a4c7b151a7961d5d27d4ce88bb84bd,t
0x88c23e161302c91dbca002b548253e2fe4cd8937,t
0x2a55e165b9490d401947fd4339f150397df45321,t
0x7b6cb52b4f14a4c58e25ec4026327a4fcdd06ac2,t
0x8a692bf33f929ac41bdf32723baf7ce00b2ab413,t
0x18b7597fb4b569fe4364b8559bc1b26158561094,t
0x40c69a4b704ec8d58bc80b0c3eddbacfc453d2af,t
0x8a5bf5ca407eaf3846bada75e4b61e5693607ad3,t
0x665ee4f113012eb72198e918dec1876e181857bd,t
0x0a37ec9432589681dae5d5be4d0801281bb702ce,t
0x5fd3b144e74681daad0b60f45ca2d361fe00f69e,t
0x4b0d2d771f61747504d70222680785539960b822,t
0x0a1dfb672999bf44ba6982d407bf18f2b931f4ad,t
0x6c517699885e226c9aa455e2d9f4a54709e6f5b6,t
0x5ae1b08cc4ceb5b8bbc2183fd9a70f4607bb255f,t
0x0e5dd633bb123aa5fcbcdd7d92c70e6bf375575b,t
0x0a02f10a48bd07a2571d7cc8458b0cbcfac93bec,t
0x8a223a7bcaf6b852c46be5b79de3975edf746e61,t
0xb3aa9923489bc2bfec323bf05346acd4afbc92a0,t
0xef66070409272e7aba2363d9cd2e7d6cb690b883,t
0xfd205a8adb48cce2887a3e72fa0b98a15915fe94,t
0x277a1b6f7066af5f378b26450d8f681ef9d1dc29,t
0x19fb37caeadaf647822554fb4e6df6eefc2ed924,t
0x4a0020278827858d741f1c5f18388414d112d9da,t
0x6a99e6edb73fcc2f72ee2c322a8b131ef8511d20,t
0xf6398876536a67ccffc5d462a3bef8d073408baf,t
0x09c8b1974f50c0965cfcc1c1213971ea6071c1bc,t
0xe0c964a112bac0bab69606f21ec2e3e29dab1e28,t
0x099ecad6ed96c1125b2f2aa752331f651e4027b9,t
0xe0e8c3576d33d1c9c8fd3173abb1ec24e560bcf2,t
0xcf546f252497152aff0adfb96904db3775234134,t
0x0981f4663eae659910357daae7b9c66d4261e514,t
0xa8b6c0973f0ea63d2f7c6238e0bea87a6fafbf0f,t
0x10f02a74a3d7625eeedf8c1f5f9af56e8162ce23,t
0x09612f0a743f75ef592f4d3f5e6c224035246ec2,t
0xe84694e5f139fc33c897767fb7a9aa40e9cf2ada,t
0x271adcc1afaf611866451d994748d2ffc1a27eea,t
0x09426fe61bd4ccab1f41becd9cf97869040b5aa8,t
0x4a622a6c4e71a3c4f18cbb1c6f582d612acaad96,t
0x7911670881a81f8410d06053d7b3c237ce77b9b4,t
0xe2676dedbbf6b3dfdcab289b772a94ce925f8f4f,t
0xb814b20478f883faac68be2e5341d01cc6367f6c,t
0x8aecaf3ba3f3bce4af40f2c6775e3f1e24cd853d,t
0x45584cfa18e276e56d4dfef952fa65836cff68b3,t
0xd8a3ff3410a293e93845a3070f5070afd63e4a36,t
0xecf669989430a6d99162d9a8ecf7580eadea437b,t
0xa9b02286d169b772b04a2bf675cb899381e2d671,t
0x15b10d3574ef4c9318373403817abfa503f94241,t
0xd9a780d5bfe4f4e7d490709920fb29ca554af5d7,t
0x9d13a8e54ad1fb3b4694ee650f8bd6a417502765,t
0xcaeab7f715bc0da1a9e18316c4ad60c65eff91d7,t
0x2b2062b56fc234b4a026bd4f90c9112dc222ebf3,t
0x468172a71a7eda2a061cca9941b08fdcb3b14458,t
0x28495851676e3fb87394b2c3536c4687eb753d96,t
0xb7dcabe6da1194507522b553950ccb5a8060a439,t
0x08d8ec6bd07ff1356814f5d19c378a3d3b7b0a78,t
0xd5996ae55de2f822936d56bf837257915644c7bf,t
0xe681f1db64e3d2a8f471f7692d73c36733c7af21,t
0x9c37b981e94de18c8bbc937c0442bc4bdfb0edfb,t
0xd27106d70ca29944e1ac610f6ed9fb3887a2a13d,t
0x08b4e0f209aeab9c4488b579fa954cf5119eb24b,t
0x3d5e3af73039ecf7628e592154b7674d715417b3,t
0x34135ac93a62805827e210433e0e93f79a42a117,t
0x55ef8106ac1e9c6e33c69e9dc6de8c219a8e5bd4,t
0x38fabedc178425e061c95601dc2c8976f624f112,t
0xd96b9b28d923b936f7f5171bfa9abe466e591b52,t
0x6251c84fc059028975a96909844a5e60dc52f0f8,t
0xde8107999c93238f7ae2bceceb05ba0adf86e4ee,t
0x0891172a787be8432d993d235a5379b01595983b,t
0x302324ab3993313daf4f5443e094ce11c6266402,t
0x07dbdb1260c4e1969fb049b96a4bc980faf3f03e,t
0x78a78b6705098c9f1c9760052bae68cc43ea6b69,t
0x41920ede21bf7f20a8a90f1681f9b59178360c46,t
0xc2ee0387f213db5126ea0ce63ac46ee2c7ab8d20,t
0x475046d33c7d6959d8715cea42be92b3797e3b47,t
0x9171ac303e07fc2e7a8640c75e80f0e7cf94ef81,t
0xf2b408e850ef264110de9cc760bdcd50e8e462f6,t
0x397aab833191105a681a3ee92e7c49ce201863cc,t
0x23ec6d62ec3503effbd2841d44a656a970a243c3,t
0x328a3665ae03408e1a2f9edec8bfc65af02de1d6,t
0x8e289f80a601f169f8ad04b335d1b30cb3433654,t
0xd2b75c136c1cad599eb439228ed98d7234799f34,t
0x230a923945889e808f8d546795e21c6a26213394,t
0x7f06f75d7c3feb24dc19c173707e8bc5f02f7082,t
0xb44b825bd0d53b1100ed447845d93b3c7a5155f9,t
0xf08f6927707a05e1753ae9d839355af055fa0f45,t
0x0826c7153bd05335035defa4f70da49f6b8c717c,t
0x5d67f6815ad64b02d1101120851c9a6d90d9fa4a,t
0x53c4542ae442e15b26963741b882c20710f72af1,t
0x416c6e8c81b30c412cac47125eb04a58899aec0e,t
0x07f310e8c075c8344e6b5bfa2ddfa3e0a4c4865e,t
0xd5b2037047e6b7cb2184c137e56d635da1c1ca70,t
0xcce88d2a7b93cf85d50320832c033d493fed20f1,t
0x521b4c364fea414f42267fc37110dd66e5352929,t
0xcae468e64f9dbf1e277af5a77c2855535333e418,t
0xc5176e186ec954c8e3b070c7250a2b86f77b14c1,t
0xfb63f23b20b2b8960b7585fd7ce4f07a8d0104cd,t
0x0258da40e011acb8e0f6308d6dda4de363c9b604,t
0xeb8285020bf6d3bc3de1b3b94cacc41375052747,t
0x29fce8d55658bd856260877ae66d6ec6ff10435d,t
0x678ae808937b6827927f61aae0ac802d71471bcb,t
0x07b33c3fb4fc2a7d5199138aab0fe9fdbe3232e3,t
0xf2d32620afe1d9f752c7347e4d23456a67626fe6,t
0x53bad4e06b7b0244927bb03d43f3171c4b0349be,t
0xd704e37b724bed66c04b60997a9712535a38b1bd,t
0x9c431975e9e3ca2cf60ea909076e7136e95f2e03,t
0x9c8bc91552180ee117d5b1d838d3577a70a1b0a3,t
0x403a5a6afd8c1f7857bc9f90386f6412da0cd104,t
0x076a6962e849cbb5f0cd978872fd6d77344cf862,t
0xe6e646a562cff27c7916e0ba06685570ed507063,t
0x211c9f37d82cbfca60bb5fe2e058d0d08c481a19,t
0x4190b54b79bf24e3dd1f57d076e1dd76e826570a,t
0x094851331b49dd0675e20e7c5f34d3d185bbf200,t
0x516e8055a11ffa089826ed99341c082fdb150a8c,t
0x075359d5f4bade9790ea442f665ffda4296c239f,t
0xeb8967d4d52281d88af7063629f3896053409a68,t
0x910933e32acb32ee23efe573b4d4b774f7fa5959,t
0xe88f5eab6f624745bcc1877948f741a22feecb5d,t
0xdfd0e94e990f224c54d6c9b2ba332d338b384087,t
0x613c659caa89fb7b929096e6d84014069e2cc681,t
0xf316046de977787c56e6e6b21adf7298989c6ce4,t
0x667ad620395588dadaf715a4fd37f9901c93c02f,t
0x077ff248e7e19529186a6f2e51a5e26097637a9e,t
0x2cf384b5a661a815ee775ce25eb8115c47faaf06,t
0x06fafb3620cf52577857013a48f8704968cdacee,t
0x4d2d447444bfd9a2d2ffdbb57130f29531ca6c5e,t
0x7ba44728108dcc5325d518f99bac4627c04d56be,t
0x06e1ab7b87a31052bbd20238fefe37759b33d272,t
0xc66c22779b17e86cef87d2fedf6d5257a53f52c7,t
0xcb9834ce2762d31d9cabab1a93e84ed9c7c7e73f,t
0x8b524c82750998617f950c85f132f39add57acff,t
0x2eb244a326ac30c4a8e53b428a06f0c195716bff,t
0x06b3564ef920fd55f19f95eb7114eab3ee83a192,t
0x486746fca289101de1c156782993f9b9f949964c,t
0xb0bdf2410fe8cd65019ea0366bf4416d8e7ffa07,t
0x43543e29ac926c31c652d3927ef33b9426474137,t
0x2fbc14a5cd55431c999079bc7f9fa4a1f8421504,t
0x2874c84f72d89fa292829ecf50ab868af4835126,t
0x78d4ec3a68474dd36c16310ee776c91bfd4792e6,t
0x84fc5a86f4f062a7fa29248a70d905f56145632a,t
0xd607fce24b45d4be5bc6b9aac0540bdff8ddf76b,t
0xe874a54f76a2b08406f7e86ca0665639adcde997,t
0x0dd9feee4179a2c237cdea25a4f9d4f41fdf1e1b,t
0x065d722a7d53481e2db6443c9e392e981929ea32,t
0x0656161115f361fc65bc7d9d659ddeb16617c2b8,t
0x22de31586f7088272cb48ca1561cdd20e9a9a769,t
0xbad3caf086fbadaa31cd44228023532c1b1707dd,t
0xdef68ace5a949c622d694c50b6b3ba3f7fdee2af,t
0x20871b38b922eb01fb534185905d0123218b3545,t
0x063f02ee9021d9eae33896d761d6b35a3c4c7b8a,t
0x8fe867c05774175ba57a4174e3c21522c3153e15,t
0x841c475bc0dbd4c95a7a94b65df0eda7631492e1,t
0x0631d328699e6fc00d3b3da07307e9c13acb6c86,t
0x06207d4037ef064d9b7c6786e5cfa888fcff2831,t
0x8c4cfaa396f22e67955f71d7edcfe13eb1917533,t
0x3befc9e856220d4f53f619a5973ab1bc9f095c7e,t
0x4e60710480b2d2dcd12bfdc546d9a2c71a7c1197,t
0x0602053a754e8cb4293f31e0ea813ce7390de249,t
0xc18bfebbe4dd1216ca0919b291662df25a9844c2,t
0x37d36c3a296afa824abe8133ffa1b972e19e7f44,t
0x1562b44ba60da298abd997400869bc02415c0b58,t
0xd9a397f2786ec638f9eeeede1aecb2331440c41d,t
0xd07753655a1a61cd1998c592ec166ca1d9fcae3e,t
0x97f0c0f957149557f6d61f9d895aab8102a00e11,t
0x83a1d4ea567036c6810e69755abada6e8d581a74,t
0x9f3d352cae9cb98a3a469534a81b8fc1e6b281a8,t
0x47c4e9e28602745bda54b7b3cfc97782cd7eea9e,t
0xfd58c6cddd2cb14df2a81ebdf127a2d4ef07fa13,t
0xa5df81bdfbd954eac96a9610d80eebbf51c6d10b,t
0xfccaa4207d350d1e36f1599b51086bbb7fceaeea,t
0x05977596e01a12fe20d390739bddb1565e019269,t
0xcd708888f7308d4db984dcd1ea37580b128c699d,t
0x2c8d79a636dcbeeff884619d8081fa25f4cdd8de,t
0x0588cac66de97d3eb8fcec1911cd4401b8ba0713,t
0xa8380cde59ac43a36404abdfc043fa59242fea68,t
0x561f10fa8f8eb35d412f5c97701cf7a8f0f6fec3,t
0x8ea6d891c37164a93819a865204d3329783768cc,t
0x0579f0726e0404dd418232c2374df30c3d44e3a0,t
0x8c0a6be136f8c3be8282e937aa03afe9cc86ec9b,t
0x2121ec175312ef5475d435433b04e691a03d7971,t
0x056028d6017a69d618c650ba98e473aa5d82eda0,t
0x576feb15dc99cd713ae91d2ed9e85abf6693f0b2,t
0x8003bd02de70ed0df3cd6366f141d334872e6c9b,t
0x53d2abfda5f069ec787a4155fa1c1650645360ec,t
0x24d18cd77d4e77a569d30b9fb146ef02d4939ab0,t
0x17b3eca7025496ce58aa72d28856240036901a52,t
0xc74ecb05a56dd2dc5316405debc6bb316c458b1e,t
0x1f5095ea996ac6a477e57ae41866435091bf3896,t
0xefb0e9c89c4d1ca6134d6a9b56b8f382799eb275,t
0x30f30aa7b496e08ac81f58b208f37dee23dde92d,t
0x0c311dbff7ca71c5407c0b488a778813afab458e,t
0x40718117fcece610a90a8952aea81c6f838883f4,t
0x0503e7471f8da25255aaf1dd730ef633e5d9b9a5,t
0xdb876a4be52ae56740fc11bc1f7fc2e1ae5f7007,t
0x04fb5857bd5d98780602b84bf03eabdb0d3ff90b,t
0x1a071e12caaf99f9bad010a9279d125d47ea6954,t
0xe6e6a32c780dbff46c70b925c29e9c2defd37dfc,t
0xe20a5a2b8d18f17a8df54947b9014bf878e75f1c,t
0x7cce0c8d9babc994ecf5def2f558513d7b1bc3dc,t
0xfd74c063d86b2de35b0c495d3413381ed640d966,t
0x6c7a056b6d81dd4ad2ed450d70904092ad5b9600,t
0x914c4c2d50ebf786f16dcdafafe385b74a8d6f7b,t
0x49842a326150992fe4f1290021084baf5f1197b9,t
0x228510c84f1c71c79a5f500471653d98f70d577a,t
0x4647c1f65b5fe71409616c6146b53ccbe041b548,t
0x1d227402bc56265ab147e18393332d2089a49a6d,t
0x8ab18695f344be64a376c0d6032600135aa3e764,t
0x7d87d528ccf16acf773e86d5e05878b7f1bb5196,t
0x4a2bb3faa87d5b3ffac59030fa2cfa3857eeb2be,t
0xc541f4881ea5122e2ce566dd34f5d2c16d80c03b,t
0x4c2d86c690036d9d393cd6c9f9d22a0f8174f3f3,t
0x57eb20dba9455a9b92a39d1cafa20e651521687d,t
0x5dfabd6448395886f8f46f9fc854f828ec313ed4,t
0x52e70830785fb22d6ea975a4f56f563efc617daf,t
0xad1498754af477379cd70860cf7d68bfada520ce,t
0x19debb4733313f7d0da979b902f810d3feea06d9,t
0xfb9166fb3611e1c3cf7f44b51c14ed381e1e55dc,t
0x3ec7f19257e8af80d7714e4bdc6bb60907527007,t
0xeca7bea39f2e4fe1ee69124dd9a223e99c151fe6,t
0x118f822cf5901e5c5549c146b0fd7ffdb3d737fe,t
0xb5764eaa39eb2b16b1193415c8f334ae8e0b67a2,t
0xb697b499229daba8309abd15d9b0a0350e38a946,t
0x9d47effff11ab5cba4dcc31f6807323c78b015b8,t
0xabec673d63168db21593b3f2ec5afef293de9548,t
0x045b508e2896e80106793ce653b8de1fe8427a58,t
0x620ebb950dff1ccd6619bdf428fae4d4ba6fe8cb,t
0x66bafd3b821d546026c534f14dd43302d371dacd,t
0x720138440923770dbefdd5499a8e674443efe428,t
0xeaee9ce20f43e031b6820e0e085ad6a8f90f112f,t
0x041d8b23ed4a28cb4b40d09e7487c79c4ad06fc7,t
0xaa78a33d5f48d9a197ccf19345c1835a949c64c8,t
0x040336410e56970a9e758efee431a97d4616dc4a,t
0xa48d67c6294d52a6a3411572e6eb572e95481b8a,t
0x0bb806083f0cef18482128e9fd2a561d6a6ff5f5,t
0x7c698fd7aa06939a26a3c086eadbacdf682419c9,t
0x1ebbb77b9ff9e4f08b958e7c23c35cdb4a7303ba,t
0x11f26a5e1871a827bc7c9557d0380eb236a3f428,t
0x67b71928fdd75dee2360ffc17ac87c77242c3c9a,t
0xf6022fe5387e4968d5633ccf72b81d49e422fb2a,t
0x1f6e925125bc90d812afb0b17b5cb48f040c112d,t
0x9c82d1a3cc1474012ca88d16c31680c6a8d4d200,t
0x23f0ade7f8f9922c2330bc9ac9563c2f62aabe13,t
0x329743219a44f9a73912f6e644a275c4fe2d8c70,t
0xa3c1f0c6e1cc31ad490f7165b0043db24a93ea2c,t
0x0fb1a122875cd9bcc64ca337405f0260df749ad5,t
0x03bb23dc514b773479a5cc1d7809a22e0eb48abd,t
0xbe72665932ffd975f78c94f3915223c9155cc9b2,t
0x03ba272d947e06b92a8ed168a1727cc3a21efa0c,t
0x8e5ed0ab0cbfee63ba8bbd0817a5bc92489083fa,t
0xf472f67fd89880048539ff8a9c6a405fe2f646fc,t
0x90660fe232c2e195c0e1feb0f4070c4bd971d350,t
0xf54482e85a50fba351ac823d4e232524ef2b1edd,t
0xd6395592e3d962ab201f3980b87ab268a84af6e9,t
0xf5b8b4449d00263ca3d3699d5a3db7fcf1dbf829,t
0xbfdc7b80a3284aff57c045806a3b99ad446450a2,t
0x91a1b190d1a6dd44589b0a052aa7e148421360a2,t
0x1d3199f7d6d39afb6a1a952b4bf8a74aa5274310,t
0x8c09039ee86c86d88c6170cc57dcabf22e604532,t
0x7bd5058c807f68ff15d75087883f638a8e8f7796,t
0x4a33081bc88dfda3c626991a5ef4706210ee3198,t
0xe94011690b8fbfde813babfefce4b3021e718c4f,t
0x3899e50edb51c5f2bc745d1925bc23007cc6f0bc,t
0xaf33f3afabf71a6cdffcf4834ea37b485d223e70,t
0x977ce470898dcb619b997daadfa8557dfee59034,t
0xa5935a1769f09d787e83f4e141db79619af0c1c0,t
0xb47af99aa9657b656df52a8b025000d88569c3d7,t
0x4b9147a41324235554c9e185be040c075054ca0f,t
0xbcbbcaf6f1932ab57ebc11a34d457c2cd9ff2516,t
0xcf0114d6599d4e1e8275a66241f1c1cd1d2986c3,t
0x02ffaea9fdfac224bc3e74f09b64462b6d9bfebd,t
0xb91999a480abd1f7fb5869326e8ec1cc356f6ac1,t
0x037a00b32febda55801ec31301a706ad79c7b2a0,t
0x7df5a2136b6d79b1c1a955e3a1933d3ddb8276a7,t
0x99406b5023de19b4405fac9fee5cd7f75916a384,t
0x66aedccc6579d635bf80756249f42cc488aecedc,t
0xd1e7cfedfec65972f4cf7d7ce719ad2793e96ef8,t
0x0ac3f88687b80b3524bc933ca3d2424c535a34f9,t
0x3a724d13962a216b7ec20b525e8fb89e6f7f6557,t
0x63851954fb13317338ba226becba85b15aa2359b,t
0x02bc73b0707d2cad6c3d3f7754bf51ccdc1f2440,t
0x8f54d7a96aeb49748530e567538baeffbd0adbae,t
0x880d6b5bac38df2baa2ff90a40c5095e43539f73,t
0xc2cc5cd08759915add4d1e4df98e1e5760babe20,t
0x44320fcd808c9fa28916b1fdcd1e42f0cae5aedd,t
0x0bf4c9438c74d99a9464d2dee398549c48ffa6c4,t
0x95b8d868bdbbdbeea27bc1a86c54f2d0f3c1743e,t
0x5cbf5283116f5a338c2cbe92c145a194e87a8d61,t
0xc0141833648f2f853b2aeec944af2b8c9a9f74bf,t
0x3ef39bfc882b1c9160d19344d6a615860ec76b65,t
0x5676be03bd1255e297fcf54d26ed978e788bb244,t
0x0d6e881b1087c76e614474d5d1c97c6b476ae9e7,t
0x6697d1ade461e06d96ac80efffc19aa9a23409d1,t
0x827ce9caf11bb96cf4b33af2947f552e515e1194,t
0xfb628ecea6dd9f1e1abab6e80c301273e42eb478,t
0x1945586d70a1177efbb9ea2b35f83912a7863323,t
0x30552e8506b8eee1552a31b37c51883c9d66ec21,t
0x5bceeb6eefd4bc90151f2be3c432fcf6348d65bf,t
0x0244480cbbaf1ddca3e5d487ed4e66ba80c371fe,t
0x90b2291ce87d0dea35fe51a48cddecb67198fa5e,t
0x960be6d387ae346abf17fc83897233c7661215af,t
0x023564db7bf5370abf2209d18edd09e01c2fc8b4,t
0x228a2c774ee8078dc0b00a89fd8e21ffdc05e8a2,t
0x0226fdc99d861067a243c7c9a6c1875309757fd1,t
0xecf8f9da2b4b87eb3dd801b92228e2287aa0ecd4,t
0x82d8e3c41b6c79df5fcd2a09e71178b75c498142,t
0x73c87db70b06daa7ba1f93b12f13601c815c4f97,t
0x88cbfd9ecd427df00d4cdab335c1b5845c877207,t
0x95c48c16f3acff8bdc764bc1774f227d13599549,t
0x417a526a6938c7e11f4f706892ce01e967167ef7,t
0x175e73f11b9d1d682e1eedfaab968ca7e7b6d570,t
0x01e00b99b3d81499aaca566f19e8030089c954c5,t
0x0e1358dca556608fb8c34f609604accfbcbf7228,t
0x01c9a2aafed18f825de3f9dfd9ebc524edf52683,t
0x8703a8dcde11f43c558accbb20c383c75e4da2c4,t
0x01ab07010c2f4bf5971537669cc19d5d8cf320a0,t
0x44b3945b0aec05075a24b132b8abcc4cb0247596,t
0x3e51280d784f81d87037ea27b644d1aa7a34fb19,t
0x019eefe84d8b665990dc0784dd2bd1c1d7a5ea99,t
0x18637e9c1f3bbf5d4492d541ce67dcf39f1609a2,t
0x01978a3609b57a77a539a31191a40f10f683dcf2,t
0x3ecf02fdf558b311fd9c9d55857283cd211ae9c0,t
0xb9e2682e6b94df805aab010d3a275565f2b93698,t
0x1f685d8691c8c4c5a538d7f7106b68c2e07592dd,t
0x2b403735a3039a1fadea7b04ad1bbdb2d6064e12,t
0x097a632eccd56490515118f1d5433c55b69d386f,t
0xc5a1c11ec7035ac93e18988735947ca785c722fd,t
0xdd109bdf7e0a7e8a0dd1afec8c1cfbb15816aa5b,t
0x01715e3b275447b37281f5a91a58b8e3b3436341,t
0x742871c19c9879b50b7fc4b82f1799fa0b09c482,t
0x4a82b708bbd440c9a903bcd32e5969a872a8bc70,t
0xbea3346a063005f0a34cb73c779e195b72d5f516,t
0x015df768ec74575220ae993d84dd03b9f6ead253,t
0x851c0d62be4635d4777e8035e37e4ba8517c6132,t
0xb678cb958aee7c3b611f0d71fc41daff8fde4f98,t
0x46084a44194d41ba3082dc5f139b9e73a154eedc,t
0xe1831aeb104e1a2b67dd40fcf23a9f1f79c17186,t
0x45c83875f6332a067399c7a18aa75b47fbd87a51,t
0xfdb742dc874f64eb4fd0d364ee3f6b0415192cf5,t
0x0f4fd56a87827b3ad5f2487baaccaf373b401bc0,t
0xc016efe9f6b190b4db4d70236362ce24e7a7dafa,t
0x19dd9425fc3bff996d0eb3f21afb457c467d1882,t
0xc7ed55b6d380a00b75c827344a108d36d0e754aa,t
0x0108abdab17c76db57442072506c68023927bd20,t
0x6bd01e64f12143cae3df54fddf84c80c709a550e,t
0x124b47f21c7bfcb8e898c116e6baf6ef6350abc5,t
0x00db9c054da9e66e34810d274f3319c217ef871f,t
0x00c0038b1e944b0d3a31761f3a24b1d449da5e9e,t
0x03ebcfe000c671bddaff3ddb9bb1883ca26173e7,t
0x00b7fdf40b9a7288817b0fd3ba76d0e2db7f18b9,t
0x0539e13d881e1a029e972e2923aeccb4c996a1b2,t
0xdf7781a901cf5fdd51f514deb7e10cd69890c3a2,t
0xcd0e8724eaee517e352eabd97882657c74df6203,t
0xc0a183eea8112072dc1deaa81b7ad59a3f4a620f,t
0x439bd40d5577492c6eeb2f84f15c0ad28b968466,t
0x65ed477f4142dd8886c42ab6242251ae2ad25829,t
0x2601e55ec561e1bda78f974998c32ef52eb4762b,t
0xcc55db73d612fe300760fe98f33f8d0d428291da,t
0xcee481e0b78f473c0d121cdad05981f9e62d02f0,t
0xbbebf3ec12a976cf0ec3dcc775901bda214d4203,t
0x5e371ae539d9376bc96d2b5262d2f08e66531a38,t
0x5175e1e20182cabc6e75a614412fe7cd7ee723e9,t
0x005abfb87370b65fed9e6e0a4ced386dfaa0a8a3,t
0xa19f93e61bacfa3c6be0eb6d4fa5bacc00687993,t
0x52b5adfa90f9604257d5d915b27298d8a1cab503,t
0x004a97370ca3c6dc793835ba4ef2f6014618ce57,t
0xe3e92f1b78b835f9992b002631857e9b4c5e7bfa,t
0x9497be209984c99a1f6370c81b0fcb61e49a06bd,t
0xb7982772774b0d08f721768e4e1b064bcfa4bb4a,t
0x002ef3a473a83d6ec71c20cc33c3f3dc06d3f19a,t
0xc76c33a363dedbb255e675e7e9bd803ba4f79b9f,t
0xc650cc5582d7f5134fd86c87e16f31e42336475d,t
0x5f0120207a90b440390a8c77639aa3f1c723bfcc,t
0xbbf5fe43bd6e1442640062a072dce3218f69cbc3,t
0x697c1ac17ce2d78adbcba66f97ce9bb30e83fae8,t
0x00077218b3ea0388086e79efad4e4d7021f507f5,t
0xecabeec0ba8777e87ff91b2df334039b73b5f1cd,t
0x75f7f3569cabe54eeaf28fc1f6178b22193f69d5,t
